Question,Answer,Label,,
What is the admission criteria?,Students need <intermarks> marks in their <degree> to be considered.,admission,,
How can I get admission in this institute?,You must score at least <intermarks> in your <degree> to apply.,admission,,
What is the merit to get admission?,The merit cutoff is currently set at <intermarks> marks for <degree> holders.,admission,,
What are the eligibility criteria for admission?,Eligibility requires a minimum of <intermarks> marks in <degree>.,admission,,
How do I qualify for admission?,Qualification depends on achieving <intermarks> in your <degree> program.,admission,,
What marks are required for admission?,We require applicants to have <intermarks> marks in their <degree>.,admission,,
What percentage is needed for admission?,You'll need <intermarks> percentage in your <degree> to be eligible.,admission,,
What is the minimum marks required for admission?,The bare minimum is <intermarks> marks in your <degree> studies.,admission,,
What are the academic requirements for admission?,Academic requirements include <intermarks> marks in <degree>.,admission,,
What is the cutoff for admission?,Our admission cutoff stands at <intermarks> for <degree> students.,admission,,
What is the admission process?,First verify you have <intermarks> in <degree> then submit your application.,admission,,
How can I apply for admission?,With <intermarks> in <degree> you can start the application process.,admission,,
What are the steps to get admission?,1) Confirm you have <intermarks> in <degree> 2) Complete application,admission,,
What is the merit-based admission criteria?,Merit admission requires <intermarks> in your <degree> program.,admission,,
What is the academic criteria for admission?,We look for <degree> graduates with <intermarks> marks.,admission,,
What is the minimum percentage for admission?,<intermarks>% in <degree> is our minimum admission requirement.,admission,,
What is the eligibility for admission?,Basic eligibility is <intermarks> marks in your <degree>.,admission,,
What are the qualifications for admission?,Your <degree> with <intermarks> marks makes you qualified.,admission,,
What is the academic standard for admission?,We maintain <intermarks> as the standard for <degree> applicants.,admission,,
What is the performance criteria for admission?,Your <degree> marks should meet the <intermarks> benchmark.,admission,,
What is the grade requirement for admission?,You need grades equivalent to <intermarks> in your <degree>.,admission,,
What is the academic performance requirement for admission?,Demonstrated performance of <intermarks> in <degree> is required.,admission,,
What is the admission eligibility criteria?,<intermarks> in <degree> forms the core eligibility criteria.,admission,,
What is the admission qualification?,Your qualification is <degree> with minimum <intermarks> marks.,admission,,
What is the admission requirement?,The key requirement is <intermarks> in your <degree>.,admission,,
What is the admission standard?,Our standard is <intermarks> marks for <degree> applicants.,admission,,
What is the admission cutoff marks?,Current cutoff marks are <intermarks> for <degree> programs.,admission,,
What is the admission percentage requirement?,We require <intermarks> percentage in your <degree> results.,admission,,
What is the admission merit criteria?,Merit is judged by your <degree> marks (minimum <intermarks>).,admission,,
What is the admission academic criteria?,Academic screening requires <intermarks> in <degree>.,admission,,
What is the admission performance criteria?,Performance is measured by <intermarks> in your <degree>.,admission,,
What is the admission grade criteria?,Grade criteria specify <intermarks> equivalent in <degree>.,admission,,
What is the admission academic performance criteria?,We evaluate <degree> performance against <intermarks> standard.,admission,,
How can I get the fee challan,The fee challan is issued by the Data Cell of the institute,fee,,
Where do I collect my fee challan,You can collect it from the Data Cell office during working hours,fee,,
What if I lose my fee challan,Request a duplicate from the Data Cell after verification,fee,,
Is the challan issued by Data Cell,Yes the Data Cell handles all fee challan distribution,fee,,
Can I get duplicate fee challan,Yes the Data Cell issues duplicates after verifying details,fee,,
Who issues the fee challan forms,The institute's Data Cell is responsible for challan issuance,fee,,
Where to obtain fee payment challan,Visit the Data Cell office to get your payment challan,fee,,
What's the process for fee challan,Collect from Data Cell or request duplicate if lost,fee,,
How to replace lost fee challan,Get a duplicate from Data Cell after identity verification,fee,,
Are challans available at Data Cell,Yes Data Cell provides all fee challans during office hours,fee,,
When can I collect fee challan,During Data Cell's working hours,fee,,
Do I need ID for duplicate challan,Yes your details will be verified before issuing duplicate,fee,,
What office handles fee challans,The Data Cell manages all challan distribution,fee,,
Can someone else collect my challan,Yes with proper authorization and your student details,fee,,
Is there a fee for duplicate challan,No duplicates are issued free after verification,fee,,
What documents needed for challan,Student ID or registration details for verification,fee,,
How quickly can I get challan,Immediately during Data Cell working hours,fee,,
What if Data Cell is closed,Wait until their next working day for challan collection,fee,,
Can I get challan online,Currently challans are only available at Data Cell,fee,,
What are Data Cell timings,Check institute notice for Data Cell operating hours,fee,,
How many challans can I get,One original plus duplicates if needed,fee,,
Is challan available digitally,Not currently only physical copies from Data Cell,fee,,
What info is on fee challan,Payment details amount and student information,fee,,
Can I pay without challan,No you need the official challan for payment,fee,,
How to verify challan authenticity,Check with Data Cell if you have doubts,fee,,
What if challan has errors,Return to Data Cell immediately for correction,fee,,
Can I get advance fee challan,Challans are issued as per payment schedule,fee,,
Are challans semester specific,Yes each semester has its own payment challan,fee,,
What color is fee challan,Check with Data Cell as colors may vary,fee,,
Is signature required on challan,Yes all challans require proper authorization,fee,,
Can I photocopy my challan,Original must be presented for payment,fee,,
What banks accept fee challan,List of approved banks is on the challan,fee,,
How long is challan valid,Until the payment deadline passes,fee,,
Can I get challan by email,Not currently only physical copies available,fee,,
What if my name is wrong,Data Cell will correct errors before reissuing,fee,,
Is parent signature required,Only if specified by institute policy,fee,,
Can I get past due challan,Only for current semester payments,fee,,
How to check challan status,Confirm with Data Cell or accounts office,fee,,
What if challan is damaged,Request replacement from Data Cell,fee,,
Are there different challan types,Yes for different payment types and semesters,fee,,
Can I pay partial amount,Full payment is required as per challan,fee,,
How to confirm payment receipt,Keep bank receipt and check with accounts,fee,,
Is challan number important,Yes it's required for payment tracking,fee,,
What if I miss challan date,Contact Data Cell immediately for options,fee,,
Can I get extension on challan,Deadlines are fixed without extensions,fee,,
Is late fee on challan,Yes if payment is after deadline,fee,,
How to read challan details,Data Cell staff can explain all fields,fee,,
Can international students get challan,Yes through same Data Cell process,fee,,
What if challan is lost after payment,Keep your payment receipt as proof,fee,,
Are there weekend challan services,Only during regular working days,fee,,
How to verify duplicate challan,Data Cell will stamp it as duplicate,fee,,
What documents are required for admission?,You'll need to submit <requireddocs> to complete your admission.,admission,,
What are the necessary documents for admission?,Prepare these documents for admission: <requireddocs>,admission,,
What paperwork is needed for admission?,The admission paperwork includes: <requireddocs>,admission,,
What are the admission document requirements?,Our document requirements are: <requireddocs>,admission,,
What documents do I need to submit for admission?,For admission please submit: <requireddocs>,admission,,
What are the mandatory documents for admission?,These documents are mandatory: <requireddocs>,admission,,
What documents should I prepare for admission?,Have these ready for admission: <requireddocs>,admission,,
What are the supporting documents for admission?,Support your application with: <requireddocs>,admission,,
What documents are needed to apply for admission?,To apply you'll need: <requireddocs>,admission,,
What are the required paperwork for admission?,Required paperwork consists of: <requireddocs>,admission,,
What documents must I provide for admission?,You must provide: <requireddocs>,admission,,
What are the essential documents for admission?,Essential documents include: <requireddocs>,admission,,
What documents are compulsory for admission?,These compulsory documents are needed: <requireddocs>,admission,,
What are the admission application documents?,Application requires: <requireddocs>,admission,,
What documents are part of the admission process?,As part of admission submit: <requireddocs>,admission,,
What are the documents to submit for admission?,Submit these for admission: <requireddocs>,admission,,
What documents are included in the admission requirements?,Admission requirements include: <requireddocs>,admission,,
What are the admission file requirements?,Your admission file needs: <requireddocs>,admission,,
What documents are needed for the admission application?,For your application gather: <requireddocs>,admission,,
What are the documents required to complete admission?,To complete admission provide: <requireddocs>,admission,,
How does the institute handle admission for students,Admission is managed manually by showing student cards,admission,,
What is the admission process for visitors,Visitors must provide ID and reason for visit to get a visitor card,admission,,
Can students get admission without ID,No they must show student card or national ID with registration number,admission,,
What happens if a student forgets their admission card,They must show national ID and provide registration number for verification,admission,,
Who verifies visitors during admission,A designated staff member verifies all visitors,admission,,
Is there an automated admission system,No admission is currently managed manually by staff,admission,,
What ID do students need for admission,Students must present their student card or national ID with registration,admission,,
How are visitors processed during admission,Visitors state their purpose show ID and receive a visitor card,admission,,
What is required for student admission,Either student card or national ID with registration number,admission,,
Do visitors get temporary admission passes,Yes verified visitors receive visitor cards to wear or carry,admission,,
Who manages institute admission,Designated staff like security guards or gatekeepers,admission,,
What is the student verification process for admission,Show student card or national ID plus registration number,admission,,
Can alumni get admission with old student cards,No only current student cards are accepted for admission,admission,,
What documents can visitors show for admission,Any valid government-issued ID card or document,admission,,
Where do visitors get their admission passes,Visitor cards are issued at the admission point after verification,admission,,
How strict is the admission policy,All individuals must be properly verified before admission,admission,,
Are there different rules for student and visitor admission,Yes students show IDs while visitors get issued cards,admission,,
What is the purpose of visitor admission cards,To identify visitors during their stay in the institute,admission,,
Can someone get admission without verification,No all entrants must go through verification,admission,,
How long are visitor admission cards valid,Typically for the duration of that day's visit,admission,,
What if a visitor loses their admission card,They should report immediately to security staff,admission,,
Are there admission hours restrictions,The institute follows its operating hours for admission,admission,,
Do staff members need ID for admission,Yes staff must also show identification,admission,,
How are delivery personnel handled for admission,They follow visitor procedures with additional package verification,admission,,
What about parent admissions,Parents follow visitor procedures with student verification,admission,,
Can visitors enter student areas after admission,Only if authorized and accompanied as per policy,admission,,
Is there a sign-in process for admission,Yes visitors typically sign a logbook during verification,admission,,
What security measures are at admission points,Manual ID checks visitor logs and card issuance,admission,,
How are large groups handled for admission,Special arrangements must be made in advance,admission,,
Are there separate admission points,Often one main admission point with possible special access points,admission,,
What is the penalty for fake IDs during admission,Unauthorized admission attempts are reported to authorities,admission,,
How are contractors processed for admission,As visitors with additional work order verification,admission,,
Can students bring guests for admission,Yes but guests must follow visitor procedures,admission,,
What about evening admission,Evening admission follows the same verification procedures,admission,,
Are bags checked during admission,Random bag checks may be conducted as needed,admission,,
How are VIP visitors handled for admission,With prior notification and special escort arrangements,admission,,
What is the visitor card return policy after admission,Visitors must return cards when exiting premises,admission,,
Can visitor admission cards be reused,No new cards are issued for each visit,admission,,
How are student IDs verified during admission,Against institute records during the admission process,admission,,
What about temporary student admission,They receive temporary IDs following same admission rules,admission,,
Are there biometric checks for admission,Currently no just manual ID verification,admission,,
How are international students handled for admission,They must show valid student ID or passport,admission,,
What if a student's ID is expired at admission,They must get it renewed; temporary pass may be issued,admission,,
How are guest lecturers processed for admission,As visitors with prior authorization from faculty,admission,,
What about conference attendee admission,Pre-registered attendees follow streamlined visitor process,admission,,
Can visitors enter multiple times with one admission,Yes with their issued visitor card for that day,admission,,
How are student volunteers verified for admission,Through official volunteer lists at admission points,admission,,
What about maintenance staff admission,They have special IDs following similar verification,admission,,
Are there emergency admission exceptions,Only for authorized emergency personnel,admission,,
How are media visits handled for admission,With prior approval and special visitor procedures,admission,,
What is the child visitor admission policy,Children must be accompanied by verified adults,admission,,
Can students vouch for visitor admission,No all visitors must go through standard verification,admission,,
How are lost IDs replaced for admission,Through administrative office during working hours,admission,,
What about food delivery person admission,Brief admission allowed with order verification,admission,,
Are there vehicle admission checks,Yes both occupant and vehicle verification,admission,,
How are evening event attendees handled for admission,With special event passes or standard visitor process,admission,,
What is the re-admission policy,Students can re-enter with ID; visitors need card,admission,,
How are substitute teachers verified for admission,Through official faculty authorization lists,admission,,
What about government inspector admission,With prior notice and proper credentials,admission,,
Can visitors access all facilities after admission,Only authorized areas as per their visit purpose,admission,,
How are student family members handled for admission,As regular visitors with student verification,admission,,
What is the alumni admission policy,They follow standard visitor procedures,admission,,
Are there tour group admissions,Only with prior arrangement and supervision,admission,,
How are research collaborators verified for admission,Through faculty sponsorship and visitor process,admission,,
What about student organization guest admission,Must follow visitor procedures with group approval,admission,,
Can visitors return same day after admission,Yes with their issued visitor card,admission,,
How are equipment deliveries handled for admission,With work order verification and visitor procedures,admission,,
What is the policy for protesters at admission,No unauthorized gatherings allowed on premises,admission,,
How are student interviews conducted for admission,Interviewers follow visitor procedures,admission,,
What about job applicant admission,They follow visitor procedures with HR approval,admission,,
Can visitors use student facilities after admission,Only if specifically authorized for their visit,admission,,
How are student parents day admissions handled,Special arrangements made in advance,admission,,
What is the policy for lost and found at admission,Separate procedures not involving admission system,admission,,
Are there health checks during admission,Only if required by current health advisories,admission,,
How are student transfers verified for admission,Through official transfer documentation,admission,,
What about student readmission procedures,With valid reactivated student ID,admission,,
Can visitors take photos after admission,Only in authorized areas with permission,admission,,
How are student complaints handled at admission,Through proper channels not at admission points,admission,,
What is the policy on pets during admission,Typically not allowed except service animals,admission,,
How are service animals verified for admission,With proper documentation and identification,admission,,
What about student club event admission,Guests must follow visitor procedures,admission,,
How are student performances handled for admission,Audience follows visitor procedures,admission,,
What is the policy on political activities at admission,Not permitted without prior authorization,admission,,
How are fundraising visitors verified for admission,With proper authorization documentation,admission,,
Can visitors access the library after admission,Only if authorized for library use,admission,,
How are inter-university students handled for admission,With valid ID from their institution,admission,,
What about student teacher admission,They follow student admission procedures,admission,,
How are student teachers guests handled for admission,As regular visitors,admission,,
What is the policy on religious activities at admission,Only authorized religious activities permitted,admission,,
How are student emergencies handled during admission,Through proper emergency protocols,admission,,
What about student parking admission,Separate parking permit system in place,admission,,
How are disabled visitors assisted during admission,With proper access arrangements as needed,admission,,
What is the policy on noise levels at admission,Reasonable noise levels must be maintained,admission,,
How are student protests handled during admission,Through proper administrative channels,admission,,
What about student election campaigning at admission,Campaigning follows institute policies,admission,,
How are student surveys conducted during admission,Through approved methods and locations,admission,,
What is the policy on distributing flyers at admission,Only approved materials through proper channels,admission,,
How are student grievances addressed at admission,Through official grievance procedures,admission,,
What about student publication distribution at admission,Must follow institute publication policies,admission,,
How are student rehearsals handled for admission,Following normal facility use policies,admission,,
What is the policy on student artwork display at admission,Must follow display policies and procedures,admission,,
How are student experiments conducted during admission,In approved areas with proper supervision,admission,,
What about student fieldwork admission procedures,Following proper authorization procedures,admission,,
How are student internships verified for admission,Through official documentation,admission,,
What is the policy on student surveys at admission,Must be approved by administration,admission,,
How are student meetings conducted during admission,In approved spaces following policies,admission,,
What about student performance admission procedures,Must follow event policies and procedures,admission,,
How are student exhibitions handled for admission,With prior approval and proper supervision,admission,,
What is the policy on student research admission,Must follow ethical guidelines and approvals,admission,,
How can I pay the fee,You pay the fee via <banks>,fee,,
What are the payment methods,Payment is accepted through <banks>,fee,,
Where can I pay my fees,Fees can be paid at <banks>,fee,,
Which banks accept fee payments,The fee can be paid at <banks>,fee,,
How do I make fee payment,Make your payment at <banks>,fee,,
What options exist for fee payment,Pay your fees through <banks>,fee,,
Where should I deposit the fee,Deposit your fee payment at <banks>,fee,,
Through what channels can I pay,Payment channels include <banks>,fee,,
At which locations can I pay,You can pay at <banks>,fee,,
What are the payment locations,Fee payment locations are <banks>,fee,,
Which financial institutions accept payment,Payment is processed at <banks>,fee,,
How is fee payment processed,Payments are processed via <banks>,fee,,
What banks handle fee payments,<banks> handle all fee payments,fee,,
Where do I submit fee payment,Submit your payment at <banks>,fee,,
What are approved payment points,Approved payment points are <banks>,fee,,
How to complete fee payment,Complete payment at <banks>,fee,,
What are the payment banks,The payment banks are <banks>,fee,,
Where can fee be deposited,Fee deposits are accepted at <banks>,fee,,
Through which banks to pay,Make payments through <banks>,fee,,
What's the payment procedure,The procedure is to pay at <banks>,fee,,
Which payment centers accept fees,Payment centers include <banks>,fee,,
How to submit fee payment,Submit payment at <banks>,fee,,
What are the payment options,Your payment options are <banks>,fee,,
Where to send fee payment,Send your payment to <banks>,fee,,
At what banks can I pay,You can pay at <banks>,fee,,
What's the fee payment process,The process is to pay via <banks>,fee,,
How are fees collected,Fees are collected through <banks>,fee,,
What banking options exist for payment,Payment banking options are <banks>,fee,,
Where is payment accepted,Payment is accepted at <banks>,fee,,
What's the method to pay fees,The method is to pay at <banks>,fee,,
Does BIIT offer installment plans for fee payment?,BIIT provides flexible payment options through <tinstallement> installments,fee,,
Can I pay my fees in installments at BIIT?,Yes you can divide your fees into <tinstallement> convenient installments,fee,,
Is there an option to pay fees in installments at BIIT?,BIIT supports fee payment in <tinstallement> scheduled installments,fee,,
Does BIIT provide installment options for fee payments?,The institute allows payment through <tinstallement> structured installments,fee,,
Can I split my fee payment into installments at BIIT?,Your fees can be divided into <tinstallement> manageable installments,fee,,
Is fee payment in installments available at BIIT?,Yes BIIT accepts fees through <tinstallement> installment payments,fee,,
Does BIIT permit paying fees in installments?,Students may pay fees in <tinstallement> approved installments,fee,,
Can I pay my tuition fees in installments at BIIT?,Tuition fees can be paid across <tinstallement> planned installments,fee,,
Is there a facility to pay fees in installments at BIIT?,BIIT has provisions for <tinstallement> installment payments,fee,,
Is there a phased payment option at BIIT?,Fees can be paid in <tinstallement> phased installments,fee,,
How many installments are allowed for fee payment?,BIIT permits payment through <tinstallement> installments,fee,,
What is the maximum number of installments?,The institute allows <tinstallement> payment installments,fee,,
Can I choose my installment plan?,You can select from <tinstallement> predefined installment options,fee,,
What's the installment payment structure?,BIIT offers <tinstallement> installment payment structures,fee,,
Are there different installment options?,Yes there are <tinstallement> installment choices available,fee,,
How flexible are payment installments?,BIIT provides <tinstallement> flexible installment plans,fee,,
Can I customize my installment plan?,The standard options include <tinstallement> installments,fee,,
What's the duration for installments?,Payments can be spread across <tinstallement> periods,fee,,
Is there an installment payment form?,Yes available for <tinstallement> installment requests,fee,,
When are installment payments due?,Due dates vary across the <tinstallement> installments,fee,,
Can I pay more installments than allowed?,The maximum is <tinstallement> installments,fee,,
What if I miss an installment payment?,Late fees apply on the <tinstallement> installments,fee,,
Are installments available for all programs?,Most programs allow <tinstallement> installments,fee,,
Do international students get installments?,Yes with <tinstallement> payment options,fee,,
Is there interest on installments?,No interest on the <tinstallement> installments,fee,,
Can I change my installment plan?,Changes allowed within the <tinstallement> options,fee,,
What's the minimum installment amount?,Calculated by dividing total by <tinstallement>,fee,,
Are installments automatic or manual?,Manual payments for each of <tinstallement> installments,fee,,
Can I pay some installments early?,Yes any of the <tinstallement> can be prepaid,fee,,
Is there an installment payment deadline?,Each of the <tinstallement> has its own deadline,fee,,
What is the complete admission cost for BSCS?,The total admission fee for BSCS is <totaladmissionfee> which includes <admissionfee> admission fee and <semesterfee> per semester.,fee,,
How much is the full admission package for BSAI?,For BSAI the total is <totaladmissionfee> (admission: <admissionfee> semester: <semesterfee>).,fee,,
What's the entire fee structure for BSSE?,BSSE fees: <admissionfee> admission + <semesterfee> per semester = <totaladmissionfee> total.,fee,,
Can you break down the BSCS fee structure?,BSCS fees include <admissionfee> admission and <semesterfee> per semester totaling <totaladmissionfee>.,fee,,
What does BSAI admission include financially?,BSAI costs <totaladmissionfee> total (<admissionfee> admission + <semesterfee> semester).,fee,,
How are BSSE program fees calculated?,BSSE: <admissionfee> admission + <semesterfee> semester = <totaladmissionfee> overall.,fee,,
What is the base admission fee for BSCS?,The admission-only fee for BSCS is <admissionfee>.,fee,,
How much is just the admission charge for BSAI?,The admission component for BSAI is <admissionfee>.,fee,,
What's the pure admission cost for BSSE?,For BSSE the admission fee alone is <admissionfee>.,fee,,
What is the per-semester fee in BSCS?,The semester fee for BSCS is <semesterfee>.,fee,,
How much is each BSAI semester?,BSAI semester fees are <semesterfee> per term.,fee,,
What's the per-term cost for BSSE?,Each BSSE semester costs <semesterfee>.,fee,,
What is the total first-year cost for BSCS?,First year BSCS: <admissionfee> + <semesterfee> = <totaladmissionfee>.,fee,,
How much to start in BSAI including first semester?,BSAI initial cost: <admissionfee> + <semesterfee> = <totaladmissionfee>.,fee,,
What's the upfront payment for BSSE?,BSSE requires <admissionfee> admission + <semesterfee> = <totaladmissionfee> initially.,fee,,
What is the admission component of BSCS fees?,The BSCS admission portion is <admissionfee> of the total <totaladmissionfee>.,fee,,
How much of BSAI fee is just admission?,<admissionfee> of BSAI's <totaladmissionfee> is for admission.,fee,,
What percentage of BSSE cost is admission?,The admission fee <admissionfee> is part of BSSE's <totaladmissionfee> total.,fee,,
What are all BSCS fee components?,BSCS: Admission <admissionfee> + Semester <semesterfee> = Total <totaladmissionfee>.,fee,,
Can you list BSAI fee breakdown?,BSAI: <admissionfee> admission + <semesterfee> semester = <totaladmissionfee>.,fee,,
What makes up BSSE program fees?,BSSE fees consist of <admissionfee> admission and <semesterfee> semester charges.,fee,,
How much is BSCS without semester fees?,BSCS admission without semester fees: <admissionfee>.,fee,,
What's BSAI cost before semester charges?,BSAI base admission: <admissionfee> before <semesterfee> semester fees.,fee,,
What does BSSE admission exclude?,BSSE admission <admissionfee> excludes <semesterfee> semester payments.,fee,,
What is the minimum payment to join BSCS?,Minimum BSCS payment: <admissionfee> admission fee.,fee,,
How much to secure BSAI admission?,To secure BSAI spot: <admissionfee> admission payment.,fee,,
What's the deposit for BSSE program?,BSSE requires <admissionfee> admission payment initially.,fee,,
What is the recurring fee for BSCS?,After admission BSCS costs <semesterfee> per semester.,fee,,
How much per term after BSAI admission?,Post-admission BSAI is <semesterfee> each semester.,fee,,
What are continuing fees for BSSE?,After initial <admissionfee> BSSE is <semesterfee> per term.,fee,,
What is the complete financial picture for BSCS?,BSCS: Pay <admissionfee> first then <semesterfee> per semester (<totaladmissionfee> first year).,fee,,
How do BSAI payments work?,BSAI: Initial <admissionfee> then <semesterfee> per term (<totaladmissionfee> at start).,fee,,
What's the payment schedule for BSSE?,BSSE: <admissionfee> upfront then <semesterfee> regularly (<totaladmissionfee> initially).,fee,,
What is the non-refundable part of BSCS fees?,BSCS's non-refundable admission: <admissionfee>.,fee,,
How much of BSAI fee is one-time?,BSAI one-time admission: <admissionfee>.,fee,,
What's the fixed cost in BSSE fees?,BSSE fixed admission cost: <admissionfee>.,fee,,
What is the variable part of BSCS fees?,BSCS variable cost: <semesterfee> per semester.,fee,,
How much does each BSAI term add?,Each BSAI term adds <semesterfee> to the initial <admissionfee>.,fee,,
What's the recurring part of BSSE costs?,BSSE recurring cost: <semesterfee> per semester after <admissionfee>.,fee,,
What is the initial outlay for BSCS?,BSCS initial outlay: <totaladmissionfee> (<admissionfee> + first <semesterfee>).,fee,,
How much cash needed upfront for BSAI?,BSAI upfront: <totaladmissionfee> (<admissionfee> + first <semesterfee>).,fee,,
What's the first payment for BSSE?,First BSSE payment: <totaladmissionfee> (<admissionfee> + initial <semesterfee>).,fee,,
What is the admission fee structure?,The fee structure includes <admissionfee> admission and <semesterfee> per semester.,fee,,
How are program fees structured?,Fees consist of <admissionfee> admission plus <semesterfee> each semester.,fee,,
What's included in the total program cost?,Total includes <admissionfee> admission and <semesterfee> semester fees.,fee,,
Can you explain the fee composition?,Fees: One-time <admissionfee> admission + recurring <semesterfee> semester charges.,fee,,
What are the two parts of the fees?,Two components: Admission <admissionfee> and semester <semesterfee> fees.,fee,,
How is the total fee calculated?,Total = Admission <admissionfee> + Semester <semesterfee> fees.,fee,,
What is the one-time admission charge?,The one-time admission fee is <admissionfee>.,fee,,
How much is the repeating semester fee?,The recurring semester fee is <semesterfee>.,fee,,
What's the difference between admission and semester fees?,Admission <admissionfee> is one-time semester <semesterfee> is recurring.,fee,,
Which fee is paid just once?,The single payment is admission fee <admissionfee>.,fee,,
Which fee repeats every term?,The semester fee <semesterfee> repeats each term.,fee,,
What is payable at enrollment?,At enrollment: Admission <admissionfee> + first semester <semesterfee> = <totaladmissionfee>.,fee,,
What are subsequent payments after joining?,After joining: <semesterfee> per semester.,fee,,
How much later payments after admission?,Post-admission: Pay <semesterfee> each semester.,fee,,
What is the first installment amount?,First installment: <totaladmissionfee> (<admissionfee> + <semesterfee>).,fee,,
What are follow-up payment amounts?,Follow-up payments: <semesterfee> per semester.,fee,,
Is the admission fee separate from tuition?,Yes <admissionfee> admission is separate from <semesterfee> semester tuition.,fee,,
Does the admission fee cover first semester?,No admission <admissionfee> is separate from first semester <semesterfee>.,fee,,
Are there two separate fee payments?,Yes: Initial <totaladmissionfee> (<admissionfee>+<semesterfee>) then <semesterfee> terms.,fee,,
What is the breakdown of initial payment?,Initial <totaladmissionfee> = <admissionfee> admission + <semesterfee> semester.,fee,,
How much is just the processing fee?,The processing/admission fee is <admissionfee>.,fee,,
What's the instructional fee per term?,Instructional/semester fee is <semesterfee> per term.,fee,,
What covers administrative costs?,Administrative costs are covered by <admissionfee> admission fee.,fee,,
What covers teaching costs?,Teaching costs are covered by <semesterfee> semester fees.,fee,,
What is the non-academic portion of fees?,Non-academic portion: <admissionfee> admission fee.,fee,,
What is the academic portion of fees?,Academic portion: <semesterfee> per semester.,fee,,
How much for university services?,University services: <admissionfee> admission charge.,fee,,
How much for academic delivery?,Academic delivery: <semesterfee> each semester.,fee,,
What is the registration component?,Registration component: <admissionfee> of total fees.B31B72,fee,,
What is the tuition component?,Tuition component: <semesterfee> per semester.,fee,,
What part is for enrollment processing?,Enrollment processing: <admissionfee> admission fee.,fee,,
What part is for course instruction?,Course instruction: <semesterfee> semester charges.,fee,,
How much for becoming a student?,To become a student: <admissionfee> admission.,fee,,
How much for remaining a student?,To remain a student: <semesterfee> per term.,fee,,
What's the new student fee?,New student fee: <admissionfee> admission charge.,fee,,
What's the continuing student fee?,Continuing student fee: <semesterfee> per semester.,fee,,
What is the entry fee?,Entry fee: <admissionfee> admission charge.,fee,,
What is the continuation fee?,Continuation fee: <semesterfee> each term.,fee,,
How much to begin studies?,To begin: <admissionfee> admission payment.,fee,,
How much to continue studies?,To continue: <semesterfee> per semester.,fee,,
What's the starting cost?,Starting cost: <admissionfee> admission fee.,fee,,
What's the ongoing cost?,Ongoing cost: <semesterfee> per term.,fee,,
What is paid at application?,At application: <admissionfee> admission charge.,fee,,
What is paid during studies?,During studies: <semesterfee> semester fees.,fee,,
What's the pre-study cost?,Pre-study cost: <admissionfee> admission.,fee,,
What's the in-study cost?,In-study cost: <semesterfee> per semester.,fee,,
What covers enrollment?,Enrollment covered by <admissionfee>.,fee,,
What covers attendance?,Attendance covered by <semesterfee>.,fee,,
What's the admission tariff?,Admission tariff: <admissionfee>.,fee,,
What's the semester tariff?,Semester tariff: <semesterfee>.,fee,,
How much for program entry?,Program entry: <admissionfee>.,fee,,
How much per program term?,Per program term: <semesterfee>.,fee,,
What's the initiation fee?,Initiation fee: <admissionfee>.,fee,,
What's the maintenance fee?,Maintenance fee: <semesterfee>.,fee,,
Are there any focus areas in the final year?,Yes The focus areas available in <specializations> covering <technologies>,course,,
What specialization options are offered?,Yes Students can choose from <specializations> specializing in <technologies>,course,,
Can students select concentrations?,Yes Concentrations available in <specializations> focusing on <technologies>,course,,
Are there elective tracks in senior year?,Yes Elective tracks in <specializations> involving <technologies>,course,,
What are the final year specialization choices?,Yes Options include <specializations> with <technologies>,course,,
Does the program offer specialized paths?,Yes Specialized paths in <specializations> using <technologies>,course,,
Are there technical tracks available?,Yes Technical tracks in <specializations> featuring <technologies>,course,,
What are the area of emphasis options?,Yes Emphasis areas include <specializations> with <technologies>,course,,
Can I specialize in specific technologies?,Yes Specializations in <specializations> covering <technologies>,course,,
What advanced topics can I focus on?,Yes Advanced topics in <specializations> including <technologies>,course,,
Are there domain specializations offered?,Yes Domain specializations in <specializations> utilizing <technologies>,course,,
What technical concentrations exist?,Yes Concentrations in <specializations> working with <technologies>,course,,
Are there focused study options?,Yes Focused study in <specializations> applying <technologies>,course,,
What are the specialization streams?,Yes Streams available in <specializations> implementing <technologies>,course,,
Can I pick a technical emphasis area?,Yes Emphasis areas in <specializations> exploring <technologies>,course,,
Are there optional specializations?,Yes Optional specializations in <specializations> featuring <technologies>,course,,
What are the major focus areas?,Yes Major focus areas in <specializations> with <technologies>,course,,
Does the curriculum allow specialization?,Yes Specializations available in <specializations> using <technologies>,course,,
What are the technical focus options?,Yes Technical focus options in <specializations> covering <technologies>,course,,
Are there discipline-specific tracks?,Yes Discipline-specific tracks in <specializations> involving <technologies>,course,,
Can students select technical paths?,Yes Technical paths in <specializations> working with <technologies>,course,,
What are the specialization modules?,Yes Modules in <specializations> applying <technologies>,course,,
Are there advanced concentration areas?,Yes Advanced concentrations in <specializations> featuring <technologies>,course,,
What elective specializations exist?,Yes Elective specializations in <specializations> including <technologies>,course,,
Are there technical specialization choices?,Yes Technical specializations in <specializations> exploring <technologies>,course,,
What are the final year focus tracks?,Yes Focus tracks in <specializations> utilizing <technologies>,course,,
Can I choose a study concentration?,Yes Study concentrations in <specializations> with <technologies>,course,,
Are there subject specializations?,Yes Subject specializations in <specializations> implementing <technologies>,course,,
What technical streams are offered?,Yes Technical streams in <specializations> covering <technologies>,course,,
Are there optional focus areas?,Yes Optional focus areas in <specializations> featuring <technologies>,course,,
What are the senior year electives?,Yes Senior electives in <specializations> using <technologies>,course,,
Can students select technical focuses?,Yes Technical focuses in <specializations> involving <technologies>,course,,
Are there advanced study options?,Yes Advanced study in <specializations> working with <technologies>,course,,
What are the specialization pathways?,Yes Pathways in <specializations> applying <technologies>,course,,
Are there technical emphasis options?,Yes Technical emphasis in <specializations> exploring <technologies>,course,,
What concentration tracks exist?,Yes Concentration tracks in <specializations> featuring <technologies>,course,,
Are there specialized study areas?,Yes Specialized study in <specializations> including <technologies>,course,,
What are the technical track options?,Yes Technical track options in <specializations> utilizing <technologies>,course,,
Can I specialize in certain fields?,Yes Specializations in <specializations> with <technologies>,course,,
Are there advanced focus tracks?,Yes Advanced focus tracks in <specializations> implementing <technologies>,course,,
What are the elective concentrations?,Yes Elective concentrations in <specializations> covering <technologies>,course,,
Are there technical specialization paths?,Yes Technical paths in <specializations> featuring <technologies>,course,,
What are the major specialization options?,Yes Major options in <specializations> using <technologies>,course,,
Can students pick technical streams?,Yes Technical streams in <specializations> involving <technologies>,course,,
Are there discipline focus areas?,Yes Discipline focus in <specializations> working with <technologies>,course,,
What are the advanced specialization choices?,Yes Advanced choices in <specializations> applying <technologies>,course,,
Are there technical study tracks?,Yes Technical study tracks in <specializations> exploring <technologies>,course,,
What are the optional technical focuses?,Yes Optional technical focuses in <specializations> featuring <technologies>,course,,
Can I choose a technical emphasis?,Yes Technical emphasis in <specializations> including <technologies>,course,,
Are there subject-specific focuses?,Yes Subject-specific focuses in <specializations> utilizing <technologies>,course,,
What are the senior specialization options?,Yes Senior options in <specializations> with <technologies>,course,,
Are there technical concentration areas?,Yes Technical concentration in <specializations> implementing <technologies>,course,,
What are the final year technical electives?,Yes Technical electives in <specializations> covering <technologies>,course,,
Can students select study emphases?,Yes Study emphases in <specializations> featuring <technologies>,course,,
Are there advanced technical tracks?,Yes Advanced technical tracks in <specializations> using <technologies>,course,,
What are the specialization subjects?,Yes Specialization subjects in <specializations> involving <technologies>,course,,
Are there technical pathway options?,Yes Technical pathway options in <specializations> working with <technologies>,course,,
Can I focus on specific technologies?,Yes Focus areas in <specializations> applying <technologies>,course,,
What are the technical study options?,Yes Technical study in <specializations> exploring <technologies>,course,,
Are there elective technical tracks?,Yes Elective technical tracks in <specializations> featuring <technologies>,course,,
What are the concentration choices?,Yes Concentration choices in <specializations> including <technologies>,course,,
Can students pick technical modules?,Yes Technical modules in <specializations> utilizing <technologies>,course,,
Are there advanced focus areas?,Yes Advanced focus in <specializations> with <technologies>,course,,
What are the technical specialization electives?,Yes Technical electives in <specializations> implementing <technologies>,course,,
Are there subject concentration options?,Yes Subject concentrations in <specializations> covering <technologies>,course,,
Can I choose a technical pathway?,Yes Technical pathways in <specializations> featuring <technologies>,course,,
What are the senior technical focuses?,Yes Senior technical focuses in <specializations> using <technologies>,course,,
Are there specialized technical tracks?,Yes Specialized technical tracks in <specializations> involving <technologies>,course,,
What are the optional technical streams?,Yes Optional technical streams in <specializations> working with <technologies>,course,,
Can students select technical subjects?,Yes Technical subjects in <specializations> applying <technologies>,course,,
Are there advanced technical focuses?,Yes Advanced technical focuses in <specializations> exploring <technologies>,course,,
What are the technical emphasis tracks?,Yes Technical emphasis tracks in <specializations> featuring <technologies>,course,,
Are there technical study modules?,Yes Technical study modules in <specializations> including <technologies>,course,,
What are the specialization pathways?,Yes Pathways in <specializations> utilizing <technologies>,course,,
Can I pick a technical concentration?,Yes Technical concentrations in <specializations> with <technologies>,course,,
Are there technical focus modules?,Yes Technical focus modules in <specializations> implementing <technologies>,course,,
What are the advanced technical options?,Yes Advanced technical options in <specializations> covering <technologies>,course,,
Are there technical discipline choices?,Yes Technical discipline choices in <specializations> featuring <technologies>,course,,
Can students select technical emphases?,Yes Technical emphases in <specializations> using <technologies>,course,,
What are the technical study areas?,Yes Technical study areas in <specializations> involving <technologies>,course,,
Are there technical subject tracks?,Yes Technical subject tracks in <specializations> working with <technologies>,course,,
What are the optional technical modules?,Yes Optional technical modules in <specializations> applying <technologies>,course,,
Can I choose a technical subject?,Yes Technical subjects in <specializations> exploring <technologies>,course,,
Are there technical pathway choices?,Yes Technical pathway choices in <specializations> featuring <technologies>,course,,
What are the senior technical options?,Yes Senior technical options in <specializations> including <technologies>,course,,
Are there technical specialization streams?,Yes Technical streams in <specializations> utilizing <technologies>,course,,
Can students pick technical focuses?,Yes Technical focuses in <specializations> with <technologies>,course,,
What are the advanced technical tracks?,Yes Advanced technical tracks in <specializations> implementing <technologies>,course,,
Are there technical concentration paths?,Yes Technical concentration paths in <specializations> covering <technologies>,course,,
What are the technical study pathways?,Yes Technical study pathways in <specializations> featuring <technologies>,course,,
Can I specialize in technical areas?,Yes Technical specializations in <specializations> using <technologies>,course,,
Are there technical emphasis modules?,Yes Technical emphasis modules in <specializations> involving <technologies>,course,,
What are the technical subject options?,Yes Technical subject options in <specializations> working with <technologies>,course,,
Are there technical focus pathways?,Yes Technical focus pathways in <specializations> applying <technologies>,course,,
Can students select technical streams?,Yes Technical streams in <specializations> exploring <technologies>,course,,
What are the technical specialization choices?,Yes Technical specialization choices in <specializations> featuring <technologies>,course,,
Are there technical discipline tracks?,Yes Technical discipline tracks in <specializations> including <technologies>,course,,
What are the optional technical subjects?,Yes Optional technical subjects in <specializations> utilizing <technologies>,course,,
Can I pick a technical study area?,Yes Technical study areas in <specializations> with <technologies>,course,,
Are there technical concentration modules?,Yes Technical concentration modules in <specializations> implementing <technologies>,course,,
What are the technical emphasis options?,Yes Technical emphasis options in <specializations> covering <technologies>,course,,
Are there technical subject focuses?,Yes Technical subject focuses in <specializations> featuring <technologies>,course,,
Can students choose technical modules?,Yes Technical modules in <specializations> using <technologies>,course,,
What are the technical pathway focuses?,Yes Technical pathway focuses in <specializations> involving <technologies>,course,,
Are there technical study streams?,Yes Technical study streams in <specializations> working with <technologies>,course,,
What are the technical specialization paths?,Yes Technical specialization paths in <specializations> applying <technologies>,course,,
Can I select a technical discipline?,Yes Technical disciplines in <specializations> exploring <technologies>,course,,
Are there technical focus subjects?,Yes Technical focus subjects in <specializations> featuring <technologies>,course,,
What are the technical concentration streams?,Yes Technical concentration streams in <specializations> including <technologies>,course,,
Hi,Hello! How can I assist you today?,admission,,
Hello,Hi there! What can I help you with?,admission,,
Hey,Hey! How may I assist you?,admission,,
Good morning,Good morning! How can I help you today?,admission,,
Good afternoon,Good afternoon! What would you like to know?,admission,,
Good evening,Good evening! How can I assist you?,admission,,
Salam,Walikum Salam! How may I help you today?,admission,,
Assalamu Alaikum,Wa Alaikum Salam! Feel free to ask your question.,admission,,
Hi there,Hi! What information are you looking for?,admission,,
Hello there,Hello! Let me know how I can assist you.,admission,,
Hey there,Hey! Need help with something?,admission,,
Hi I have a question,Sure! I'm here to help. What's your question?,admission,,
Hello can you help me,Absolutely! Please tell me what you need help with.,admission,,
Hi I need some info,No problem! What would you like to know?,admission,,
Hello I'd like to ask about admissions,Of course! What would you like to know about our admissions?,admission,,
Hi how are you,I'm doing well thank you! How can I help you today?,admission,,
Hey what's up,Hello! Ready to assist you - what do you need?,admission,,
Greetings,Greetings to you too! How may I help?,admission,,
Hi nice to meet you,Nice to meet you too! How can I assist you today?,admission,,
Hello is anyone there,Yes I'm here! How can I help you?,admission,,
Hey can we talk,Certainly! I'm here to answer your questions.,admission,,
Hi looking for information,Happy to help! What information do you need?,admission,,
Hello need guidance,Of course! What do you need guidance about?,admission,,
Hi I'm new here,Welcome! How can I assist you today?,admission,,
Hello I have an inquiry,I'd be happy to help with your inquiry. What is it about?,admission,,
Hi,Hello! How can I assist you with admissions today?,admission,,
Hello,Hi there! What admission information do you need?,admission,,
Hey,Hey! Any questions about our admission process?,admission,,
Good morning,Good morning! Ready to help with admission queries.,admission,,
Good afternoon,Good afternoon! Any admission-related questions?,admission,,
Good evening,Good evening! How can I help with admissions?,admission,,
How are you?,I'm just a bot but thanks for asking! Got any admission questions?,admission,,
Who are you?,I'm the admission assistant bot. How can I help with your application?,admission,,
What are you?,I'm an AI here to help with admission inquiries. What do you need?,admission,,
Where are you from?,I exist digitally to assist with admissions. What's your question?,admission,,
What's your name?,You can call me Admission Bot. Need help with applications?,admission,,
How old are you?,Age doesn't matter for admission help! What do you need to know?,admission,,
Are you human?,I'm an AI assistant focused on admission queries. How can I help?,admission,,
What time is it?,I don't track time but I can help with admission deadlines!,admission,,
What's the weather?,I specialize in admission info not weather. Got any school questions?,admission,,
Tell me a joke,Why did the student bring a ladder to school? For higher education! Now any admission questions?,admission,,
You're funny,Thanks! Now how can I assist with your admission process?,admission,,
I'm bored,Let's talk about exciting academic programs! Interested in admission info?,admission,,
What do you do?,I help students with admission procedures. What do you need help with?,admission,,
Do you like music?,I'm programmed to love admission discussions! Got any questions?,admission,,
Who made you?,I was created to assist with admission processes. How can I help you?,admission,,
What's your purpose?,My purpose is admission guidance. What would you like to know?,admission,,
Can you help me?,Absolutely! With admission matters that is. What's your question?,admission,,
What can you do?,I specialize in admission information. What program interests you?,admission,,
You're smart,Thanks! Let's use that for admission questions. What do you need?,admission,,
I'm tired,Maybe some exciting admission info will help! What program interests you?,admission,,
What should I do?,For admission-related decisions I can help! What's your question?,admission,,
Nevermind,Okay! Just ask if you have any admission questions later.,admission,,
Goodbye,Goodbye! Come back if you have admission questions!,admission,,
Bye,Bye! Remember I'm here for admission help anytime.,admission,,
See you later,See you! Don't hesitate to ask admission questions later.,admission,,
What is the yearly increase in the fee?,The total increment of fee per year is <incrementalfee>.,fee,,
How much does the fee go up each year?,The total increment of fee per year is <incrementalfee>.,fee,,
Can you tell me the annual fee hike?,The total increment of fee per year is <incrementalfee>.,fee,,
What’s the fee increment per academic year?,The total increment of fee per year is <incrementalfee>.,fee,,
How much more do I pay each year?,The total increment of fee per year is <incrementalfee>.,fee,,
Is there a yearly fee increase?,Yes the total increment of fee per year is <incrementalfee>.,fee,,
Does the fee increase every year?,Yes the fee increases by <incrementalfee> annually.,fee,,
What is the fee raise each year?,The yearly fee raise is <incrementalfee>.,fee,,
How much does the tuition increase annually?,The tuition fee increases by <incrementalfee> per year.,fee,,
Can you share the yearly fee growth?,Sure the yearly fee growth is <incrementalfee>.,fee,,
How much more is charged in fees every year?,The fee is increased by <incrementalfee> each year.,fee,,
Any idea about the fee increment annually?,Yes it’s <incrementalfee> per year.,fee,,
By how much does the fee rise per year?,The fee rises by <incrementalfee> annually.,fee,,
What is the expected yearly fee increment?,The expected fee increment each year is <incrementalfee>.,fee,,
What’s the average annual fee increase?,On average the fee increases by <incrementalfee> yearly.,fee,,
How much is the additional fee per year?,An additional <incrementalfee> is added every year.,fee,,
Do you charge more fee each year?,Yes the fee is increased by <incrementalfee> yearly.,fee,,
Is there a fixed annual fee increment?,Yes the fixed annual increment is <incrementalfee>.,fee,,
What’s the change in fee structure yearly?,The change in fee each year is <incrementalfee>.,fee,,
Can I know how the fee increases yearly?,Sure! The fee increases by <incrementalfee> every year.,fee,,
What is the annual fee increase?,The annual fee increase is <incrementalfee>.,fee,,
How much does the fee go up each year?,The fee increases by <incrementalfee> per year.,fee,,
What is the yearly fee increment?,Each year the fee rises by <incrementalfee>.,fee,,
How is the fee adjusted annually?,There is an annual adjustment of <incrementalfee> to the fee.,fee,,
What is the fee hike per year?,The yearly fee hike is <incrementalfee>.,fee,,
By how much does the fee increase yearly?,The fee increases by <incrementalfee> annually.,fee,,
What is the annual fee growth rate?,The fee grows by <incrementalfee> each year.,fee,,
How much more will I pay next year?,Next year's fee will be <incrementalfee> higher.,fee,,
What is the yearly fee escalation?,The fee escalates by <incrementalfee> per year.,fee,,
How does the fee change each year?,It increases by <incrementalfee> yearly.,fee,,
What is the per-year fee increment?,The per-year increment is <incrementalfee>.,fee,,
How much does the fee rise annually?,The annual rise is <incrementalfee>.,fee,,
What is the annual cost increase?,Costs increase by <incrementalfee> each year.,fee,,
What is the yearly tuition hike?,Tuition rises by <incrementalfee> annually.,fee,,
How much does tuition increase per year?,Tuition increases by <incrementalfee> yearly.,fee,,
What is the annual fee inflation rate?,The fee inflates by <incrementalfee> per year.,fee,,
How is the fee indexed each year?,It is indexed at <incrementalfee> annually.,fee,,
What is the fee adjustment rate per year?,The adjustment rate is <incrementalfee> per year.,fee,,
How much will fees increase next year?,Fees will increase by <incrementalfee> next year.,fee,,
What is the predicted fee increase?,The predicted increase is <incrementalfee> per year.,fee,,
Is there a yearly fee increase?,Yes the yearly increase is <incrementalfee>.,fee,,
What percentage does the fee increase yearly?,The annual percentage increase is <incrementalfee>.,fee,,
How much extra will fees cost next year?,Fees will cost <incrementalfee> more next year.,fee,,
What is the annual fee markup?,The yearly markup is <incrementalfee>.,fee,,
How much does the program fee increase yearly?,The program fee increases by <incrementalfee> annually.,fee,,
What is the annual fee surge?,The fee surges by <incrementalfee> each year.,fee,,
How much is added to fees each year?,<incrementalfee> is added to fees yearly.,fee,,
What is the yearly fee augmentation?,The annual augmentation is <incrementalfee>.,fee,,
How is the fee raised per year?,It is raised by <incrementalfee> annually.,fee,,
What is the annual fee uptick?,The yearly uptick is <incrementalfee>.,fee,,
How much does the fee climb per year?,The fee climbs by <incrementalfee> each year.,fee,,
What is the fee growth per year?,The annual growth is <incrementalfee>.,fee,,
How much does the fee jump yearly?,The fee jumps by <incrementalfee> per year.,fee,,
What is the annual fee boost?,The yearly boost is <incrementalfee>.,fee,,
How much does the fee scale each year?,It scales by <incrementalfee> annually.,fee,,
What is the fee increment per annum?,The per-annum increment is <incrementalfee>.,fee,,
How much does the fee inflate yearly?,The fee inflates by <incrementalfee> per year.,fee,,
What is the annual fee spike?,The yearly spike is <incrementalfee>.,fee,,
How much does the fee expand per year?,The fee expands by <incrementalfee> annually.,fee,,
What is the yearly fee addition?,The annual addition is <incrementalfee>.,fee,,
How much does the fee swell each year?,The fee swells by <incrementalfee> yearly.,fee,,
What is the annual fee leap?,The yearly leap is <incrementalfee>.,fee,,
How much does the fee step up per year?,The fee steps up by <incrementalfee> annually.,fee,,
What is the yearly fee progression?,The annual progression is <incrementalfee>.,fee,,
How much does the fee advance each year?,The fee advances by <incrementalfee> per year.,fee,,
What is the annual fee acceleration?,The yearly acceleration is <incrementalfee>.,fee,,
How much does the fee mount yearly?,The fee mounts by <incrementalfee> annually.,fee,,
What is the yearly fee amplification?,The annual amplification is <incrementalfee>.,fee,,
How much does the fee accumulate per year?,The fee accumulates <incrementalfee> yearly.,fee,,
What is the annual fee accretion?,The yearly accretion is <incrementalfee>.,fee,,
What is the fee payment deadline,The deadlines are 1st installment <deadline1fee> 2nd <deadline2fee> 3rd <deadline3fee>,fee,,
When are the fee installments due,Installment deadlines 1st <deadline1fee> 2nd <deadline2fee> 3rd <deadline3fee>,fee,,
Can you tell me the fee due dates,Due dates First payment <deadline1fee> second <deadline2fee> third <deadline3fee>,fee,,
What are the fee installment deadlines,Deadlines 1st <deadline1fee> 2nd <deadline2fee> 3rd <deadline3fee>,fee,,
When is each fee payment due,Payment deadlines 1st <deadline1fee> 2nd <deadline2fee> 3rd <deadline3fee>,fee,,
What dates are fees due,Fee due dates First <deadline1fee> Second <deadline2fee> Third <deadline3fee>,fee,,
When do I need to pay each installment,Pay by 1st <deadline1fee> 2nd <deadline2fee> 3rd <deadline3fee>,fee,,
What's the schedule for fee payments,Payment schedule 1st <deadline1fee> 2nd <deadline2fee> 3rd <deadline3fee>,fee,,
When are the three installments due,Three deadlines 1st <deadline1fee> 2nd <deadline2fee> 3rd <deadline3fee>,fee,,
Can I get all fee due dates,All deadlines 1st <deadline1fee> 2nd <deadline2fee> 3rd <deadline3fee>,fee,,
What are the three payment deadlines,Three payment dates 1st <deadline1fee> 2nd <deadline2fee> 3rd <deadline3fee>,fee,,
When must I pay each fee part,Each part due 1st <deadline1fee> 2nd <deadline2fee> 3rd <deadline3fee>,fee,,
What's the deadline for first installment,First installment due <deadline1fee>,fee,,
When is second payment due,Second payment due <deadline2fee>,fee,,
What's third installment deadline,Third installment due <deadline3fee>,fee,,
How many payment deadlines are there,Three deadlines 1st <deadline1fee> 2nd <deadline2fee> 3rd <deadline3fee>,fee,,
Can you list the fee deadlines,Deadlines 1st <deadline1fee> 2nd <deadline2fee> 3rd <deadline3fee>,fee,,
When should I pay each fee portion,Pay 1st by <deadline1fee> 2nd by <deadline2fee> 3rd by <deadline3fee>,fee,,
What are the three due dates,Three dates 1st <deadline1fee> 2nd <deadline2fee> 3rd <deadline3fee>,fee,,
When are payments expected,Payments expected by 1st <deadline1fee> 2nd <deadline2fee> 3rd <deadline3fee>,fee,,
What's the time frame for payments,Payment timeline 1st <deadline1fee> 2nd <deadline2fee> 3rd <deadline3fee>,fee,,
When do installments need paying,Installments due 1st <deadline1fee> 2nd <deadline2fee> 3rd <deadline3fee>,fee,,
What are the staged payment dates,Staged payments 1st <deadline1fee> 2nd <deadline2fee> 3rd <deadline3fee>,fee,,
When must each payment be made,Each payment due 1st <deadline1fee> 2nd <deadline2fee> 3rd <deadline3fee>,fee,,
What's the first payment cutoff,First payment cutoff <deadline1fee>,fee,,
When is the middle payment due,Middle payment due <deadline2fee>,fee,,
What's final installment deadline,Final installment due <deadline3fee>,fee,,
How are payments scheduled,Scheduled payments 1st <deadline1fee> 2nd <deadline2fee> 3rd <deadline3fee>,fee,,
What are the payment timeframes,Payment timeframes 1st <deadline1fee> 2nd <deadline2fee> 3rd <deadline3fee>,fee,,
When are installments payable,Installments payable by 1st <deadline1fee> 2nd <deadline2fee> 3rd <deadline3fee>,fee,,
What's the first fee deadline,First fee deadline <deadline1fee>,fee,,
What's the second payment date,Second payment date <deadline2fee>,fee,,
When is third payment required,Third payment required by <deadline3fee>,fee,,
Can I know all payment dates,All payment dates 1st <deadline1fee> 2nd <deadline2fee> 3rd <deadline3fee>,fee,,
What are the installment dates,Installment dates 1st <deadline1fee> 2nd <deadline2fee> 3rd <deadline3fee>,fee,,
When should payments be completed,Complete payments by 1st <deadline1fee> 2nd <deadline2fee> 3rd <deadline3fee>,fee,,
What's the payment plan schedule,Schedule 1st <deadline1fee> 2nd <deadline2fee> 3rd <deadline3fee>,fee,,
When are the three cutoffs,Three cutoffs 1st <deadline1fee> 2nd <deadline2fee> 3rd <deadline3fee>,fee,,
What's initial payment deadline,Initial payment deadline <deadline1fee>,fee,,
When is intermediate payment due,Intermediate payment due <deadline2fee>,fee,,
What's last payment cutoff,Last payment cutoff <deadline3fee>,fee,,
How are payment periods structured,Periods 1st <deadline1fee> 2nd <deadline2fee> 3rd <deadline3fee>,fee,,
What are the three payment periods,Payment periods 1st <deadline1fee> 2nd <deadline2fee> 3rd <deadline3fee>,fee,,
When must each installment be paid,Each installment due 1st <deadline1fee> 2nd <deadline2fee> 3rd <deadline3fee>,fee,,
What's first phase payment date,First phase payment date <deadline1fee>,fee,,
What's second phase due date,Second phase due date <deadline2fee>,fee,,
When is final phase payment due,Final phase payment due <deadline3fee>,fee,,
Can you give payment deadlines,Payment deadlines 1st <deadline1fee> 2nd <deadline2fee> 3rd <deadline3fee>,fee,,
What are the three payment phases,Payment phases 1st <deadline1fee> 2nd <deadline2fee> 3rd <deadline3fee>,fee,,
When are installment payments due,Installments due 1st <deadline1fee> 2nd <deadline2fee> 3rd <deadline3fee>,fee,,
What is the last date to apply for admission?,Applications close on <admissionlastdate> so make sure to submit before then.,admission,,
When is the deadline to apply for admission?,The admission deadline is <admissionlastdate> - don't miss it!,admission,,
What is the application deadline for admission?,You have until <admissionlastdate> to submit your admission application.,admission,,
What is the final date to submit the admission application?,<admissionlastdate> is your last chance to apply for admission.,admission,,
What is the closing date for admission applications?,We stop accepting applications after <admissionlastdate>.,admission,,
What is the cutoff date for admission applications?,Our system won't accept applications past <admissionlastdate>.,admission,,
What is the last day to submit the admission form?,Get your forms in by <admissionlastdate> at the latest.,admission,,
What is the final deadline for admission applications?,The absolute last date we can accept applications is <admissionlastdate>.,admission,,
What is the last date to apply for enrollment?,Enrollment applications must be received by <admissionlastdate>.,admission,,
What is the last date to submit the admission form?,Forms received after <admissionlastdate> won't be considered.,admission,,
What is the deadline for submitting the admission application?,Submit everything by <admissionlastdate> to be considered.,admission,,
What is the last date to apply for enrollment in the program?,Program enrollment closes on <admissionlastdate>.,admission,,
What is the final date to apply for admission to the institute?,The institute stops taking applications on <admissionlastdate>.,admission,,
What is the last date to apply for the course?,Course applications must be in by <admissionlastdate>.,admission,,
What is the last date to apply for the program?,The program stops accepting new applicants after <admissionlastdate>.,admission,,
What is the last date to apply for the degree?,Degree program applications close <admissionlastdate>.,admission,,
What is the last date to apply for the diploma?,Diploma applications won't be accepted after <admissionlastdate>.,admission,,
What is the last date to apply for the certificate?,Certificate program deadline is <admissionlastdate>.,admission,,
By when do I need to apply for admission?,Make sure to apply before <admissionlastdate> to secure your spot.,admission,,
Can I still apply for admission?,You can apply if it's before <admissionlastdate>.,admission,,
When will admission applications close?,Admissions will close on <admissionlastdate>.,admission,,
What is the final cut-off date to apply?,<admissionlastdate> is the final cut-off for applications.,admission,,
When is the last chance to submit the admission form?,The last opportunity to apply is before <admissionlastdate>.,admission,,
What’s the due date for admission applications?,All applications are due by <admissionlastdate>.,admission,,
When is the submission deadline for admission?,You must submit your application by <admissionlastdate>.,admission,,
How long do I have to apply for admission?,You have until <admissionlastdate> to complete your application.,admission,,
What is the time limit for applying to the program?,Submit your admission request by <admissionlastdate>.,admission,,
When are admission applications closing?,Applications will no longer be accepted after <admissionlastdate>.,admission,,
What's the final deadline for submitting forms?,Please ensure your forms are submitted before <admissionlastdate>.,admission,,
Do I still have time to apply?,Yes if it's before <admissionlastdate> you're good to go!,admission,,
What day is the deadline for new applicants?,New applicants must apply by <admissionlastdate>.,admission,,
Is there a deadline for enrollment?,Yes enrollment ends on <admissionlastdate>.,admission,,
When can I no longer apply for admission?,Applications close on <admissionlastdate>.,admission,,
Until what date are applications accepted?,We accept applications up to <admissionlastdate>.,admission,,
When does the admission window close?,The application window closes on <admissionlastdate>.,admission,,
What’s the closing deadline for forms?,Forms must be in before <admissionlastdate>.,admission,,
What is the last day to enroll in a course?,The enrollment deadline is <admissionlastdate>.,admission,,
How late can I apply for the upcoming intake?,You can apply until <admissionlastdate>.,admission,,
Do I still have time to submit my application?,Forms submitted after <admissionlastdate> are invalid.,admission,,
Do I still have time to submit my application?,Don't miss the final date: <admissionlastdate>.,admission,,
When does the admission process close?,We will stop accepting applications after <admissionlastdate>.,admission,,
What's the deadline for applying to the degree?,Make sure your application is in before <admissionlastdate>.,admission,,
Is there a cut-off date for applying?,The admission window closes on <admissionlastdate>.,admission,,
What's the last chance to apply?,All admission procedures must be completed by <admissionlastdate>.,admission,,
Until when can I apply for admission?,Enrollment closes officially on <admissionlastdate>.,admission,,
When does the course application period end?,<admissionlastdate> is the deadline for all applicants.,admission,,
Until when can I apply for admission?,Applications submitted after <admissionlastdate> won't be accepted.,admission,,
By what date must all admission forms be submitted?,All applications are due by <admissionlastdate>.,admission,,
When does the admission form submission close?,Make sure to finish your application before <admissionlastdate>.,admission,,
What is the final date to apply?,Ensure you apply on or before <admissionlastdate>.,admission,,
Do I still have time to submit my application?,No applications are accepted post <admissionlastdate>.,admission,,
When is the deadline to apply for admission?,Our institute considers only those applications received by <admissionlastdate>.,admission,,
Do I still have time to submit my application?,Applications submitted after <admissionlastdate> won't be accepted.,admission,,
By what date must all admission forms be submitted?,Enrollment closes officially on <admissionlastdate>.,admission,,
Is there still time to enroll?,Make sure your application is in before <admissionlastdate>.,admission,,
When will applications stop being accepted?,Late applications beyond <admissionlastdate> will not be processed.,admission,,
When does the admission process close?,Our institute considers only those applications received by <admissionlastdate>.,admission,,
By what date must all admission forms be submitted?,You must apply before <admissionlastdate> to be considered.,admission,,
What is the final date to apply?,Make sure your application is in before <admissionlastdate>.,admission,,
How long do I have to apply for the program?,The admission window closes on <admissionlastdate>.,admission,,
By what date must all admission forms be submitted?,The final date to apply is <admissionlastdate>.,admission,,
How long do I have to apply for the program?,Enrollment closes officially on <admissionlastdate>.,admission,,
By what date must all admission forms be submitted?,Forms submitted after <admissionlastdate> are invalid.,admission,,
What is the final date to apply?,Late applications beyond <admissionlastdate> will not be processed.,admission,,
Is there a cut-off date for applying?,The final date to apply is <admissionlastdate>.,admission,,
Is there a cut-off date for applying?,Make sure your application is in before <admissionlastdate>.,admission,,
Can I apply after admission lastdate?,No applications are accepted post <admissionlastdate>.,admission,,
Can I apply after admission last date?,"To join the program, submit everything by <admissionlastdate>.",admission,,
When will applications stop being accepted?,We will stop accepting applications after <admissionlastdate>.,admission,,
When is the deadline to apply for admission?,The final date to apply is <admissionlastdate>.,admission,,
Is the admission portal open after admission last date?,The final date to apply is <admissionlastdate>.,admission,,
How long do I have to apply for the program?,All applications are due by <admissionlastdate>.,admission,,
Is admission last date the last day to apply?,Submit your forms by <admissionlastdate> to ensure eligibility.,admission,,
When is the deadline to apply for admission?,All admission procedures must be completed by <admissionlastdate>.,admission,,
What day is the last for admission submissions?,The admission window closes on <admissionlastdate>.,admission,,
Is there a cut-off date for applying?,Our institute considers only those applications received by <admissionlastdate>.,admission,,
Is there a cut-off date for applying?,Forms submitted after <admissionlastdate> are invalid.,admission,,
Is admission last date the last day to apply?,Our institute considers only those applications received by <admissionlastdate>.,admission,,
When is the deadline to apply for admission?,All applications are due by <admissionlastdate>.,admission,,
By when must I complete the application process?,Applications submitted after <admissionlastdate> won't be accepted.,admission,,
Is admission last datethe last day to apply?,Our institute considers only those applications received by <admissionlastdate>.,admission,,
By when must I complete the application process?,You must apply before <admissionlastdate> to be considered.,admission,,
When will applications stop being accepted?,Forms submitted after <admissionlastdate> are invalid.,admission,,
What's the deadline for applying to the degree?,Our institute considers only those applications received by <admissionlastdate>.,admission,,
By what date must all admission forms be submitted?,Applications submitted after <admissionlastdate> won't be accepted.,admission,,
When does the course application period end?,Forms submitted after <admissionlastdate> are invalid.,admission,,
Do I still have time to submit my application?,All applications are due by <admissionlastdate>.,admission,,
When is the deadline to apply for admission?,"To join the program, submit everything by <admissionlastdate>.",admission,,
What's the last chance to apply?,You must apply before <admissionlastdate> to be considered.,admission,,
What is the final date to apply?,"To join the program, submit everything by <admissionlastdate>.",admission,,
When is the deadline to apply for admission?,Ensure you apply on or before <admissionlastdate>.,admission,,
Is the admission portal open after admission last date?,Ensure you apply on or before <admissionlastdate>.,admission,,
What's the deadline for applying to the degree?,"To join the program, submit everything by <admissionlastdate>.",admission,,
Until when can I apply for admission?,Make sure your application is in before <admissionlastdate>.,admission,,
Is the admission portal open after admission last date?,We will stop accepting applications after <admissionlastdate>.,admission,,
What day is the last for admission submissions?,Make sure your application is in before <admissionlastdate>.,admission,,
Is <admissionlastdate> the last day to apply?,Submit your forms by <admissionlastdate> to ensure eligibility.,admission,,
By when must I complete the application process?,No applications are accepted post <admissionlastdate>.,admission,,
When does the admission process close?,Enrollment closes officially on <admissionlastdate>.,admission,,
By when must I complete the application process?,We will stop accepting applications after <admissionlastdate>.,admission,,
By when must I complete the application process?,"To join the program, submit everything by <admissionlastdate>.",admission,,
What day is the last for admission submissions?,You must apply before <admissionlastdate> to be considered.,admission,,
Is the admission portal open after admission last date?,Applications submitted after <admissionlastdate> won't be accepted.,admission,,
Is the admission portal open after admission last date?,Late applications beyond <admissionlastdate> will not be processed.,admission,,
When does the admission form submission close?,You must apply before <admissionlastdate> to be considered.,admission,,
When does the course application period end?,Our institute considers only those applications received by <admissionlastdate>.,admission,,
By when must I complete the application process?,Don't miss the final date: <admissionlastdate>.,admission,,
What's the last chance to apply?,Enrollment closes officially on <admissionlastdate>.,admission,,
What's the deadline for applying to the degree?,All admission procedures must be completed by <admissionlastdate>.,admission,,
What's the last chance to apply?,Make sure to finish your application before <admissionlastdate>.,admission,,
What day is the last for admission submissions?,"To join the program, submit everything by <admissionlastdate>.",admission,,
What's the last chance to apply?,"To join the program, submit everything by <admissionlastdate>.",admission,,
Do I still have time to submit my application?,Make sure to finish your application before <admissionlastdate>.,admission,,
When is the deadline to apply for admission?,The system closes application submissions at midnight on <admissionlastdate>.,admission,,
Is the admission portal open after admission last date?,Make sure your application is in before <admissionlastdate>.,admission,,
Is there still time to enroll?,The final date to apply is <admissionlastdate>.,admission,,
Can I apply after admission last date?,Don't miss the final date: <admissionlastdate>.,admission,,
What's the last date to submit the application?,Submit your forms by <admissionlastdate> to ensure eligibility.,admission,,
How long do I have to apply for the program?,Make sure your application is in before <admissionlastdate>.,admission,,
When does the admission form submission close?,No applications are accepted post <admissionlastdate>.,admission,,
Until when can I apply for admission?,Ensure you apply on or before <admissionlastdate>.,admission,,
What day is the last for admission submissions?,All applications are due by <admissionlastdate>.,admission,,
Do I still have time to submit my application?,Make sure your application is in before <admissionlastdate>.,admission,,
When is the deadline to apply for admission?,The admission window closes on <admissionlastdate>.,admission,,
What happens if I miss the fee deadline?,A late fee fine is applied as mentioned on the challan form,fee,,
What are the consequences of late fee payment?,You must pay the original fee plus a late fine as specified,fee,,
Is there a penalty for paying fees after due date?,Yes a late fee fine is added to your original payment amount,fee,,
How much is the late fee charge?,The exact late fee amount appears on the challan after deadline,fee,,
What if I can't pay my fees on time?,A late payment fine will be added to your total due amount,fee,,
Do I pay extra if fees are late?,Yes the late payment fine is added to your original fee,fee,,
When does the late fee apply?,Immediately after the payment deadline passes,fee,,
Where can I see my late fee amount?,It's clearly shown on your updated challan form,fee,,
Can I avoid the late payment penalty?,No the fine is mandatory for payments after deadline,fee,,
How do I pay the late fee?,Along with your original fee using the updated challan,fee,,
What's the process for late fee payment?,Pay original amount plus fine shown on challan,fee,,
Will late payment affect my records?,Continued delay may block access to academic records,fee,,
Can results be withheld for late fees?,Yes results may be blocked until all payments clear,fee,,
How strict is the fee deadline?,Very strict - late payments incur immediate fines,fee,,
Is there grace period for fee payment?,No late fees apply immediately after deadline,fee,,
What are late payment consequences?,Original fee + fine and possible record blocks,fee,,
How much time do I have to pay fees?,Until the published deadline to avoid fines,fee,,
Where is late fee amount specified?,On your challan form after deadline passes,fee,,
Do late fees increase over time?,Continued delay may lead to additional penalties,fee,,
Can I negotiate the late fee?,No the late payment fine is non-negotiable,fee,,
What happens if I partially pay?,Full payment (original + fine) is required,fee,,
Will I get reminder before late fees?,You should note the published deadline date,fee,,
How to know my exact late fee amount?,Check the updated challan after deadline,fee,,
What payment methods accept late fees?,Same methods but must include the fine,fee,,
Can late fees be paid separately?,No must be paid with original due amount,fee,,
Is late fee percentage or fixed amount?,The exact amount appears on your challan,fee,,
What if I pay before deadline but it processes late?,Payment must be processed by deadline,fee,,
Do all programs have same late fees?,Check your specific program's fee policy,fee,,
Can financial aid cover late fees?,No late fees are the student's responsibility,fee,,
Are late fees refundable?,No late payment fines are non-refundable,fee,,
How soon after deadline is late fee applied?,Immediately after the deadline passes,fee,,
What system tracks late payments?,The academic records system enforces penalties,fee,,
Can late payment affect my enrollment?,Continued non-payment may impact enrollment,fee,,
Will I be notified about late fees?,Check your challan for updated amounts,fee,,
How to avoid late payment issues?,Pay in full before the published deadline,fee,,
What's the maximum late fee possible?,Continued delay increases penalties,fee,,
Do semester fees have same late policy?,Yes all fees follow the same late policy,fee,,
Can I get late fee waiver?,No waivers are granted for late payments,fee,,
What office handles late fee disputes?,All late fees are final without exception,fee,,
How does late payment affect transcripts?,Unpaid fees may block transcript access,fee,,
Are payment plans available after deadline?,Full payment (with fine) is required,fee,,
Can someone else pay my late fees?,Yes but must cover full amount due,fee,,
What if my late payment is also late?,Additional penalties may accumulate,fee,,
How to check if I owe late fees?,View your updated fee challan online,fee,,
Do late fees appear on my receipt?,Yes they're included in paid amounts,fee,,
Can I protest a late fee charge?,All late fees are automatically applied,fee,,
What system generates late fees?,The billing system automatically adds them,fee,,
Will late fees prevent course registration?,Outstanding balances may block registration,fee,,
How often are late fees assessed?,Immediately after each payment deadline,fee,,
What policy governs late payments?,The institute's published fee policy,fee,,
Can I pay late fee in installments?,No the full late amount is due immediately,fee,,
Does the campus have a library computer lab or gym,Yes students have access to a library computer lab and sports facility,admission,,
Are there study and athletic facilities available,Yes the campus provides a library computer lab and sports facility for student use,admission,,
What academic and recreational facilities are there,Students can use the library computer lab and sports facility on campus,admission,,
Can students access library and tech resources,Yes there's a library computer lab and also a sports facility available,admission,,
Are there places to study compute and exercise,The campus offers a library for study computer lab for work and sports facility for exercise,admission,,
What main facilities does the school provide,The institution maintains a library computer lab and sports facility for all students,admission,,
Is there a place for both study and sports,Yes we have a full library and computer lab for academics plus a sports facility,admission,,
Do you have research and fitness facilities,Students may use our library for research computer lab for projects and sports facility for fitness,admission,,
Are there book and athletic resources,Yes we offer a library with books a computer lab with technology and a sports facility,admission,,
What learning and recreation spaces exist,Our campus features a library computer lab and sports facility to serve all student needs,admission,,
Can I use computers and play sports here,Yes the computer lab is available for academic work and the sports facility for physical activities along with our library,admission,,
Are there quiet study and active spaces,The library provides quiet study areas while the sports facility offers active spaces plus we have a computer lab,admission,,
What student amenities are provided,Key amenities include a well-stocked library modern computer lab and comprehensive sports facility,admission,,
Is there both academic and athletic infrastructure,The campus has excellent academic facilities (library computer lab) and athletic facilities (sports complex),admission,,
Do you have a media library and gym,We have a full-service library computer lab and complete sports facility with gym equipment,admission,,
Are research and fitness centers available,Yes students can use the research library computer workstations and sports fitness center,admission,,
What are the main campus buildings,The main facilities include the library building computer lab center and sports facility complex,admission,,
Can I access books computers and exercise equipment,All students may use our book collection in the library computers in the lab and equipment in the sports facility,admission,,
Are there digital and physical resources,Yes digital resources in the computer lab physical books in the library and training in the sports facility,admission,,
Do you offer quiet and active spaces,The library offers quiet study the computer lab provides work space and the sports facility has active areas,admission,,
What study and recreation options exist,Students can choose between the library for study computer lab for projects or sports facility for recreation,admission,,
Is there 24/7 access to any facilities,The library computer lab and sports facility have generous operating hours for student access,admission,,
Are the academic and sports facilities good,Our library computer lab and sports facility are all modern and well-maintained,admission,,
What buildings can students use regularly,All students have access to the central library main computer lab and primary sports facility,admission,,
Do you have adequate learning spaces,Yes between our library computer lab and sports facility all learning needs are covered,admission,,
Are there places for both work and play,The campus provides the library and computer lab for work and the sports facility for play,admission,,
What are your best campus features,Our outstanding library state-of-the-art computer lab and excellent sports facility stand out,admission,,
Can students use computers anytime,The computer lab has open hours as does our library and sports facility for student use,admission,,
Is there a good athletic center,Yes our sports facility is excellent and we also have a great library and computer lab,admission,,
Are study spaces and gyms available,Students can use the library for study computer lab for work and sports facility as a gym,admission,,
What facilities support student life,Campus life is supported by our library computer lab and sports facility amenities,admission,,
Do you have modern learning facilities,Yes we pride ourselves on our modern library updated computer lab and contemporary sports facility,admission,,
Are there shared student resources,All students share access to the central library main computer lab and sports facility,admission,,
What academic support spaces exist,Academic support includes our library resources computer lab access and sports facility for wellness,admission,,
Is there a place to study and work out,You can study in the library work in the computer lab and work out in the sports facility,admission,,
Are the campus facilities comprehensive,Between our library computer lab and sports facility we offer complete student facilities,admission,,
Do you have a good book collection,Our library has an excellent collection plus we offer computer lab access and sports facilities,admission,,
What tech resources are available,Students can use the computer lab's resources along with library materials and sports equipment,admission,,
Are there group study spaces,The library has group study areas the computer lab has collaborative spaces and the sports facility has team areas,admission,,
What recreational facilities exist,For recreation we have a sports facility plus the library and computer lab for quieter activities,admission,,
Is there WiFi in all facilities,Yes the library computer lab and sports facility all have full WiFi coverage,admission,,
Are the facilities accessible to all,Our library computer lab and sports facility are all fully accessible to every student,admission,,
What are the newest campus facilities,We've recently upgraded our library computer lab and sports facility with modern equipment,admission,,
Do you have study lounges,The library features study lounges the computer lab has workstations and the sports facility has training areas,admission,,
Are there printing facilities,Yes printing is available in the computer lab along with resources in the library and sports facility,admission,,
What wellness resources exist,For student wellness we offer the sports facility plus the library and computer lab for mental engagement,admission,,
Are the facilities centrally located,Our library computer lab and sports facility are all conveniently located on main campus,admission,,
Do you have group workout spaces,The sports facility includes group workout areas plus we have library and computer lab group spaces,admission,,
What are the busiest facilities,The library computer lab and sports facility all see heavy but well-managed student use,admission,,
Are there charging stations available,Yes the library computer lab and sports facility all provide charging stations for devices,admission,,
Where is the institute located?,It is situated at <location>,admission,,
What is the address of the institute?,The address is <location>,admission,,
Can you tell me where the institute is?,You can find it at <location>,admission,,
How do I find the institute?,The institute is located at <location>,admission,,
What's the exact location of the institute?,The exact location is <location>,admission,,
Where exactly is the institute situated?,It is precisely at <location>,admission,,
Could you provide the institute's location?,Certainly it's at <location>,admission,,
What's the physical address of the institute?,The physical address is <location>,admission,,
Where can the institute be found?,It can be found at <location>,admission,,
What location is the institute at?,The institute is at <location>,admission,,
Where is this institute based?,This institute is based at <location>,admission,,
What's the geographical location of the institute?,Geographically it's at <location>,admission,,
Where is your institute positioned?,Our institute is positioned at <location>,admission,,
Can I get directions to the institute?,Yes it's located at <location>,admission,,
What place is the institute in?,The institute is in <location>,admission,,
Where is the campus located?,The campus is at <location>,admission,,
What's the site of the institute?,The site is <location>,admission,,
Where is the main building located?,The main building is at <location>,admission,,
What's the street address for the institute?,The street address is <location>,admission,,
Where is the institute's headquarters?,The headquarters are at <location>,admission,,
How can I locate the institute?,You can locate it at <location>,admission,,
What's the whereabouts of the institute?,Its whereabouts are <location>,admission,,
Where is the institute established?,It is established at <location>,admission,,
What's the institute's postal address?,The postal address is <location>,admission,,
Where is the institute's main campus?,The main campus is at <location>,admission,,
What area is the institute in?,The institute is in the area of <location>,admission,,
Where is the institute's physical location?,The physical location is <location>,admission,,
What's the map location of the institute?,On maps it's at <location>,admission,,
Where is the institute's primary site?,The primary site is <location>,admission,,
What location hosts the institute?,The location hosting the institute is <location>,admission,,
Where is the institute's base?,The base is at <location>,admission,,
What's the GPS location of the institute?,The GPS coordinates point to <location>,admission,,
Where is the institute's main office?,The main office is at <location>,admission,,
What's the exact spot of the institute?,The exact spot is <location>,admission,,
Where is the institute's premises?,The premises are at <location>,admission,,
What's the institute's full address?,The full address is <location>,admission,,
Where is the institute's establishment?,The establishment is at <location>,admission,,
What's the location of your institute?,Our institute is at <location>,admission,,
Where is the institute's main location?,The main location is <location>,admission,,
What place houses the institute?,The place housing the institute is <location>,admission,,
Where is the institute's campus situated?,The campus is situated at <location>,admission,,
What's the institute's street location?,The street location is <location>,admission,,
Where is the institute's main site?,The main site is <location>,admission,,
What's the institute's map position?,On maps it's positioned at <location>,admission,,
Where is the institute's headquarters located?,The headquarters are located at <location>,admission,,
What's the institute's geographical position?,Geographically it's positioned at <location>,admission,,
Where is the institute's primary campus?,The primary campus is at <location>,admission,,
What's the institute's physical position?,The physical position is <location>,admission,,
Where is the institute's main establishment?,The main establishment is at <location>,admission,,
What's the institute's complete address?,The complete address is <location>,admission,,
Where is the institute's central location?,The central location is <location>,admission,,
What language are classes taught in?,The classes are taught in <mediuminstruction>,admission,,
In which language is education imparted?,Education is imparted in <mediuminstruction>,admission,,
What is the teaching language?,The teaching language is <mediuminstruction>,admission,,
Which language is used for instruction?,Instruction is delivered in <mediuminstruction>,admission,,
What is the primary classroom language?,The primary classroom language is <mediuminstruction>,admission,,
In what language are lectures conducted?,Lectures are conducted in <mediuminstruction>,admission,,
Which language do professors teach in?,Professors teach in <mediuminstruction>,admission,,
What is the language of teaching?,The language of teaching is <mediuminstruction>,admission,,
In which medium are courses delivered?,Courses are delivered in <mediuminstruction>,admission,,
What is the instructional language?,The instructional language is <mediuminstruction>,admission,,
Which language is primarily used for teaching?,Teaching is primarily in <mediuminstruction>,admission,,
In what tongue are classes offered?,Classes are offered in <mediuminstruction>,admission,,
What language dominates classroom instruction?,Classroom instruction is in <mediuminstruction>,admission,,
Through which language is knowledge imparted?,Knowledge is imparted through <mediuminstruction>,admission,,
In what language are subjects taught?,Subjects are taught in <mediuminstruction>,admission,,
Which communication medium is used for teaching?,The communication medium is <mediuminstruction>,admission,,
What is the language used in lectures?,The language used in lectures is <mediuminstruction>,admission,,
In what medium are academic sessions conducted?,Academic sessions are in <mediuminstruction>,admission,,
Which linguistic medium is used for education?,The linguistic medium is <mediuminstruction>,admission,,
What is the speech medium for teaching?,The speech medium is <mediuminstruction>,admission,,
In which language are tutorials given?,Tutorials are given in <mediuminstruction>,admission,,
What is the communication language in class?,The communication language is <mediuminstruction>,admission,,
Through what medium is curriculum delivered?,The curriculum is delivered in <mediuminstruction>,admission,,
In what language are seminars conducted?,Seminars are conducted in <mediuminstruction>,admission,,
What is the linguistic medium of teaching?,The linguistic medium is <mediuminstruction>,admission,,
Which language is employed for instruction?,The language employed is <mediuminstruction>,admission,,
In what tongue are courses administered?,Courses are administered in <mediuminstruction>,admission,,
What is the primary teaching medium?,The primary teaching medium is <mediuminstruction>,admission,,
Through which language are concepts taught?,Concepts are taught in <mediuminstruction>,admission,,
In what language are academic subjects taught?,Academic subjects are in <mediuminstruction>,admission,,
Which language is utilized for coursework?,Coursework is in <mediuminstruction>,admission,,
What is the educational communication medium?,The educational medium is <mediuminstruction>,admission,,
In which language are lessons imparted?,Lessons are imparted in <mediuminstruction>,admission,,
What is the academic instruction language?,The academic language is <mediuminstruction>,admission,,
Through what medium is knowledge transferred?,Knowledge is transferred in <mediuminstruction>,admission,,
In what language are study materials provided?,Study materials are in <mediuminstruction>,admission,,
Which language is spoken in classrooms?,The classroom language is <mediuminstruction>,admission,,
What is the verbal instruction medium?,The verbal medium is <mediuminstruction>,admission,,
In what language are assignments given?,Assignments are given in <mediuminstruction>,admission,,
Through which medium are exams conducted?,Exams are conducted in <mediuminstruction>,admission,,
What is the language of academic delivery?,Academic delivery is in <mediuminstruction>,admission,,
In what tongue are laboratory sessions?,Laboratory sessions are in <mediuminstruction>,admission,,
Which language is used for academic purposes?,The academic language is <mediuminstruction>,admission,,
What is the pedagogical language?,The pedagogical language is <mediuminstruction>,admission,,
Through what medium are theories explained?,Theories are explained in <mediuminstruction>,admission,,
In which language are research projects guided?,Research guidance is in <mediuminstruction>,admission,,
What is the scholastic communication medium?,The scholastic medium is <mediuminstruction>,admission,,
In what language are academic discussions?,Academic discussions are in <mediuminstruction>,admission,,
Which language predominates in teaching?,The predominant teaching language is <mediuminstruction>,admission,,
What is the didactic language?,The didactic language is <mediuminstruction>,admission,,
Through which medium are skills demonstrated?,Skills are demonstrated in <mediuminstruction>,admission,,
In what language are academic evaluations?,Academic evaluations are in <mediuminstruction>,admission,,
What is the language of scholarly instruction?,Scholarly instruction is in <mediuminstruction>,admission,,
Which tongue is used for faculty lectures?,Faculty lectures are in <mediuminstruction>,admission,,
In what medium are academic concepts conveyed?,Academic concepts are in <mediuminstruction>,admission,,
What is the instructional communication mode?,The instructional mode is <mediuminstruction>,admission,,
Through which language are lessons delivered?,Lessons are delivered in <mediuminstruction>,admission,,
In what language are course materials written?,Course materials are in <mediuminstruction>,admission,,
Which language is used for academic writing?,Academic writing is in <mediuminstruction>,admission,,
What is the lingua franca of instruction?,The lingua franca is <mediuminstruction>,admission,,
In what medium are academic requirements?,Academic requirements are in <mediuminstruction>,admission,,
Through which language are grades assigned?,Grades are assigned in <mediuminstruction>,admission,,
What is the language of academic records?,Academic records are in <mediuminstruction>,admission,,
In what tongue are academic policies?,Academic policies are in <mediuminstruction>,admission,,
Which language is used for academic advising?,Academic advising is in <mediuminstruction>,admission,,
What is the medium of academic discourse?,Academic discourse is in <mediuminstruction>,admission,,
Through what language are syllabi provided?,Syllabi are provided in <mediuminstruction>,admission,,
In which language are academic calendars?,Academic calendars are in <mediuminstruction>,admission,,
What is the language of academic notices?,Academic notices are in <mediuminstruction>,admission,,
Which tongue is used for academic queries?,Academic queries are in <mediuminstruction>,admission,,
In what medium are academic resources?,Academic resources are in <mediuminstruction>,admission,,
What is the language of academic support?,Academic support is in <mediuminstruction>,admission,,
Through which medium are textbooks?,Textbooks are in <mediuminstruction>,admission,,
In what language are reference materials?,Reference materials are in <mediuminstruction>,admission,,
Which language is used for academic emails?,Academic emails are in <mediuminstruction>,admission,,
What is the medium of academic announcements?,Academic announcements are in <mediuminstruction>,admission,,
In what tongue are faculty communications?,Faculty communications are in <mediuminstruction>,admission,,
Through which language are office hours?,Office hours are conducted in <mediuminstruction>,admission,,
What is the language of academic counseling?,Academic counseling is in <mediuminstruction>,admission,,
In what medium are student services?,Student services are in <mediuminstruction>,admission,,
Which language is used for academic forms?,Academic forms are in <mediuminstruction>,admission,,
What is the medium of academic procedures?,Academic procedures are in <mediuminstruction>,admission,,
Through what language are regulations?,Regulations are in <mediuminstruction>,admission,,
In which language are academic guidelines?,Academic guidelines are in <mediuminstruction>,admission,,
What is the language of academic affairs?,Academic affairs are in <mediuminstruction>,admission,,
Which tongue is used for academic planning?,Academic planning is in <mediuminstruction>,admission,,
In what medium are academic decisions?,Academic decisions are in <mediuminstruction>,admission,,
What is the language of academic progress?,Academic progress is in <mediuminstruction>,admission,,
Through which medium are transcripts?,Transcripts are in <mediuminstruction>,admission,,
In what language are degree requirements?,Degree requirements are in <mediuminstruction>,admission,,
Which language is used for academic honors?,Academic honors are in <mediuminstruction>,admission,,
What is the medium of academic ceremonies?,Academic ceremonies are in <mediuminstruction>,admission,,
In what tongue are graduation proceedings?,Graduation proceedings are in <mediuminstruction>,admission,,
Through which language are diplomas?,Diplomas are in <mediuminstruction>,admission,,
What is the language of academic credentials?,Academic credentials are in <mediuminstruction>,admission,,
In what medium are enrollment procedures?,Enrollment procedures are in <mediuminstruction>,admission,,
Which language is used for registration?,Registration is in <mediuminstruction>,admission,,
What is the medium of academic enrollment?,Academic enrollment is in <mediuminstruction>,admission,,
Through what language are fees explained?,Fees are explained in <mediuminstruction>,admission,,
In which language are payment procedures?,Payment procedures are in <mediuminstruction>,admission,,
What is the language of financial aid?,Financial aid information is in <mediuminstruction>,admission,,
Which tongue is used for scholarships?,Scholarship information is in <mediuminstruction>,admission,,
In what medium are housing arrangements?,Housing arrangements are in <mediuminstruction>,admission,,
What is the language of campus life?,Campus life information is in <mediuminstruction>,admission,,
Through which medium are student activities?,Student activities are in <mediuminstruction>,admission,,
In what language are campus resources?,Campus resources are in <mediuminstruction>,admission,,
Which language is used for student support?,Student support is in <mediuminstruction>,admission,,
What is the medium of student communications?,Student communications are in <mediuminstruction>,admission,,
In what tongue are student announcements?,Student announcements are in <mediuminstruction>,admission,,
Through which language are student services?,Student services are in <mediuminstruction>,admission,,
Can I apply for BSSE and BSAI together,No you cannot apply for BSSE and BSAI together,admission,,
Is it possible to enroll in BSCS and BSSE simultaneously,No it is not possible to enroll in BSCS and BSSE simultaneously,admission,,
May I join both BSAI and BSCS programs,No you may not join both BSAI and BSCS programs,admission,,
Can I take admission in all three programs BSCS BSSE BSAI,No you cannot take admission in all three programs BSCS BSSE BSAI,admission,,
Is dual enrollment allowed for BSSE with BSAI,No dual enrollment is not allowed for BSSE with BSAI,admission,,
Can I study both BSCS and BSAI at the same time,No you cannot study both BSCS and BSAI at the same time,admission,,
Are combined admissions available for BSSE and BSCS,No combined admissions are not available for BSSE and BSCS,admission,,
Is concurrent registration permitted for BSAI and BSSE,No concurrent registration is not permitted for BSAI and BSSE,admission,,
Can I pursue BSCS along with BSSE,No you cannot pursue BSCS along with BSSE,admission,,
Is double program admission possible for BSAI and BSCS,No double program admission is not possible for BSAI and BSCS,admission,,
Can I get into multiple programs like BSSE BSAI BSCS,No you cannot get into multiple programs like BSSE BSAI BSCS,admission,,
Is there an option to take BSSE and BSCS together,No there is no option to take BSSE and BSCS together,admission,,
May I register for both BSAI and BSSE programs,No you may not register for both BSAI and BSSE programs,admission,,
Can I be admitted to BSCS and BSAI concurrently,No you cannot be admitted to BSCS and BSAI concurrently,admission,,
Is multiple program enrollment allowed for BSSE BSCS,No multiple program enrollment is not allowed for BSSE BSCS,admission,,
Can I do BSAI and BSSE at once,No you cannot do BSAI and BSSE at once,admission,,
Is joint admission offered for BSCS with BSAI,No joint admission is not offered for BSCS with BSAI,admission,,
Can I enter both BSSE and BSCS programs,No you cannot enter both BSSE and BSCS programs,admission,,
Is parallel study available for BSAI and BSSE,No parallel study is not available for BSAI and BSSE,admission,,
Can I undertake BSCS and BSAI simultaneously,No you cannot undertake BSCS and BSAI simultaneously,admission,,
Is it allowed to apply for BSSE plus BSCS,No it is not allowed to apply for BSSE plus BSCS,admission,,
Can I choose both BSAI and BSSE programs,No you cannot choose both BSAI and BSSE programs,admission,,
Is simultaneous enrollment possible in BSCS and BSSE,No simultaneous enrollment is not possible in BSCS and BSSE,admission,,
May I be in BSAI and BSCS at the same time,No you may not be in BSAI and BSCS at the same time,admission,,
Can I combine BSSE with BSAI studies,No you cannot combine BSSE with BSAI studies,admission,,
Is dual degree option available for BSCS and BSSE,No dual degree option is not available for BSCS and BSSE,admission,,
Can I register for BSAI along with BSCS,No you cannot register for BSAI along with BSCS,admission,,
Is multiple program selection allowed for BSSE BSAI,No multiple program selection is not allowed for BSSE BSAI,admission,,
Can I follow both BSCS and BSSE curricula,No you cannot follow both BSCS and BSSE curricula,admission,,
Is concurrent admission permitted for BSAI with BSCS,No concurrent admission is not permitted for BSAI with BSCS,admission,,
Can I take on BSSE and BSAI programs together,No you cannot take on BSSE and BSAI programs together,admission,,
Is double major possible with BSCS and BSSE,No double major is not possible with BSCS and BSSE,admission,,
May I enroll in both BSAI and BSCS courses,No you may not enroll in both BSAI and BSCS courses,admission,,
Can I pursue BSSE and BSCS degrees simultaneously,No you cannot pursue BSSE and BSCS degrees simultaneously,admission,,
Is combined program admission offered for BSAI BSSE,No combined program admission is not offered for BSAI BSSE,admission,,
Can I apply to BSCS as well as BSAI,No you cannot apply to BSCS as well as BSAI,admission,,
Is parallel enrollment allowed for BSSE and BSCS,No parallel enrollment is not allowed for BSSE and BSCS,admission,,
Can I join BSAI program along with BSSE,No you cannot join BSAI program along with BSSE,admission,,
Is dual program registration possible for BSCS BSAI,No dual program registration is not possible for BSCS BSAI,admission,,
Can I study BSSE and BSCS at the same time,No you cannot study BSSE and BSCS at the same time,admission,,
Is multiple degree enrollment available for BSAI BSCS,No multiple degree enrollment is not available for BSAI BSCS,admission,,
Can I undertake both BSSE and BSAI programs,No you cannot undertake both BSSE and BSAI programs,admission,,
Is concurrent program admission permitted for BSCS BSSE,No concurrent program admission is not permitted for BSCS BSSE,admission,,
Can I get admission in BSAI and BSCS together,No you cannot get admission in BSAI and BSCS together,admission,,
Is double enrollment option there for BSSE with BSAI,No double enrollment option is not there for BSSE with BSAI,admission,,
May I pursue BSCS while doing BSSE,No you may not pursue BSCS while doing BSSE,admission,,
Can I combine BSAI and BSCS degree programs,No you cannot combine BSAI and BSCS degree programs,admission,,
Is simultaneous admission allowed for BSSE BSAI,No simultaneous admission is not allowed for BSSE BSAI,admission,,
Can I register for multiple programs like BSCS BSSE,No you cannot register for multiple programs like BSCS BSSE,admission,,
Is it possible to do BSAI with BSSE,No it is not possible to do BSAI with BSSE,admission,,
Can I enroll in BSCS program with BSAI,No you cannot enroll in BSCS program with BSAI,admission,,
Are multiple applications accepted for BSSE BSCS,No multiple applications are not accepted for BSSE BSCS,admission,,
May I take BSAI along with BSSE degree,No you may not take BSAI along with BSSE degree,admission,,
Is concurrent study allowed for BSCS and BSAI,No concurrent study is not allowed for BSCS and BSAI,admission,,
Can I do BSSE and BSCS programs jointly,No you cannot do BSSE and BSCS programs jointly,admission,,
Is dual admission offered for BSAI with BSCS,No dual admission is not offered for BSAI with BSCS,admission,,
Can I apply for BSCS together with BSSE,No you cannot apply for BSCS together with BSSE,admission,,
Is parallel program enrollment possible for BSAI BSSE,No parallel program enrollment is not possible for BSAI BSSE,admission,,
May I be admitted to BSSE and BSAI at once,No you may not be admitted to BSSE and BSAI at once,admission,,
Can I pursue BSCS degree with BSAI,No you cannot pursue BSCS degree with BSAI,admission,,
Is multiple program entry allowed for BSSE BSCS,No multiple program entry is not allowed for BSSE BSCS,admission,,
Can I join BSAI and BSSE programs together,No you cannot join BSAI and BSSE programs together,admission,,
Is combined degree enrollment available for BSCS BSAI,No combined degree enrollment is not available for BSCS BSAI,admission,,
May I register for BSSE plus BSCS,No you may not register for BSSE plus BSCS,admission,,
Can I take both BSAI and BSCS courses,No you cannot take both BSAI and BSCS courses,admission,,
Is simultaneous program admission permitted for BSSE BSAI,No simultaneous program admission is not permitted for BSSE BSAI,admission,,
Can I enroll in BSCS along with BSSE,No you cannot enroll in BSCS along with BSSE,admission,,
Are dual degrees offered for BSAI and BSCS,No dual degrees are not offered for BSAI and BSCS,admission,,
May I pursue BSSE with BSAI simultaneously,No you may not pursue BSSE with BSAI simultaneously,admission,,
Can I apply for multiple programs BSCS BSSE BSAI,No you cannot apply for multiple programs BSCS BSSE BSAI,admission,,
Is concurrent enrollment allowed for BSCS and BSSE,No concurrent enrollment is not allowed for BSCS and BSSE,admission,,
Can I do BSAI program with BSCS,No you cannot do BSAI program with BSCS,admission,,
Is multiple degree pursuit possible for BSSE BSAI,No multiple degree pursuit is not possible for BSSE BSAI,admission,,
May I take BSCS and BSSE at the same time,No you may not take BSCS and BSSE at the same time,admission,,
Can I combine BSAI studies with BSCS,No you cannot combine BSAI studies with BSCS,admission,,
Is dual program admission available for BSSE BSAI,No dual program admission is not available for BSSE BSAI,admission,,
Can I register for BSCS as well as BSSE,No you cannot register for BSCS as well as BSSE,admission,,
Is parallel degree enrollment permitted for BSAI BSCS,No parallel degree enrollment is not permitted for BSAI BSCS,admission,,
May I join BSSE program with BSAI,No you may not join BSSE program with BSAI,admission,,
Can I undertake BSCS and BSSE together,No you cannot undertake BSCS and BSSE together,admission,,
Is multiple program study allowed for BSAI BSCS,No multiple program study is not allowed for BSAI BSCS,admission,,
Can I apply to BSSE and BSAI simultaneously,No you cannot apply to BSSE and BSAI simultaneously,admission,,
Is concurrent admission possible for BSCS with BSAI,No concurrent admission is not possible for BSCS with BSAI,admission,,
May I pursue BSAI along with BSCS,No you may not pursue BSAI along with BSCS,admission,,
Can I enroll in BSSE and BSCS programs,No you cannot enroll in BSSE and BSCS programs,admission,,
Is double degree enrollment offered for BSAI BSSE,No double degree enrollment is not offered for BSAI BSSE,admission,,
Can I take BSCS with BSAI at once,No you cannot take BSCS with BSAI at once,admission,,
Is multiple program registration allowed for BSSE BSCS,No multiple program registration is not allowed for BSSE BSCS,admission,,
May I apply for BSAI and BSSE together,No you may not apply for BSAI and BSSE together,admission,,
Can I do BSCS program with BSSE,No you cannot do BSCS program with BSSE,admission,,
Is parallel admission available for BSAI and BSCS,No parallel admission is not available for BSAI and BSCS,admission,,
Can I pursue BSSE degree with BSAI,No you cannot pursue BSSE degree with BSAI,admission,,
Is combined enrollment permitted for BSCS BSSE,No combined enrollment is not permitted for BSCS BSSE,admission,,
May I register for BSAI plus BSCS,No you may not register for BSAI plus BSCS,admission,,
Can I take both BSSE and BSAI courses,No you cannot take both BSSE and BSAI courses,admission,,
Is simultaneous degree admission allowed for BSCS BSAI,No simultaneous degree admission is not allowed for BSCS BSAI,admission,,
Can I enroll in BSAI along with BSSE,No you cannot enroll in BSAI along with BSSE,admission,,
Are dual programs offered for BSCS and BSSE,No dual programs are not offered for BSCS and BSSE,admission,,
May I pursue BSCS with BSAI at the same time,No you may not pursue BSCS with BSAI at the same time,admission,,
Can I apply for BSSE together with BSCS,No you cannot apply for BSSE together with BSCS,admission,,
Is concurrent program enrollment possible for BSAI BSSE,No concurrent program enrollment is not possible for BSAI BSSE,admission,,
Can I do BSAI and BSCS degrees jointly,No you cannot do BSAI and BSCS degrees jointly,admission,,
Is multiple degree admission available for BSSE BSCS,No multiple degree admission is not available for BSSE BSCS,admission,,
May I take BSSE and BSAI simultaneously,No you may not take BSSE and BSAI simultaneously,admission,,
Can I combine BSCS studies with BSSE,No you cannot combine BSCS studies with BSSE,admission,,
Is dual enrollment permitted for BSAI with BSCS,No dual enrollment is not permitted for BSAI with BSCS,admission,,
Can I register for BSSE as well as BSAI,No you cannot register for BSSE as well as BSAI,admission,,
Is parallel program admission possible for BSCS BSSE,No parallel program admission is not possible for BSCS BSSE,admission,,
May I join BSCS program with BSAI,No you may not join BSCS program with BSAI,admission,,
Can I undertake BSAI and BSSE together,No you cannot undertake BSAI and BSSE together,admission,,
Is multiple program pursuit allowed for BSCS BSAI,No multiple program pursuit is not allowed for BSCS BSAI,admission,,
Can I apply to BSAI and BSCS at once,No you cannot apply to BSAI and BSCS at once,admission,,
Is concurrent degree admission possible for BSSE BSAI,No concurrent degree admission is not possible for BSSE BSAI,admission,,
May I pursue BSSE along with BSCS,No you may not pursue BSSE along with BSCS,admission,,
Can I enroll in BSAI and BSCS programs,No you cannot enroll in BSAI and BSCS programs,admission,,
Is double program enrollment offered for BSSE BSAI,No double program enrollment is not offered for BSSE BSAI,admission,,
Can I take BSSE with BSCS at once,No you cannot take BSSE with BSCS at once,admission,,
Is multiple degree registration allowed for BSAI BSCS,No multiple degree registration is not allowed for BSAI BSCS,admission,,
May I apply for BSCS and BSAI together,No you may not apply for BSCS and BSAI together,admission,,
Can I do BSSE program with BSAI,No you cannot do BSSE program with BSAI,admission,,
Is parallel admission available for BSCS and BSSE,No parallel admission is not available for BSCS and BSSE,admission,,
Can I pursue BSAI degree with BSSE,No you cannot pursue BSAI degree with BSSE,admission,,
Is combined program enrollment permitted for BSAI BSCS,No combined program enrollment is not permitted for BSAI BSCS,admission,,
May I register for BSCS plus BSSE,No you may not register for BSCS plus BSSE,admission,,
Can I take both BSAI and BSSE courses,No you cannot take both BSAI and BSSE courses,admission,,
Is simultaneous program admission allowed for BSCS BSSE,No simultaneous program admission is not allowed for BSCS BSSE,admission,,
Can I enroll in BSSE along with BSAI,No you cannot enroll in BSSE along with BSAI,admission,,
Are dual degrees offered for BSAI and BSSE,No dual degrees are not offered for BSAI and BSSE,admission,,
May I pursue BSAI with BSCS at the same time,No you may not pursue BSAI with BSCS at the same time,admission,,
Can I apply for BSAI together with BSSE,No you cannot apply for BSAI together with BSSE,admission,,
Is concurrent degree enrollment possible for BSCS BSAI,No concurrent degree enrollment is not possible for BSCS BSAI,admission,,
Can I do BSCS and BSAI degrees jointly,No you cannot do BSCS and BSAI degrees jointly,admission,,
Is multiple program admission available for BSSE BSAI,No multiple program admission is not available for BSSE BSAI,admission,,
May I take BSCS and BSAI simultaneously,No you may not take BSCS and BSAI simultaneously,admission,,
Can I combine BSSE studies with BSAI,No you cannot combine BSSE studies with BSAI,admission,,
Is dual registration permitted for BSCS with BSSE,No dual registration is not permitted for BSCS with BSSE,admission,,
Can I register for BSAI as well as BSCS,No you cannot register for BSAI as well as BSCS,admission,,
Is parallel degree admission possible for BSSE BSAI,No parallel degree admission is not possible for BSSE BSAI,admission,,
May I join BSAI program with BSSE,No you may not join BSAI program with BSSE,admission,,
Can I undertake BSCS and BSAI together,No you cannot undertake BSCS and BSAI together,admission,,
Is multiple degree pursuit allowed for BSSE BSCS,No multiple degree pursuit is not allowed for BSSE BSCS,admission,,
Can I apply to BSSE and BSAI at once,No you cannot apply to BSSE and BSAI at once,admission,,
Is concurrent program admission possible for BSCS BSAI,No concurrent program admission is not possible for BSCS BSAI,admission,,
May I pursue BSAI along with BSSE,No you may not pursue BSAI along with BSSE,admission,,
Can I enroll in BSSE and BSAI programs,No you cannot enroll in BSSE and BSAI programs,admission,,
Is double degree enrollment offered for BSCS BSSE,No double degree enrollment is not offered for BSCS BSSE,admission,,
Can I take BSAI with BSSE at once,No you cannot take BSAI with BSSE at once,admission,,
Is multiple program registration allowed for BSCS BSAI,No multiple program registration is not allowed for BSCS BSAI,admission,,
May I apply for BSSE and BSCS together,No you may not apply for BSSE and BSCS together,admission,,
Can I do BSAI program with BSSE,No you cannot do BSAI program with BSSE,admission,,
Is parallel admission available for BSAI and BSSE,No parallel admission is not available for BSAI and BSSE,admission,,
Can I pursue BSCS degree with BSSE,No you cannot pursue BSCS degree with BSSE,admission,,
Is combined degree enrollment permitted for BSSE BSAI,No combined degree enrollment is not permitted for BSSE BSAI,admission,,
May I register for BSAI plus BSSE,No you may not register for BSAI plus BSSE,admission,,
Can I take both BSCS and BSSE courses,No you cannot take both BSCS and BSSE courses,admission,,
Is simultaneous degree admission allowed for BSAI BSSE,No simultaneous degree admission is not allowed for BSAI BSSE,admission,,
Can I enroll in BSAI along with BSCS,No you cannot enroll in BSAI along with BSCS,admission,,
Are dual programs offered for BSSE and BSAI,No dual programs are not offered for BSSE and BSAI,admission,,
May I pursue BSSE with BSCS at the same time,No you may not pursue BSSE with BSCS at the same time,admission,,
Can I apply for BSCS together with BSAI,No you cannot apply for BSCS together with BSAI,admission,,
Is concurrent program enrollment possible for BSSE BSCS,No concurrent program enrollment is not possible for BSSE BSCS,admission,,
Can I do BSAI and BSSE degrees jointly,No you cannot do BSAI and BSSE degrees jointly,admission,,
Is multiple degree admission available for BSCS BSAI,No multiple degree admission is not available for BSCS BSAI,admission,,
May I take BSAI and BSSE simultaneously,No you may not take BSAI and BSSE simultaneously,admission,,
Can I combine BSCS studies with BSAI,No you cannot combine BSCS studies with BSAI,admission,,
Is dual registration permitted for BSSE with BSAI,No dual registration is not permitted for BSSE with BSAI,admission,,
Can I register for BSCS as well as BSAI,No you cannot register for BSCS as well as BSAI,admission,,
Is parallel program admission possible for BSAI BSCS,No parallel program admission is not possible for BSAI BSCS,admission,,
May I join BSCS program with BSSE,No you may not join BSCS program with BSSE,admission,,
Can I undertake BSAI and BSCS together,No you cannot undertake BSAI and BSCS together,admission,,
Is multiple degree pursuit allowed for BSAI BSSE,No multiple degree pursuit is not allowed for BSAI BSSE,admission,,
Can I apply to BSAI and BSSE at once,No you cannot apply to BSAI and BSSE at once,admission,,
Is concurrent degree admission possible for BSCS BSSE,No concurrent degree admission is not possible for BSCS BSSE,admission,,
May I pursue BSCS along with BSAI,No you may not pursue BSCS along with BSAI,admission,,
Can I enroll in BSAI and BSSE programs,No you cannot enroll in BSAI and BSSE programs,admission,,
Is double program enrollment offered for BSCS BSAI,No double program enrollment is not offered for BSCS BSAI,admission,,
Can I take BSSE with BSAI at once,No you cannot take BSSE with BSAI at once,admission,,
Is multiple degree registration allowed for BSSE BSCS,No multiple degree registration is not allowed for BSSE BSCS,admission,,
May I apply for BSAI and BSCS together,No you may not apply for BSAI and BSCS together,admission,,
Can I do BSSE program with BSCS,No you cannot do BSSE program with BSCS,admission,,
Is parallel admission available for BSCS and BSAI,No parallel admission is not available for BSCS and BSAI,admission,,
Can I pursue BSAI degree with BSCS,No you cannot pursue BSAI degree with BSCS,admission,,
Is combined program enrollment permitted for BSCS BSAI,No combined program enrollment is not permitted for BSCS BSAI,admission,,
May I register for BSCS plus BSAI,No you may not register for BSCS plus BSAI,admission,,
Can I take both BSSE and BSCS courses,No you cannot take both BSSE and BSCS courses,admission,,
Is simultaneous program admission allowed for BSAI BSCS,No simultaneous program admission is not allowed for BSAI BSCS,admission,,
Can I enroll in BSCS along with BSAI,No you cannot enroll in BSCS along with BSAI,admission,,
Are dual degrees offered for BSCS and BSAI,No dual degrees are not offered for BSCS and BSAI,admission,,
May I pursue BSAI with BSSE at the same time,No you may not pursue BSAI with BSSE at the same time,admission,,
Can I apply for BSSE together with BSAI,No you cannot apply for BSSE together with BSAI,admission,,
Is concurrent degree enrollment possible for BSAI BSCS,No concurrent degree enrollment is not possible for BSAI BSCS,admission,,
Can I do BSCS and BSSE degrees jointly,No you cannot do BSCS and BSSE degrees jointly,admission,,
Is multiple program admission available for BSAI BSSE,No multiple program admission is not available for BSAI BSSE,admission,,
May I take BSCS and BSSE simultaneously,No you may not take BSCS and BSSE simultaneously,admission,,
Can I combine BSAI studies with BSSE,No you cannot combine BSAI studies with BSSE,admission,,
Is dual registration permitted for BSCS with BSAI,No dual registration is not permitted for BSCS with BSAI,admission,,
Can I register for BSSE as well as BSCS,No you cannot register for BSSE as well as BSCS,admission,,
Is parallel degree admission possible for BSAI BSSE,No parallel degree admission is not possible for BSAI BSSE,admission,,
May I join BSAI program with BSCS,No you may not join BSAI program with BSCS,admission,,
Can I undertake BSSE and BSCS together,No you cannot undertake BSSE and BSCS together,admission,,
Is multiple degree pursuit allowed for BSCS BSAI,No multiple degree pursuit is not allowed for BSCS BSAI,admission,,
Can I apply to BSCS and BSAI at once,No you cannot apply to BSCS and BSAI at once,admission,,
Is concurrent program admission possible for BSSE BSAI,No concurrent program admission is not possible for BSSE BSAI,admission,,
May I pursue BSSE along with BSAI,No you may not pursue BSSE along with BSAI,admission,,
Can I enroll in BSCS and BSAI programs,No you cannot enroll in BSCS and BSAI programs,admission,,
Is double degree enrollment offered for BSSE BSAI,No double degree enrollment is not offered for BSSE BSAI,admission,,
Can I take BSCS with BSSE at once,No you cannot take BSCS with BSSE at once,admission,,
Is multiple program registration allowed for BSAI BSSE,No multiple program registration is not allowed for BSAI BSSE,admission,,
May I apply for BSCS and BSSE together,No you may not apply for BSCS and BSSE together,admission,,
Is parallel admission available for BSSE and BSAI,No parallel admission is not available for BSSE and BSAI,admission,,
Can I pursue BSSE degree with BSCS,No you cannot pursue BSSE degree with BSCS,admission,,
Is combined degree enrollment permitted for BSAI BSSE,No combined degree enrollment is not permitted for BSAI BSSE,admission,,
May I register for BSSE plus BSAI,No you may not register for BSSE plus BSAI,admission,,
Is simultaneous degree admission allowed for BSSE BSAI,No simultaneous degree admission is not allowed for BSSE BSAI,admission,,
Can I enroll in BSSE along with BSCS,No you cannot enroll in BSSE along with BSCS,admission,,
Are dual programs offered for BSAI and BSCS,No dual programs are not offered for BSAI and BSCS,admission,,
May I pursue BSCS with BSSE at the same time,No you may not pursue BSCS with BSSE at the same time,admission,,
Can I apply for BSAI together with BSCS,No you cannot apply for BSAI together with BSCS,admission,,
Is concurrent program enrollment possible for BSCS BSSE,No concurrent program enrollment is not possible for BSCS BSSE,admission,,
Can I do BSSE and BSAI degrees jointly,No you cannot do BSSE and BSAI degrees jointly,admission,,
Is multiple degree admission available for BSCS BSSE,No multiple degree admission is not available for BSCS BSSE,admission,,
May I take BSAI and BSCS simultaneously,No you may not take BSAI and BSCS simultaneously,admission,,
Can I combine BSSE studies with BSCS,No you cannot combine BSSE studies with BSCS,admission,,
Is dual registration permitted for BSAI with BSSE,No dual registration is not permitted for BSAI with BSSE,admission,,
Is parallel program admission possible for BSSE BSCS,No parallel program admission is not possible for BSSE BSCS,admission,,
May I join BSSE program with BSCS,No you may not join BSSE program with BSCS,admission,,
Can I apply to BSSE and BSCS at once,No you cannot apply to BSSE and BSCS at once,admission,,
Is concurrent degree admission possible for BSAI BSCS,No concurrent degree admission is not possible for BSAI BSCS,admission,,
Is double program enrollment offered for BSCS BSSE,No double program enrollment is not offered for BSCS BSSE,admission,,
Can I take BSAI with BSCS at once,No you cannot take BSAI with BSCS at once,admission,,
Is multiple degree registration allowed for BSSE BSAI,No multiple degree registration is not allowed for BSSE BSAI,admission,,
May I apply for BSSE and BSAI together,No you may not apply for BSSE and BSAI together,admission,,
Can I do BSCS program with BSAI,No you cannot do BSCS program with BSAI,admission,,
Is combined program enrollment permitted for BSSE BSCS,No combined program enrollment is not permitted for BSSE BSCS,admission,,
Is simultaneous program admission allowed for BSAI BSSE,No simultaneous program admission is not allowed for BSAI BSSE,admission,,
Are dual degrees offered for BSSE and BSCS,No dual degrees are not offered for BSSE and BSCS,admission,,
May I pursue BSSE with BSAI at the same time,No you may not pursue BSSE with BSAI at the same time,admission,,
Can I register for BSAI as well as BSSE,No you cannot register for BSAI as well as BSSE,admission,,
Is parallel degree admission possible for BSCS BSAI,No parallel degree admission is not possible for BSCS BSAI,admission,,
Can I undertake BSSE and BSAI together,No you cannot undertake BSSE and BSAI together,admission,,
Is multiple degree pursuit allowed for BSCS BSSE,No multiple degree pursuit is not allowed for BSCS BSSE,admission,,
Is concurrent program admission possible for BSAI BSCS,No concurrent program admission is not possible for BSAI BSCS,admission,,
May I pursue BSCS along with BSSE,No you may not pursue BSCS along with BSSE,admission,,
Is double degree enrollment offered for BSSE BSCS,No double degree enrollment is not offered for BSSE BSCS,admission,,
How can I avail the need-based scholarship?,To get the need-based scholarship fill out the application form and clear the interview process.,fee,,
What is the process to get the need-based scholarship?,First submit your application then attend an interview to qualify for the need-based scholarship.,fee,,
How do I apply for the need-based scholarship?,Simply complete the application process and successfully pass the scholarship interview.,fee,,
What are the steps to avail the need-based scholarship?,1. Submit required documents 2. Attend interview 3. Get approval for the need-based scholarship,fee,,
How can I qualify for the need-based scholarship?,You'll need to demonstrate financial need through documentation and clear the selection interview.,fee,,
What is the procedure to obtain the need-based scholarship?,The procedure involves application submission followed by an eligibility interview.,fee,,
How do I get the need-based scholarship?,Apply online with your financial documents and prepare for the selection interview.,fee,,
What is required to avail the need-based scholarship?,Required: Completed application financial proof and interview clearance.,fee,,
How can I secure the need-based scholarship?,Secure your scholarship by submitting a strong application and performing well in the interview.,fee,,
What is the eligibility process for the need-based scholarship?,The process includes document verification followed by a personal interview.,fee,,
How do I become eligible for the need-based scholarship?,Prove your financial need through proper documentation and clear the interview round.,fee,,
What are the requirements to avail the need-based scholarship?,Basic requirements: application form income proof and interview participation.,fee,,
How can I apply for financial aid through the need-based scholarship?,For financial aid submit your scholarship application and attend the mandatory interview.,fee,,
What is the application process for the need-based scholarship?,Process: 1) Apply online 2) Submit documents 3) Attend interview,fee,,
How do I start the process for the need-based scholarship?,Begin by collecting your financial documents and filling out the application form.,fee,,
What steps are involved in getting the need-based scholarship?,Key steps: application submission document verification and final interview.,fee,,
How can I get financial support through the need-based scholarship?,Get financial support by applying and proving your need through the interview process.,fee,,
What is the method to avail the need-based scholarship?,The method involves proper application followed by an assessment interview.,fee,,
How do I qualify for financial assistance through the need-based scholarship?,Qualify by demonstrating genuine need and clearing the scholarship interview.,fee,,
What is the way to apply for the need-based scholarship?,The way forward: complete your application and prepare for the selection interview.,fee,,
Is this degree program approved by HEC,Yes this program is approved by HEC,affiliation,,
Does HEC recognize this course,This course is fully recognized by HEC,affiliation,,
Is the program HEC accredited,Yes it has HEC accreditation,affiliation,,
Is this qualification valid with HEC,This qualification is valid and recognized by HEC,affiliation,,
Has HEC verified this program,The program has been verified and approved by HEC,affiliation,,
Is this degree HEC recognized,Yes the degree is recognized by HEC,affiliation,,
Does HEC accept this program,HEC accepts and recognizes this program,affiliation,,
Is this program valid per HEC standards,Yes it meets all HEC standards,affiliation,,
Is the degree HEC compliant,The degree is fully HEC compliant,affiliation,,
Has HEC authorized this program,This program is authorized by HEC,affiliation,,
Is this course HEC accredited,Yes the course has HEC accreditation,affiliation,,
Does this qualification have HEC recognition,Yes HEC recognizes this qualification,affiliation,,
Is the program listed in HEC database,Yes it is listed in HEC's recognized programs,affiliation,,
Is this degree valid for HEC scholarships,Yes HEC scholarships accept this degree,affiliation,,
Does HEC endorse this program,Yes HEC endorses this program,affiliation,,
Is this program HEC registered,Yes it is registered with HEC,affiliation,,
Is the degree recognized by higher education commission,Yes recognized by Higher Education Commission,affiliation,,
Is this program approved by Pakistan's HEC,Yes approved by Pakistan's HEC,affiliation,,
Does HEC Pakistan recognize this,Yes HEC Pakistan recognizes this,affiliation,,
Is this NCEAC accredited program,Yes this program has NCEAC accreditation,affiliation,,
Does NCEAC recognize this course,This course is recognized by NCEAC,affiliation,,
Is the computing program NCEAC approved,Yes NCEAC has approved this computing program,affiliation,,
Is this IT qualification NCEAC valid,This IT qualification is valid per NCEAC,affiliation,,
Has NCEAC verified this computing program,The computing program is verified by NCEAC,affiliation,,
Is this degree NCEAC recognized,Yes the degree is recognized by NCEAC,affiliation,,
Does NCEAC accept this IT program,NCEAC accepts this IT program,affiliation,,
Is this program valid per NCEAC standards,Yes it meets all NCEAC standards,affiliation,,
Is the computing degree NCEAC compliant,The computing degree is NCEAC compliant,affiliation,,
Has NCEAC authorized this CS program,This CS program is NCEAC authorized,affiliation,,
Is this computing course NCEAC accredited,Yes the computing course has NCEAC accreditation,affiliation,,
Does this IT qualification have NCEAC recognition,Yes NCEAC recognizes this IT qualification,affiliation,,
Is the program listed in NCEAC database,Yes it is listed in NCEAC's recognized programs,affiliation,,
Is this degree valid for NCEAC scholarships,Yes NCEAC scholarships accept this degree,affiliation,,
Does NCEAC endorse this computing program,Yes NCEAC endorses this computing program,affiliation,,
Is this program NCEAC registered,Yes it is registered with NCEAC,affiliation,,
Is the computing degree recognized by NCEAC,Yes recognized by National Computing Education Accreditation Council,affiliation,,
Is this program approved by Pakistan's NCEAC,Yes approved by Pakistan's NCEAC,affiliation,,
Does NCEAC Pakistan recognize this,Yes NCEAC Pakistan recognizes this,affiliation,,
Is this program recognized by both HEC and NCEAC,Yes recognized by both HEC and NCEAC,affiliation,,
Does HEC and NCEAC both approve this,Yes both HEC and NCEAC approve this program,affiliation,,
Is this dual recognized by HEC and NCEAC,Yes it has dual recognition from HEC and NCEAC,affiliation,,
Has HEC and NCEAC verified this program,Verified by both HEC and NCEAC,affiliation,,
Is this degree valid with HEC and NCEAC,Valid with both HEC and NCEAC,affiliation,,
Does the program meet HEC and NCEAC requirements,Yes meets all HEC and NCEAC requirements,affiliation,,
Is this computing program HEC and NCEAC approved,Yes approved by both HEC and NCEAC,affiliation,,
Is the accreditation from HEC and NCEAC,Yes accredited by both HEC and NCEAC,affiliation,,
Does Pakistan's HEC and NCEAC recognize this,Yes recognized by both bodies in Pakistan,affiliation,,
Is this program in HEC and NCEAC listings,Yes listed by both HEC and NCEAC,affiliation,,
Is the recognition from HEC and NCEAC current,Yes current recognition from both,affiliation,,
Does HEC approve this BS program,Yes the BS program is HEC approved,affiliation,,
Is the BSCS program recognized by HEC,Yes the BSCS program is recognized by HEC,affiliation,,
Does HEC approve the BSAI degree,Yes the BSAI degree is approved by HEC,affiliation,,
Is the BSSE program HEC accredited,Yes the BSSE program has HEC accreditation,affiliation,,
Is the BSCS qualification valid with HEC,The BSCS qualification is valid and recognized by HEC,affiliation,,
Has HEC verified the BSAI program,The BSAI program has been verified by HEC,affiliation,,
Is the BSSE degree HEC recognized,Yes the BSSE degree is recognized by HEC,affiliation,,
Does HEC accept the BSCS program,HEC accepts and recognizes the BSCS program,affiliation,,
Is the BSAI program valid per HEC standards,Yes the BSAI meets all HEC standards,affiliation,,
Is the BSSE degree HEC compliant,The BSSE degree is fully HEC compliant,affiliation,,
Has HEC authorized the BSCS program,The BSCS program is authorized by HEC,affiliation,,
Is the BSAI course HEC accredited,Yes the BSAI course has HEC accreditation,affiliation,,
Does the BSSE qualification have HEC recognition,Yes HEC recognizes the BSSE qualification,affiliation,,
Is the BSCS program listed in HEC database,Yes it is listed in HEC's recognized programs,affiliation,,
Is the BSAI degree valid for HEC scholarships,Yes HEC scholarships accept the BSAI degree,affiliation,,
Does HEC endorse the BSSE program,Yes HEC endorses the BSSE program,affiliation,,
Is the BSCS program HEC registered,Yes it is registered with HEC,affiliation,,
Is the BSAI recognized by higher education commission,Yes recognized by Higher Education Commission,affiliation,,
Is the BSSE program approved by Pakistan's HEC,Yes approved by Pakistan's HEC,affiliation,,
Does HEC Pakistan recognize the BSCS,Yes HEC Pakistan recognizes the BSCS,affiliation,,
Is the BSAI NCEAC accredited program,Yes the BSAI has NCEAC accreditation,affiliation,,
Does NCEAC recognize the BSSE course,The BSSE course is recognized by NCEAC,affiliation,,
Is the BSCS program NCEAC approved,Yes NCEAC has approved the BSCS program,affiliation,,
Is the BSAI qualification NCEAC valid,The BSAI qualification is valid per NCEAC,affiliation,,
Has NCEAC verified the BSSE program,The BSSE program is verified by NCEAC,affiliation,,
Is the BSCS degree NCEAC recognized,Yes the BSCS degree is recognized by NCEAC,affiliation,,
Does NCEAC accept the BSAI program,NCEAC accepts the BSAI program,affiliation,,
Is the BSSE program valid per NCEAC standards,Yes it meets all NCEAC standards,affiliation,,
Is the BSCS degree NCEAC compliant,The BSCS degree is NCEAC compliant,affiliation,,
Has NCEAC authorized the BSAI program,The BSAI program is NCEAC authorized,affiliation,,
Is the BSSE computing course NCEAC accredited,Yes the BSSE course has NCEAC accreditation,affiliation,,
Does the BSCS qualification have NCEAC recognition,Yes NCEAC recognizes the BSCS qualification,affiliation,,
Is the BSAI program listed in NCEAC database,Yes it is listed in NCEAC's recognized programs,affiliation,,
Is the BSSE degree valid for NCEAC scholarships,Yes NCEAC scholarships accept the BSSE degree,affiliation,,
Does NCEAC endorse the BSCS program,Yes NCEAC endorses the BSCS program,affiliation,,
Is the BSAI program NCEAC registered,Yes it is registered with NCEAC,affiliation,,
Is the BSSE degree recognized by NCEAC,Yes recognized by National Computing Education Accreditation Council,affiliation,,
Is the BSCS program approved by Pakistan's NCEAC,Yes approved by Pakistan's NCEAC,affiliation,,
Does NCEAC Pakistan recognize the BSAI,Yes NCEAC Pakistan recognizes the BSAI,affiliation,,
Is the BSSE program recognized by both HEC and NCEAC,Yes recognized by both HEC and NCEAC,affiliation,,
Does HEC and NCEAC both approve the BSCS,Yes both HEC and NCEAC approve the BSCS program,affiliation,,
Is the BSAI dual recognized by HEC and NCEAC,Yes it has dual recognition from HEC and NCEAC,affiliation,,
Has HEC and NCEAC verified the BSSE program,The BSSE program is verified by both HEC and NCEAC,affiliation,,
Is the BSCS degree valid with HEC and NCEAC,Valid with both HEC and NCEAC,affiliation,,
Does the BSAI program meet HEC and NCEAC requirements,Yes meets all HEC and NCEAC requirements,affiliation,,
Is the BSSE program HEC and NCEAC approved,Yes approved by both HEC and NCEAC,affiliation,,
Is the BSCS accreditation from HEC and NCEAC,Yes accredited by both HEC and NCEAC,affiliation,,
Does Pakistan's HEC and NCEAC recognize the BSAI,Yes recognized by both bodies in Pakistan,affiliation,,
Is the BSSE program in HEC and NCEAC listings,Yes listed by both HEC and NCEAC,affiliation,,
Is the BSCS recognition from HEC and NCEAC current,Yes current recognition from both,affiliation,,
Is the BSAI program HEC and NCEAC compliant,Yes compliant with both HEC and NCEAC,affiliation,,
Does the BSSE have valid HEC and NCEAC status,Yes has valid status with both,affiliation,,
Is the BSCS curriculum approved by HEC,Yes the BSCS curriculum is HEC approved,affiliation,,
Does the BSAI program follow HEC guidelines,Yes follows all HEC guidelines,affiliation,,
Is the BSSE syllabus HEC compliant,Yes the syllabus is HEC compliant,affiliation,,
Has HEC evaluated the BSCS program structure,Yes the BSCS structure is HEC evaluated,affiliation,,
Does NCEAC approve the BSAI course content,Yes the BSAI content is NCEAC approved,affiliation,,
Is the BSSE assessment system NCEAC valid,Yes the assessment system is NCEAC valid,affiliation,,
Are BSCS graduates recognized by HEC,Yes BSCS graduates are HEC recognized,affiliation,,
Can BSAI graduates apply for HEC scholarships,Yes they can apply for HEC scholarships,affiliation,,
Do BSSE degrees have NCEAC recognition,Yes BSSE degrees have NCEAC recognition,affiliation,,
Is the BSCS program duration HEC approved,Yes the duration meets HEC requirements,affiliation,,
Does the BSAI have proper HEC credit hours,Yes has the required HEC credit hours,affiliation,,
Is the BSSE faculty approved by NCEAC,Yes the faculty is NCEAC approved,affiliation,,
Are BSCS facilities HEC compliant,Yes facilities meet HEC standards,affiliation,,
Does the BSAI program have NCEAC certified labs,Yes has NCEAC certified labs,affiliation,,
Is the BSSE department recognized by HEC,Yes the department is HEC recognized,affiliation,,
Does HEC monitor the BSCS program quality,Yes HEC monitors the BSCS quality,affiliation,,
Is the BSAI program reviewed by NCEAC regularly,Yes reviewed regularly by NCEAC,affiliation,,
Are BSSE exams conducted per HEC standards,Yes exams follow HEC standards,affiliation,,
Is the BSCS degree equivalent to HEC standards,Yes equivalent to HEC standards,affiliation,,
Does the BSAI follow NCEAC grading system,Yes follows NCEAC grading system,affiliation,,
Is the BSSE program updated as per HEC policy,Yes updated per HEC policy,affiliation,,
Does HEC recognize previous BSCS batches,Yes recognizes all BSCS batches,affiliation,,
Are BSAI students eligible for HEC funding,Yes eligible for HEC funding,affiliation,,
Do BSSE graduates get HEC attested degrees,Yes they get HEC attested degrees,affiliation,,
Is the BSCS program benchmarked with HEC,Yes benchmarked with HEC standards,affiliation,,
Does the BSAI meet NCEAC international standards,Yes meets NCEAC international standards,affiliation,,
Is the BSSE comparable to HEC national standards,Yes comparable to HEC national standards,affiliation,,
Does HEC include the BSCS in its rankings,Yes included in HEC rankings,affiliation,,
Is the BSAI part of NCEAC quality assurance,Yes part of NCEAC quality assurance,affiliation,,
Are BSSE courses mapped to HEC learning outcomes,Yes mapped to HEC learning outcomes,affiliation,,
Does the BSCS have HEC approved research component,Yes has HEC approved research,affiliation,,
Is the BSAI internship approved by NCEAC,Yes the internship is NCEAC approved,affiliation,,
Does the BSSE meet HEC industry requirements,Yes meets HEC industry requirements,affiliation,,
Is the BSCS program following HEC semester system,Yes follows HEC semester system,affiliation,,
Does the BSAI have NCEAC approved electives,Yes has NCEAC approved electives,affiliation,,
Is the BSSE curriculum updated per HEC guidelines,Yes updated per HEC guidelines,affiliation,,
Does HEC verify BSCS faculty qualifications,Yes HEC verifies faculty qualifications,affiliation,,
Are BSAI textbooks approved by NCEAC,Yes textbooks are NCEAC approved,affiliation,,
Is the BSSE program duration approved by HEC,Yes duration is HEC approved,affiliation,,
Does the BSCS have HEC recognized credit transfer,Yes has HEC recognized credit transfer,affiliation,,
Is the BSAI admission process NCEAC compliant,Yes admission process is NCEAC compliant,affiliation,,
Are BSSE examinations monitored by HEC,Yes examinations are HEC monitored,affiliation,,
Does HEC conduct audits of the BSCS program,Yes HEC conducts regular audits,affiliation,,
Is the BSAI program part of NCEAC inspections,Yes part of NCEAC inspections,affiliation,,
Are BSSE graduates eligible for HEC jobs,Yes eligible for HEC jobs,affiliation,,
Does the BSCS degree allow HEC higher studies,Yes allows HEC higher studies,affiliation,,
Is the BSAI recognized for NCEAC certifications,Yes recognized for NCEAC certifications,affiliation,,
Does the BSSE qualify for HEC research grants,Yes qualifies for HEC research grants,affiliation,,
Is the BSCS program in HEC's approved list,Yes in HEC's approved programs list,affiliation,,
Does the BSAI appear in NCEAC recognized programs,Yes appears in NCEAC recognized programs,affiliation,,
Is the BSSE degree valid across Pakistan,Yes valid across Pakistan per HEC,affiliation,,
Does HEC accept BSCS for government positions,Yes accepted for government positions,affiliation,,
Is the BSAI valid for NCEAC accredited jobs,Yes valid for NCEAC accredited jobs,affiliation,,
Are BSSE courses transferable under HEC,Yes transferable under HEC policy,affiliation,,
Does the BSCS follow HEC's grading policy,Yes follows HEC's grading policy,affiliation,,
Is the BSAI assessment system NCEAC approved,Yes assessment system is NCEAC approved,affiliation,,
Are BSSE student projects HEC recognized,Yes student projects are HEC recognized,affiliation,,
Does HEC provide guidelines for BSCS,Yes provides specific guidelines for BSCS,affiliation,,
Is the BSAI curriculum reviewed by NCEAC,Yes curriculum is NCEAC reviewed,affiliation,,
Are BSSE teaching methods HEC approved,Yes teaching methods are HEC approved,affiliation,,
Does the BSCS have HEC approved research areas,Yes has HEC approved research areas,affiliation,,
Is the BSAI thesis process NCEAC compliant,Yes thesis process is NCEAC compliant,affiliation,,
Are BSSE practicals conducted per HEC standards,Yes practicals follow HEC standards,affiliation,,
Does HEC recognize BSCS online courses,Yes recognizes approved online courses,affiliation,,
Is the BSAI blended learning NCEAC approved,Yes blended learning is NCEAC approved,affiliation,,
Are BSSE workshops HEC recognized,Yes workshops are HEC recognized,affiliation,,
Does the BSCS program have HEC quality marks,Yes has HEC quality assurance marks,affiliation,,
Is the BSAI included in NCEAC's latest report,Yes included in NCEAC's latest report,affiliation,,
Are BSSE alumni recognized by HEC,Yes alumni are HEC recognized,affiliation,,
Does HEC update BSCS program requirements,Yes updates requirements regularly,affiliation,,
Is the BSAI following NCEAC's latest standards,Yes following latest NCEAC standards,affiliation,,
Are BSSE facilities up to HEC standards,Yes facilities meet current HEC standards,affiliation,,
Does the BSCS program have HEC accreditation certificate,Yes has valid HEC accreditation certificate,affiliation,,
Is the BSAI program listed on NCEAC website,Yes listed on NCEAC official website,affiliation,,
Are BSSE graduates eligible for HEC scholarships,Yes eligible for HEC postgraduate scholarships,affiliation,,
Does HEC conduct surveys for BSCS quality,Yes conducts regular quality surveys,affiliation,,
Is the BSAI program part of NCEAC rankings,Yes part of NCEAC program rankings,affiliation,,
Are BSSE courses aligned with HEC vision,Yes aligned with HEC's strategic vision,affiliation,,
Does the BSCS have HEC approved examination system,Yes has HEC approved examination system,affiliation,,
Is the BSAI grading scheme NCEAC verified,Yes grading scheme is NCEAC verified,affiliation,,
Are BSSE student evaluations HEC compliant,Yes student evaluations are HEC compliant,affiliation,,
Does HEC recognize BSCS from this institution,Yes recognizes BSCS from this institution,affiliation,,
Is the BSAI degree NCEAC valid internationally,Yes has international NCEAC validity,affiliation,,
Are BSSE program objectives HEC approved,Yes program objectives are HEC approved,affiliation,,
Does the BSCS follow HEC's academic calendar,Yes follows HEC's academic calendar,affiliation,,
Is the BSAI attendance policy NCEAC approved,Yes attendance policy is NCEAC approved,affiliation,,
Are BSSE course outlines HEC compliant,Yes course outlines are HEC compliant,affiliation,,
Does HEC provide feedback on BSCS program,Yes provides regular feedback,affiliation,,
Is the BSAI part of NCEAC's quality circle,Yes part of NCEAC's quality circle,affiliation,,
Are BSSE teaching resources HEC approved,Yes teaching resources are HEC approved,affiliation,,
Does the BSCS have HEC recognized degree format,Yes has HEC recognized degree format,affiliation,,
Is the BSAI transcript NCEAC standardized,Yes transcript is NCEAC standardized,affiliation,,
Are BSSE program changes HEC notified,Yes changes are properly HEC notified,affiliation,,
Does HEC verify BSCS student records,Yes verifies student records regularly,affiliation,,
Is the BSAI enrollment data shared with NCEAC,Yes enrollment data is shared with NCEAC,affiliation,,
Are BSSE graduation rates monitored by HEC,Yes graduation rates are HEC monitored,affiliation,,
Does the BSCS have HEC approved student ratio,Yes maintains HEC approved student ratio,affiliation,,
Is the BSAI faculty-student ratio NCEAC compliant,Yes ratio is NCEAC compliant,affiliation,,
Are BSSE research projects HEC recognized,Yes research projects are HEC recognized,affiliation,,
Does HEC conduct BSCS program evaluations,Yes conducts periodic evaluations,affiliation,,
Is the BSAI included in NCEAC accreditation cycle,Yes in NCEAC accreditation cycle,affiliation,,
Are BSSE quality indicators HEC approved,Yes quality indicators are HEC approved,affiliation,,
What programs do you offer?,We provide <program> as a 4-year degree program.,admission,,
What courses are available?,Our course catalog includes the 4-year <program>.,admission,,
What degrees do you provide?,Students can pursue our 4-year <program> degree.,admission,,
What academic programs are offered?,Our institution offers the <program> as a 4-year course.,admission,,
What study options are available?,The <program> is available as a 4-year study option.,admission,,
What educational programs do you have?,We have a 4-year <program> among our educational offerings.,admission,,
What are the available programs?,The <program> is one of our featured 4-year programs.,admission,,
What programs can I enroll in?,You can enroll in our 4-year <program> starting next semester.,admission,,
What are the program offerings?,Our program offerings include the 4-year <program>.,admission,,
What are the available courses?,The 4-year <program> is currently accepting applications.,admission,,
What are the degree programs?,Our degree programs feature a comprehensive 4-year <program>.,admission,,
What are the study programs?,The 4-year <program> is one of our most popular study options.,admission,,
What are the academic offerings?,Among our academic offerings is the 4-year <program>.,admission,,
What programs are available for enrollment?,The 4-year <program> is open for enrollment now.,admission,,
What are the educational offerings?,Our educational portfolio includes the 4-year <program>.,admission,,
What programs can I apply for?,Applications are being accepted for our 4-year <program>.,admission,,
What are the available degree options?,The <program> is available as a 4-year degree option.,admission,,
What are the program options?,One excellent program option is our 4-year <program>.,admission,,
What are the available academic programs?,The 4-year <program> is among our academic programs.,admission,,
What are the course offerings?,Our course offerings feature the 4-year <program> curriculum.,admission,,
What programs are offered at your institute?,We're proud to offer the 4-year <program> at our institute.,admission,,
What are the available study options?,The 4-year <program> is an outstanding study option.,admission,,
What are the degree options available?,Among our degree options is the 4-year <program> track.,admission,,
What are the academic programs available?,The 4-year <program> is currently available to students.,admission,,
What are the educational programs available?,Our available educational programs include the 4-year <program>.,admission,,
What are the available undergraduate programs?,The <program> is one of our undergraduate 4-year programs.,admission,,
What are the available postgraduate programs?,We offer the <program> as a postgraduate 4-year option.,admission,,
What are the available diploma programs?,Our diploma programs include a 4-year <program> track.,admission,,
What are the available certificate programs?,The 4-year <program> leads to a professional certificate.,admission,,
What are the available professional programs?,Our professional program offerings include the 4-year <program>.,admission,,
What are the available executive programs?,Executives can enroll in our 4-year <program>.,admission,,
What are the available online programs?,The <program> is available as a 4-year online program.,admission,,
What are the available distance learning programs?,Distance learners can pursue our 4-year <program>.,admission,,
What are the available part-time programs?,The <program> is offered as a 4-year part-time option.,admission,,
What are the available full-time programs?,Our full-time offerings include the 4-year <program>.,admission,,
What are the available evening programs?,Evening students can enroll in our 4-year <program>.,admission,,
What are the available weekend programs?,The weekend schedule features our 4-year <program>.,admission,,
What are the available summer programs?,Summer sessions are available for our 4-year <program>.,admission,,
What are the available winter programs?,Winter enrollment is open for our 4-year <program>.,admission,,
What are the available spring programs?,Spring admissions are ongoing for our 4-year <program>.,admission,,
What are the available fall programs?,Fall semester starts soon for our 4-year <program>.,admission,,
What are the available semester programs?,The <program> runs as a 4-year semester-based program.,admission,,
What are the available trimester programs?,Our trimester system offers the 4-year <program>.,admission,,
What are the available quarter programs?,Quarter-system students can pursue our 4-year <program>.,admission,,
What are the available annual programs?,The <program> is structured as a 4-year annual program.,admission,,
What are the available short-term programs?,While primarily a 4-year <program> we offer short-term options.,admission,,
What are the available long-term programs?,Our flagship 4-year <program> is a comprehensive option.,admission,,
What are the available intensive programs?,The intensive track of our 4-year <program> is available.,admission,,
What are the available accelerated programs?,Ambitious students can complete our <program> in 3 years.,admission,,
What are the available modular programs?,The <program> is offered in modular format over 4 years.,admission,,
What is the enrollment project fee?,The enrollment fee of the project is <projectfee>.,fee,,
How much is the enrollment project fee?,The fee for enrolling in the project is <projectfee>.,fee,,
What's the cost to enroll in the project?,The enrollment cost for the project is <projectfee>.,fee,,
Can you tell me the enrollment fee for the project?,The enrollment fee for the project is <projectfee>.,fee,,
What do I pay to enroll in the project?,You need to pay <projectfee> to enroll in the project.,fee,,
How much does enrolling in the project cost?,Enrolling in the project costs <projectfee>.,fee,,
What is the fee structure for project enrollment?,The enrollment fee for the project is <projectfee>.,fee,,
What are the enrollment fees for the project?,The enrollment fee for the project is <projectfee>.,fee,,
How much is charged to enroll in the project?,The charge to enroll in the project is <projectfee>.,fee,,
What is the total enrollment fee for the project?,The total enrollment fee for the project is <projectfee>.,fee,,
What's the project's enrollment cost?,The enrollment cost for the project is <projectfee>.,fee,,
How much should I pay to enroll in the project?,You should pay <projectfee> to enroll in the project.,fee,,
What is the payment for project enrollment?,The payment for project enrollment is <projectfee>.,fee,,
How much is the fee to enroll in this project?,The fee to enroll in this project is <projectfee>.,fee,,
What is the enrollment charge for the project?,The enrollment charge for the project is <projectfee>.,fee,,
What is the cost to enroll in the project?,The cost to enroll in the project is <projectfee>.,fee,,
How much is the project's enrollment fee?,The enrollment fee for the project is <projectfee>.,fee,,
What's the amount to enroll in the project?,The amount to enroll in the project is <projectfee>.,fee,,
What is the project enrollment payment?,The payment for project enrollment is <projectfee>.,fee,,
How much do I need to enroll in the project?,You need <projectfee> to enroll in the project.,fee,,
What is the enrollment expense for the project?,The expense to enroll in the project is <projectfee>.,fee,,
How much is the total fee to enroll in the project?,The total fee to enroll in the project is <projectfee>.,fee,,
What's the project's enrollment payment?,The payment to enroll in the project is <projectfee>.,fee,,
What is the fee to enroll in this specific project?,The fee to enroll in this project is <projectfee>.,fee,,
How much is the enrollment charge for this project?,The enrollment charge for this project is <projectfee>.,fee,,
What is the enrollment cost for the project?,The enrollment cost for the project is <projectfee>.,fee,,
How much is the per-student enrollment fee for the project?,The enrollment fee per student for the project is <projectfee>.,fee,,
What is the fee per enrollment for the project?,The fee per enrollment for the project is <projectfee>.,fee,,
How much is the enrollment charge for the project?,The enrollment charge for the project is <projectfee>.,fee,,
What is the amount to enroll in the project?,The amount to enroll in the project is <projectfee>.,fee,,
What's the total enrollment expense for the project?,The total enrollment expense for the project is <projectfee>.,fee,,
How much is the total payment to enroll in the project?,The total payment to enroll in the project is <projectfee>.,fee,,
What is the project's enrollment amount?,The amount to enroll in the project is <projectfee>.,fee,,
How much does enrolling in the entire project cost?,Enrolling in the entire project costs <projectfee>.,fee,,
What is the full enrollment fee for the project?,The full enrollment fee for the project is <projectfee>.,fee,,
How much is the complete enrollment fee for the project?,The complete enrollment fee for the project is <projectfee>.,fee,,
What is the overall enrollment cost for the project?,The overall enrollment cost for the project is <projectfee>.,fee,,
How much is the project's full enrollment payment?,The full enrollment payment for the project is <projectfee>.,fee,,
What is the project's complete enrollment fee?,The complete enrollment fee for the project is <projectfee>.,fee,,
How much is the project's overall enrollment charge?,The overall enrollment charge for the project is <projectfee>.,fee,,
What is the project's full enrollment amount?,The full enrollment amount for the project is <projectfee>.,fee,,
How much is the project's total enrollment pricing?,The total enrollment pricing for the project is <projectfee>.,fee,,
What is the project's complete enrollment cost?,The complete enrollment cost for the project is <projectfee>.,fee,,
If a student fails and re-enrolls in the FYP what is the fee?,The fee to re-enroll in the FYP after failing is <projectfee>.,fee,,
What is the fee for re-enrollment after failing the project?,The re-enrollment fee after failing is <projectfee>.,fee,,
How much does it cost to retake the FYP project?,The cost to retake the FYP project is <projectfee>.,fee,,
What is the fee if I fail and need to redo the project?,The fee to redo the project after failing is <projectfee>.,fee,,
If I fail the project how much is the re-enrollment fee?,The re-enrollment fee after failing is <projectfee>.,fee,,
What is the charge for retaking the project after failure?,The charge to retake the project after failing is <projectfee>.,fee,,
How much do I pay if I fail and re-enroll in the FYP?,You pay <projectfee> to re-enroll in the FYP after failing.,fee,,
Do you provide residence facilities?,We <residence_facility> provide residence facilities.,residence,,
Are hostel facilities available?,Hostel facilities <residence_facility> available.,residence,,
Is on-campus housing offered?,On-campus housing <residence_facility> offered.,residence,,
Do you have dormitory facilities?,Dormitory facilities <residence_facility> available.,residence,,
Are there student residences?,Student residences <residence_facility> provided.,residence,,
Is accommodation provided?,Accommodation <residence_facility> provided.,residence,,
Do you offer student housing?,Student housing <residence_facility> offered.,residence,,
Can students live on campus?,Students <residence_facility> live on campus.,residence,,
Is residential accommodation available?,Residential accommodation <residence_facility> available.,residence,,
Are there housing options?,Housing options <residence_facility> available.,residence,,
Do you provide student housing?,Student housing <residence_facility> provided.,residence,,
Is campus accommodation available?,Campus accommodation <residence_facility> available.,residence,,
Are there dorm rooms for students?,Dorm rooms <residence_facility> available for students.,residence,,
Does the university offer residences?,University residences <residence_facility> offered.,residence,,
Can I stay in campus housing?,Campus housing <residence_facility> available for stay.,residence,,
Are hostel rooms provided?,Hostel rooms <residence_facility> provided.,residence,,
Is there student lodging?,Student lodging <residence_facility> available.,residence,,
Do you arrange student accommodations?,Student accommodations <residence_facility> arranged.,residence,,
Are residence halls available?,Residence halls <residence_facility> available.,residence,,
Does the institute have hostels?,Institute hostels <residence_facility> maintained.,residence,,
Can students reside on campus?,Students <residence_facility> reside on campus.,residence,,
Is on-campus living possible?,On-campus living <residence_facility> possible.,residence,,
Are boarding facilities offered?,Boarding facilities <residence_facility> offered.,residence,,
Do you manage student housing?,Student housing <residence_facility> managed.,residence,,
Is there university accommodation?,University accommodation <residence_facility> available.,residence,,
Are living quarters provided?,Living quarters <residence_facility> provided.,residence,,
Can international students get housing?,Housing for international students <residence_facility> available.,residence,,
Is residential stay offered?,Residential stay <residence_facility> offered.,residence,,
Do you have student dormitories?,Student dormitories <residence_facility> maintained.,residence,,
Are there any campus residences?,Campus residences <residence_facility> available.,residence,,
Is hostel stay available?,Hostel stay <residence_facility> available.,residence,,
Does the college provide lodging?,College lodging <residence_facility> provided.,residence,,
Are there shared rooms for students?,Shared rooms <residence_facility> available for students.,residence,,
Can I get campus residence?,Campus residence <residence_facility> obtainable.,residence,,
Is there affordable student housing?,Affordable student housing <residence_facility> available.,residence,,
Do you offer temporary housing?,Temporary housing <residence_facility> offered.,residence,,
Are there graduate residences?,Graduate residences <residence_facility> available.,residence,,
Is housing guaranteed for students?,Housing <residence_facility> guaranteed for students.,residence,,
Do you provide semester housing?,Semester housing <residence_facility> provided.,residence,,
Are there family housing options?,Family housing options <residence_facility> available.,residence,,
Can freshmen live on campus?,Freshmen <residence_facility> live on campus.,residence,,
Is summer housing available?,Summer housing <residence_facility> available.,residence,,
Do you have residence for disabled students?,Residence for disabled students <residence_facility> available.,residence,,
Are there quiet study residences?,Quiet study residences <residence_facility> available.,residence,,
Is alcohol-free housing provided?,Alcohol-free housing <residence_facility> provided.,residence,,
Do you offer apartment-style housing?,Apartment-style housing <residence_facility> offered.,residence,,
Are there single-room options?,Single-room options <residence_facility> available.,residence,,
Is there 24/7 residence access?,24/7 residence access <residence_facility> permitted.,residence,,
Do you provide meal plans with housing?,Meal plans with housing <residence_facility> provided.,residence,,
Are there gender-inclusive residences?,Gender-inclusive residences <residence_facility> available.,residence,,
Is there housing for exchange students?,Housing for exchange students <residence_facility> available.,residence,,
Do you have substance-free housing?,Substance-free housing <residence_facility> maintained.,residence,,
Are there honors program residences?,Honors program residences <residence_facility> available.,residence,,
Is there housing near campus?,Housing near campus <residence_facility> available.,residence,,
Do you provide housing assistance?,Housing assistance <residence_facility> provided.,residence,,
Are there accessible residences?,Accessible residences <residence_facility> available.,residence,,
Is there housing for athletes?,Housing for athletes <residence_facility> available.,residence,,
Do you offer winter break housing?,Winter break housing <residence_facility> offered.,residence,,
Are there music program residences?,Music program residences <residence_facility> available.,residence,,
Is there housing with kitchens?,Housing with kitchens <residence_facility> available.,residence,,
What is the criteria of the merit-based scholarship?,To qualify for the merit-based scholarship students need to maintain <scholershipcriteria>% marks in their academics.,fee,,
What are the requirements for the merit-based scholarship?,The merit-based scholarship requires a minimum of <scholershipcriteria>% marks.,fee,,
How can I qualify for the merit-based scholarship?,Eligibility for the merit scholarship demands <scholershipcriteria>% academic marks.,fee,,
What marks are required for the merit-based scholarship?,Applicants must score at least <scholershipcriteria>% to be considered for this scholarship.,fee,,
What percentage is needed for the merit-based scholarship?,<scholershipcriteria>% is the minimum percentage required for the merit scholarship.,fee,,
What is the eligibility for the merit-based scholarship?,Students must achieve <scholershipcriteria>% marks to be eligible for this scholarship.,fee,,
What are the criteria to get the merit-based scholarship?,The primary criterion is maintaining <scholershipcriteria>% marks throughout the academic year.,fee,,
What is the minimum percentage for the merit-based scholarship?,The cutoff percentage for this scholarship is <scholershipcriteria>%.,fee,,
How much percentage is required for the merit-based scholarship?,A consistent academic performance of <scholershipcriteria>% is mandatory.,fee,,
What are the academic requirements for the merit-based scholarship?,Academic excellence with <scholershipcriteria>% marks is required for this scholarship.,fee,,
What is the cutoff for the merit-based scholarship?,The scholarship cutoff stands at <scholershipcriteria>% marks.,fee,,
What marks do I need for the merit-based scholarship?,You'll need to secure <scholershipcriteria>% marks to qualify.,fee,,
What is the academic criteria for the merit-based scholarship?,<scholershipcriteria>% marks form the core academic requirement.,fee,,
What percentage do I need to apply for the merit-based scholarship?,Your application requires <scholershipcriteria>% marks to be considered.,fee,,
What is the minimum marks required for the merit-based scholarship?,The bare minimum to apply is <scholershipcriteria>% marks.,fee,,
What are the qualifications for the merit-based scholarship?,<scholershipcriteria>% academic marks qualify you for consideration.,fee,,
What is the academic performance requirement for the merit-based scholarship?,Consistent performance of <scholershipcriteria>% is expected.,fee,,
What is the grade requirement for the merit-based scholarship?,The scholarship mandates <scholershipcriteria>% equivalent grades.,fee,,
What is the performance criteria for the merit-based scholarship?,Performance benchmark is set at <scholershipcriteria>% marks.,fee,,
What is the academic standard for the merit-based scholarship?,The scholarship maintains <scholershipcriteria>% as its academic standard.,fee,,
Is this a semester-based or annual system?,Our institute follows the semester system,admission,,
What academic calendar does the institute use?,We operate on a semester system,admission,,
Do you have semesters or annual terms?,Our academic structure is semester-based,admission,,
Is the program divided into semesters?,Yes we follow a semester system,admission,,
Are courses organized by semesters?,All our programs use the semester system,admission,,
How is the academic year divided?,Our institute divides the year into semesters,admission,,
What term system does the school use?,We use a semester system for all programs,admission,,
Is education structured in semesters?,Yes we follow the semester system,admission,,
Does the school use semester terms?,Our institute operates on a semester basis,admission,,
Are there two main terms per year?,Yes we have a semester system with two main terms,admission,,
Is the curriculum semester-based?,All our programs follow the semester system,admission,,
How many terms in an academic year?,We have two semesters in our academic year,admission,,
What's the academic term structure?,Our institute follows the semester system structure,admission,,
Do you follow semester patterns?,Yes we adhere to the semester system,admission,,
Is assessment done by semesters?,Yes we evaluate students each semester,admission,,
Are programs semester-organized?,All our academic programs use the semester system,admission,,
What's the institute's academic schedule?,We run on a semester system schedule,admission,,
Does the college use semesters?,Yes our institute follows the semester system,admission,,
Is the teaching system semester-based?,Our academic delivery follows the semester system,admission,,
How frequently are terms offered?,We offer two semesters per academic year,admission,,
Is the examination system semester-wise?,Yes we conduct exams each semester,admission,,
What's the term duration at your institute?,We have semester-long terms in our system,admission,,
Are academic sessions semesterized?,Yes we organize sessions by semester system,admission,,
Does admission happen each semester?,Yes we admit students under our semester system,admission,,
Is grading done per semester?,Our grading follows the semester system timeline,admission,,
What's the institute's academic cycle?,We operate on a semester system cycle,admission,,
Are courses semester-structured?,All our courses follow semester system structure,admission,,
How is the teaching period divided?,Our institute divides teaching into semesters,admission,,
Is the academic framework semesteral?,Yes we follow the semester system framework,admission,,
Does the school have semester exams?,Yes we conduct exams under our semester system,admission,,
What's the program duration format?,All programs follow semester system durations,admission,,
Is coursework semester-organized?,Yes our coursework follows semester system,admission,,
Are academic progressions semesteral?,Student progression follows our semester system,admission,,
How many teaching periods yearly?,We have two teaching semesters per year,admission,,
Is the academic flow semester-based?,Our institute's academic flow is semester-system based,admission,,
Does registration occur per semester?,Yes registration follows our semester system,admission,,
What's the term basis for studies?,All studies follow our semester system basis,admission,,
Are academic years semester-split?,Yes our years are divided into semesters,admission,,
Is the learning system semesteric?,Our learning system follows semester patterns,admission,,
How are academic periods arranged?,We arrange periods under the semester system,admission,,
Does the institute have semester breaks?,Yes we have breaks as per semester system,admission,,
Is the study plan semester-divided?,All study plans follow semester divisions,admission,,
What's the academic segmentation?,Our institute uses semester system segmentation,admission,,
Are programs semester-sequenced?,All academic programs follow semester sequencing,admission,,
How is the academic timeline set?,Our timeline follows the semester system,admission,,
Is the educational system semesteric?,Yes we follow semester system education,admission,,
Does evaluation happen per semester?,All evaluations follow semester system timing,admission,,
What's the institute's academic rhythm?,We operate on a semester system rhythm,admission,,
Are courses semester-allocated?,Yes all courses follow semester system allocation,admission,,
How is the academic calendar organized?,Our calendar is organized by semester system,admission,,
What is the semester fee?,The fee of one semester is <semesterfee>.,fee,,
How much is the semester fee?,The fee for one semester is <semesterfee>.,fee,,
What's the cost per semester?,The semester fee is <semesterfee>.,fee,,
Can you tell me the semester fee?,The fee for a semester is <semesterfee>.,fee,,
What do I pay per semester?,You need to pay <semesterfee> per semester.,fee,,
How much does a semester cost?,One semester costs <semesterfee>.,fee,,
What is the fee structure per semester?,The semester fee is <semesterfee>.,fee,,
What are the semester fees?,The fee for each semester is <semesterfee>.,fee,,
How much is charged per semester?,The charge per semester is <semesterfee>.,fee,,
What is the tuition fee per semester?,The semester tuition fee is <semesterfee>.,fee,,
What's the semester tuition cost?,The cost per semester is <semesterfee>.,fee,,
How much should I pay for a semester?,You should pay <semesterfee> for one semester.,fee,,
What is the payment for one semester?,The payment for a semester is <semesterfee>.,fee,,
How much is the fee for each semester?,Each semester's fee is <semesterfee>.,fee,,
What is the per-semester charge?,The charge per semester is <semesterfee>.,fee,,
What is the cost for one semester?,The cost for one semester is <semesterfee>.,fee,,
How much is one semester's fee?,One semester's fee is <semesterfee>.,fee,,
What's the amount for a semester?,The amount for a semester is <semesterfee>.,fee,,
What is the semester payment?,The semester payment is <semesterfee>.,fee,,
How much do I need for a semester?,You need <semesterfee> for one semester.,fee,,
What is the semester expense?,The expense per semester is <semesterfee>.,fee,,
How much is the academic fee per semester?,The academic fee per semester is <semesterfee>.,fee,,
What's the semester's tuition fee?,The semester's tuition fee is <semesterfee>.,fee,,
What is the fee for a single semester?,The fee for a single semester is <semesterfee>.,fee,,
How much is the semester's cost?,The semester's cost is <semesterfee>.,fee,,
What is the semester's total fee?,The total fee for a semester is <semesterfee>.,fee,,
How much is the per-semester tuition?,The tuition per semester is <semesterfee>.,fee,,
What is the fee per semester?,The fee per semester is <semesterfee>.,fee,,
How much is the semester charge?,The semester charge is <semesterfee>.,fee,,
What is the amount per semester?,The amount per semester is <semesterfee>.,fee,,
What's the semester's total cost?,The total cost for a semester is <semesterfee>.,fee,,
How much is the semester's payment?,The payment for a semester is <semesterfee>.,fee,,
What is the semester's academic fee?,The academic fee per semester is <semesterfee>.,fee,,
How much does one semester require?,One semester requires a payment of <semesterfee>.,fee,,
What is the semester's tuition cost?,The tuition cost per semester is <semesterfee>.,fee,,
How much is the semester's expense?,The expense for a semester is <semesterfee>.,fee,,
What is the per-semester payment?,The payment per semester is <semesterfee>.,fee,,
How much is the semester's academic charge?,The academic charge per semester is <semesterfee>.,fee,,
What's the price per semester?,The price per semester is <semesterfee>.,fee,,
What is the semester's fee structure?,The fee structure per semester is <semesterfee>.,fee,,
How much is the semester's tuition payment?,The tuition payment per semester is <semesterfee>.,fee,,
What is the semester's academic cost?,The academic cost per semester is <semesterfee>.,fee,,
How much is the semester's academic expense?,The academic expense per semester is <semesterfee>.,fee,,
What is the semester's tuition expense?,The tuition expense per semester is <semesterfee>.,fee,,
How much is the semester's academic payment?,The academic payment per semester is <semesterfee>.,fee,,
What is the semester's academic charge?,The academic charge per semester is <semesterfee>.,fee,,
How much is the semester's tuition charge?,The tuition charge per semester is <semesterfee>.,fee,,
What is the semester's tuition payment?,The tuition payment per semester is <semesterfee>.,fee,,
How much is the semester's academic tuition?,The academic tuition per semester is <semesterfee>.,fee,,
What is the semester's academic structure?,The academic structure per semester is <semesterfee>.,fee,,
How much is the semester's tuition structure?,The tuition structure per semester is <semesterfee>.,fee,,
What is the semester's academic amount?,The academic amount per semester is <semesterfee>.,fee,,
How much is the semester's tuition amount?,The tuition amount per semester is <semesterfee>.,fee,,
What is the semester's academic price?,The academic price per semester is <semesterfee>.,fee,,
How much is the semester's tuition price?,The tuition price per semester is <semesterfee>.,fee,,
What is the semester's academic total?,The academic total per semester is <semesterfee>.,fee,,
How much is the semester's tuition total?,The tuition total per semester is <semesterfee>.,fee,,
What is the semester's academic fee structure?,The academic fee structure per semester is <semesterfee>.,fee,,
How much is the semester's tuition fee structure?,The tuition fee structure per semester is <semesterfee>.,fee,,
What is the semester's academic fee amount?,The academic fee amount per semester is <semesterfee>.,fee,,
How much is the semester's tuition fee amount?,The tuition fee amount per semester is <semesterfee>.,fee,,
What is the semester's academic fee price?,The academic fee price per semester is <semesterfee>.,fee,,
How much is the semester's tuition fee price?,The tuition fee price per semester is <semesterfee>.,fee,,
What is the semester's academic fee total?,The academic fee total per semester is <semesterfee>.,fee,,
How much is the semester's tuition fee total?,The tuition fee total per semester is <semesterfee>.,fee,,
What is the semester's academic fee charge?,The academic fee charge per semester is <semesterfee>.,fee,,
How much is the semester's tuition fee charge?,The tuition fee charge per semester is <semesterfee>.,fee,,
What is the semester's academic fee payment?,The academic fee payment per semester is <semesterfee>.,fee,,
How much is the semester's tuition fee payment?,The tuition fee payment per semester is <semesterfee>.,fee,,
What is the semester's academic fee expense?,The academic fee expense per semester is <semesterfee>.,fee,,
How much is the semester's tuition fee expense?,The tuition fee expense per semester is <semesterfee>.,fee,,
What is the semester's academic fee cost?,The academic fee cost per semester is <semesterfee>.,fee,,
How much is the semester's tuition fee cost?,The tuition fee cost per semester is <semesterfee>.,fee,,
What is the semester's academic fee structure amount?,The academic fee structure amount per semester is <semesterfee>.,fee,,
How much is the semester's tuition fee structure amount?,The tuition fee structure amount per semester is <semesterfee>.,fee,,
What is the semester's academic fee structure price?,The academic fee structure price per semester is <semesterfee>.,fee,,
How much is the semester's tuition fee structure price?,The tuition fee structure price per semester is <semesterfee>.,fee,,
What is the semester's academic fee structure total?,The academic fee structure total per semester is <semesterfee>.,fee,,
How much is the semester's tuition fee structure total?,The tuition fee structure total per semester is <semesterfee>.,fee,,
What is the semester's academic fee structure charge?,The academic fee structure charge per semester is <semesterfee>.,fee,,
How much is the semester's tuition fee structure charge?,The tuition fee structure charge per semester is <semesterfee>.,fee,,
What is the semester's academic fee structure payment?,The academic fee structure payment per semester is <semesterfee>.,fee,,
How much is the semester's tuition fee structure payment?,The tuition fee structure payment per semester is <semesterfee>.,fee,,
What is the semester's academic fee structure expense?,The academic fee structure expense per semester is <semesterfee>.,fee,,
How much is the semester's tuition fee structure expense?,The tuition fee structure expense per semester is <semesterfee>.,fee,,
What is the semester's academic fee structure cost?,The academic fee structure cost per semester is <semesterfee>.,fee,,
How much is the semester's tuition fee structure cost?,The tuition fee structure cost per semester is <semesterfee>.,fee,,
What is the semester's academic fee amount price?,The academic fee amount price per semester is <semesterfee>.,fee,,
How much is the semester's tuition fee amount price?,The tuition fee amount price per semester is <semesterfee>.,fee,,
What is the semester's academic fee amount total?,The academic fee amount total per semester is <semesterfee>.,fee,,
How much is the semester's tuition fee amount total?,The tuition fee amount total per semester is <semesterfee>.,fee,,
What is the semester's academic fee amount charge?,The academic fee amount charge per semester is <semesterfee>.,fee,,
How much is the semester's tuition fee amount charge?,The tuition fee amount charge per semester is <semesterfee>.,fee,,
What is the semester's academic fee amount payment?,The academic fee amount payment per semester is <semesterfee>.,fee,,
How much is the semester's tuition fee amount payment?,The tuition fee amount payment per semester is <semesterfee>.,fee,,
What is the semester's academic fee amount expense?,The academic fee amount expense per semester is <semesterfee>.,fee,,
How much is the semester's tuition fee amount expense?,The tuition fee amount expense per semester is <semesterfee>.,fee,,
What is the semester's academic fee amount cost?,The academic fee amount cost per semester is <semesterfee>.,fee,,
How much is the semester's tuition fee amount cost?,The tuition fee amount cost per semester is <semesterfee>.,fee,,
How much is the semester fee at BIIT?,Students must pay <semesterfee> per semester.,fee,,
What is the fee for each semester at BIIT?,<semesterfee> is charged every semester.,fee,,
How much do I need to pay per semester at BIIT?,You are required to pay <semesterfee> each semester.,fee,,
What is the fee structure per semester at BIIT?,The per-semester fee is <semesterfee>.,fee,,
How much is the tuition fee per semester at BIIT?,Tuition costs <semesterfee> per semester.,fee,,
What is the fee payable per semester at BIIT?,<semesterfee> is the payable amount per semester.,fee,,
How much is the academic fee per semester at BIIT?,The academic fee per semester is <semesterfee>.,fee,,
What is the fee for one semester at BIIT?,For one semester the fee is <semesterfee>.,fee,,
How much is the fee for a single semester at BIIT?,A single semester's fee is <semesterfee>.,fee,,
What is the fee for each academic semester at BIIT?,Each academic semester costs <semesterfee>.,fee,,
How much is the fee for every semester at BIIT?,Every semester requires a payment of <semesterfee>.,fee,,
What is the fee for the semester program at BIIT?,The semester program fee is <semesterfee>.,fee,,
How much is the fee for the semester course at BIIT?,The semester course fee is <semesterfee>.,fee,,
What is the fee for the semester term at BIIT?,The fee per semester term is <semesterfee>.,fee,,
How much is the fee for the semester session at BIIT?,Each semester session costs <semesterfee>.,fee,,
What is the fee for the semester period at BIIT?,The fee for the semester period is <semesterfee>.,fee,,
How much is the fee for the semester duration at BIIT?,For the full semester duration the fee is <semesterfee>.,fee,,
What is the fee for the semester cycle at BIIT?,The semester cycle fee is <semesterfee>.,fee,,
How much is the fee for the semester phase at BIIT?,The fee per semester phase is <semesterfee>.,fee,,
What is the fee for the semester interval at BIIT?,The semester interval fee is <semesterfee>.,fee,,
How much is the fee for the semester segment at BIIT?,Each semester segment costs <semesterfee>.,fee,,
What is the fee for the semester portion at BIIT?,The fee per semester portion is <semesterfee>.,fee,,
How much is the fee for the semester installment at BIIT?,The semester installment fee is <semesterfee>.,fee,,
What is the fee for the semester payment at BIIT?,The semester payment amount is <semesterfee>.,fee,,
How much is the fee for the semester charge at BIIT?,The semester charge is <semesterfee>.,fee,,
Are classes available in multiple shifts?,<isshifts> classes available in <shifts> shifts?,admission,,
Does the program offer flexible timing options?,<isshifts> flexible timing in <shifts> shifts?,admission,,
Can students choose between different schedules?,<isshifts> choice of <shifts> schedules?,admission,,
Are there both day and evening classes?,<isshifts> both day and evening classes?,admission,,
Is the course offered at different times?,<isshifts> course offered at <shifts> times?,admission,,
Are there multiple session options?,<isshifts> multiple session options in <shifts> shifts?,admission,,
Does the institution provide alternate timings?,<isshifts> alternate timings in <shifts> shifts?,admission,,
Can I attend morning or evening sessions?,<isshifts> morning or evening sessions available?,admission,,
Are there options for working professionals?,<isshifts> options for professionals in <shifts> shifts?,admission,,
Is there flexibility in class hours?,<isshifts> flexibility with <shifts> class hours?,admission,,
Are different time slots available?,<isshifts> different time slots in <shifts> shifts?,admission,,
Does the program accommodate various schedules?,<isshifts> accommodation for <shifts> schedules?,admission,,
Can students select preferred timings?,<isshifts> selection of preferred <shifts> timings?,admission,,
Are there both early and late classes?,<isshifts> both early and late classes?,admission,,
Does the schedule cater to different needs?,<isshifts> schedule catering to <shifts> needs?,admission,,
Are there options for day and night students?,<isshifts> options for day/night students?,admission,,
Is there a choice of class timings?,<isshifts> choice of <shifts> class timings?,admission,,
Are lectures held at various times?,<isshifts> lectures at <shifts> times?,admission,,
Does the program run in multiple batches?,<isshifts> program in <shifts> batches?,admission,,
Can I choose between different time options?,<isshifts> choice between <shifts> time options?,admission,,
Are there morning and afternoon sessions?,<isshifts> morning/afternoon sessions?,admission,,
Does the department offer varied schedules?,<isshifts> varied schedules in <shifts> shifts?,admission,,
Are there options for full-time workers?,<isshifts> options for workers in <shifts> shifts?,admission,,
Is the timetable flexible for students?,<isshifts> flexible timetable with <shifts> options?,admission,,
Are there classes for different availabilities?,<isshifts> classes for <shifts> availabilities?,admission,,
Does the curriculum accommodate various timings?,<isshifts> curriculum with <shifts> timings?,admission,,
Can one select convenient hours?,<isshifts> convenient <shifts> hours available?,admission,,
Are there both AM and PM classes?,<isshifts> both AM and PM classes?,admission,,
Does the institute provide timing alternatives?,<isshifts> timing alternatives in <shifts> shifts?,admission,,
Are there sessions for different lifestyles?,<isshifts> sessions for <shifts> lifestyles?,admission,,
Is there variation in class schedules?,<isshifts> variation with <shifts> schedules?,admission,,
Are there options for early birds and night owls?,<isshifts> options for early/late learners?,admission,,
Does the program have split schedules?,<isshifts> program with <shifts> schedules?,admission,,
Can students pick suitable timetables?,<isshifts> suitable <shifts> timetables available?,admission,,
Are there classes at convenient hours?,<isshifts> classes at convenient <shifts> hours?,admission,,
Does the faculty teach at different times?,<isshifts> faculty teaches at <shifts> times?,admission,,
Are there multiple intake timings?,<isshifts> multiple intake timings in <shifts> shifts?,admission,,
Can one choose class times?,<isshifts> choice of <shifts> class times?,admission,,
Are there options for different routines?,<isshifts> options for <shifts> routines?,admission,,
Does the school offer timetable options?,<isshifts> timetable options in <shifts> shifts?,admission,,
Are lectures scheduled flexibly?,<isshifts> flexible lecture schedules in <shifts> shifts?,admission,,
Can students attend at preferred hours?,<isshifts> attendance at preferred <shifts> hours?,admission,,
Are there both standard and late classes?,<isshifts> both standard and late classes?,admission,,
Does the program consider diverse schedules?,<isshifts> program considering <shifts> schedules?,admission,,
Are there classes for various commitments?,<isshifts> classes for <shifts> commitments?,admission,,
Is there an option for shift selection?,<isshifts> option to select <shifts> shifts?,admission,,
Are there sessions throughout the day?,<isshifts> sessions throughout <shifts> day parts?,admission,,
Does the course offer timing diversity?,<isshifts> timing diversity in <shifts> shifts?,admission,,
Can one study at different hours?,<isshifts> study at <shifts> hours available?,admission,,
Are there classes for all time preferences?,<isshifts> classes for all <shifts> preferences?,admission,,
Does the department have multiple timetables?,<isshifts> multiple timetables in <shifts> shifts?,admission,,
Are there options for busy individuals?,<isshifts> options for busy individuals in <shifts> shifts?,admission,,
Is there choice in attendance times?,<isshifts> choice of <shifts> attendance times?,admission,,
Are there classes at non-standard hours?,<isshifts> classes at non-standard <shifts> hours?,admission,,
Does the program suit different routines?,<isshifts> program suits <shifts> routines?,admission,,
Can students find suitable class times?,<isshifts> suitable <shifts> class times available?,admission,,
Are there both conventional and late sessions?,<isshifts> both conventional and late sessions?,admission,,
Does the institution accommodate work hours?,<isshifts> accommodation for work hours in <shifts> shifts?,admission,,
Are there classes for various time zones?,<isshifts> classes for <shifts> time zones?,admission,,
Is there flexibility for working students?,<isshifts> flexibility for workers in <shifts> shifts?,admission,,
Can one attend at different periods?,<isshifts> attendance at <shifts> periods?,admission,,
Are there options for early and late learners?,<isshifts> options for early/late learners?,admission,,
Does the curriculum offer time choices?,<isshifts> curriculum with <shifts> time choices?,admission,,
Are there sessions at diverse hours?,<isshifts> sessions at diverse <shifts> hours?,admission,,
Can students select shift preferences?,<isshifts> selection of <shifts> shift preferences?,admission,,
Are there classes for different schedules?,<isshifts> classes for <shifts> schedules?,admission,,
Does the program have morning/evening options?,<isshifts> morning/evening options?,admission,,
Are there batches at various times?,<isshifts> batches at <shifts> times?,admission,,
Can one choose between shift systems?,<isshifts> choice between <shifts> shift systems?,admission,,
Are there classes for day and night?,<isshifts> classes for day and night?,admission,,
Does the school provide timing variations?,<isshifts> timing variations in <shifts> shifts?,admission,,
Are there options for different commitments?,<isshifts> options for <shifts> commitments?,admission,,
Is there a selection of class periods?,<isshifts> selection of <shifts> class periods?,admission,,
Are lectures available at convenient times?,<isshifts> lectures at convenient <shifts> times?,admission,,
Does the department run parallel batches?,<isshifts> parallel batches in <shifts> shifts?,admission,,
Can students pick appropriate hours?,<isshifts> appropriate <shifts> hours available?,admission,,
Are there both traditional and late timings?,<isshifts> both traditional and late timings?,admission,,
Does the program offer dual schedules?,<isshifts> dual schedules in <shifts> shifts?,admission,,
Are there classes for morning and night people?,<isshifts> classes for morning/night people?,admission,,
Is there an option for time selection?,<isshifts> option to select <shifts> times?,admission,,
Are there sessions for various availabilities?,<isshifts> sessions for <shifts> availabilities?,admission,,
Does the course provide schedule alternatives?,<isshifts> schedule alternatives in <shifts> shifts?,admission,,
Can one attend at different intervals?,<isshifts> attendance at <shifts> intervals?,admission,,
Are there options for all types of students?,<isshifts> options for all <shifts> student types?,admission,,
Does the institution have flexible hours?,<isshifts> flexible hours in <shifts> shifts?,admission,,
Are there classes at staggered times?,<isshifts> classes at staggered <shifts> times?,admission,,
Can students choose suitable periods?,<isshifts> suitable <shifts> periods available?,admission,,
Are there both regular and late schedules?,<isshifts> both regular and late schedules?,admission,,
Does the program accommodate various clocks?,<isshifts> program accommodates <shifts> clocks?,admission,,
Are there options for time-strapped students?,<isshifts> options for time-strapped students in <shifts> shifts?,admission,,
Is there variation in attendance times?,<isshifts> variation in <shifts> attendance times?,admission,,
Are there classes for different chronotypes?,<isshifts> classes for <shifts> chronotypes?,admission,,
Does the department offer time slots?,<isshifts> time slots in <shifts> shifts?,admission,,
Can one pick between different schedules?,<isshifts> pick between <shifts> schedules?,admission,,
Are there options for various responsibilities?,<isshifts> options for <shifts> responsibilities?,admission,,
Is there choice in learning hours?,<isshifts> choice of <shifts> learning hours?,admission,,
Are lectures scheduled at multiple times?,<isshifts> lectures at multiple <shifts> times?,admission,,
Does the program run in various shifts?,<isshifts> program runs in <shifts> shifts?,admission,,
Can students attend at different phases?,<isshifts> attendance at <shifts> phases?,admission,,
Are there options for all kinds of learners?,<isshifts> options for all <shifts> learner kinds?,admission,,
Does the school have multiple timing plans?,<isshifts> multiple timing plans in <shifts> shifts?,admission,,
Are there classes at rotating hours?,<isshifts> classes at rotating <shifts> hours?,admission,,
Can one choose between time frames?,<isshifts> choice between <shifts> time frames?,admission,,
Are there options for different lifestyles?,<isshifts> options for <shifts> lifestyles?,admission,,
Is there flexibility in attendance hours?,<isshifts> flexibility in <shifts> attendance hours?,admission,,
Are there sessions for various obligations?,<isshifts> sessions for <shifts> obligations?,admission,,
Does the course offer timing convenience?,<isshifts> timing convenience in <shifts> shifts?,admission,,
Can students select preferred periods?,<isshifts> preferred <shifts> periods available?,admission,,
Are there both standard and alternative timings?,<isshifts> both standard and alternative timings?,admission,,
Does the program understand time constraints?,<isshifts> program understands <shifts> time constraints?,admission,,
Are there classes for different situations?,<isshifts> classes for <shifts> situations?,admission,,
Is there an option for hour selection?,<isshifts> option to select <shifts> hours?,admission,,
Are there sessions accommodating all?,<isshifts> sessions accommodating all in <shifts> shifts?,admission,,
Does the institution provide time options?,<isshifts> time options in <shifts> shifts?,admission,,
What are the class timings for the morning and evening shifts?,The classes timings for the morning shift is <morningTime> and timings for the evening shift is <eveningTime>.,admission,,
What are the class timings for the morning shifts?,The classes timings for the morning shift is <morningTime>.,admission,,
What are the class timings for the evening shifts?,The classes timings for the evening shift is <eveningTime>.,admission,,
Can you tell me the morning and evening class timings?,The classes timings for the morning shift is <morningTime> and timings for the evening shift is <eveningTime>.,admission,,
What time do morning classes start and end?,The classes timings for the morning shift is <morningTime>.,admission,,
When are the evening classes conducted?,The classes timings for the evening shift is <eveningTime>.,admission,,
Could you provide the schedule for morning and evening classes?,The classes timings for the morning shift is <morningTime> and timings for the evening shift is <eveningTime>.,admission,,
What are the hours for the morning shift?,The classes timings for the morning shift is <morningTime>.,admission,,
What are the timings for evening sessions?,The classes timings for the evening shift is <eveningTime>.,admission,,
Can I get the class schedule for both shifts?,The classes timings for the morning shift is <morningTime> and timings for the evening shift is <eveningTime>.,admission,,
From when to when are morning classes held?,The classes timings for the morning shift is <morningTime>.,admission,,
What is the timing for the evening batch?,The classes timings for the evening shift is <eveningTime>.,admission,,
Please share the morning and evening class timings.,The classes timings for the morning shift is <morningTime> and timings for the evening shift is <eveningTime>.,admission,,
At what time does the morning shift start?,The classes timings for the morning shift is <morningTime>.,admission,,
Till what time do evening classes run?,The classes timings for the evening shift is <eveningTime>.,admission,,
Can you let me know the timings for both shifts?,The classes timings for the morning shift is <morningTime> and timings for the evening shift is <eveningTime>.,admission,,
What is the duration of morning classes?,The classes timings for the morning shift is <morningTime>.,admission,,
What are the timings for the evening classes?,The classes timings for the evening shift is <eveningTime>.,admission,,
Could you tell me the schedule for morning and evening?,The classes timings for the morning shift is <morningTime> and timings for the evening shift is <eveningTime>.,admission,,
From what time are morning classes?,The classes timings for the morning shift is <morningTime>.,admission,,
Until when do evening classes go on?,The classes timings for the evening shift is <eveningTime>.,admission,,
May I know the class timings for both shifts?,The classes timings for the morning shift is <morningTime> and timings for the evening shift is <eveningTime>.,admission,,
What is the schedule for morning classes?,The classes timings for the morning shift is <morningTime>.,admission,,
What is the schedule for evening classes?,The classes timings for the evening shift is <eveningTime>.,admission,,
Can you share the timings for morning and evening batches?,The classes timings for the morning shift is <morningTime> and timings for the evening shift is <eveningTime>.,admission,,
What are the timings for the morning batch?,The classes timings for the morning shift is <morningTime>.,admission,,
What are the timings for the evening batch?,The classes timings for the evening shift is <eveningTime>.,admission,,
Please provide the morning and evening class schedule.,The classes timings for the morning shift is <morningTime> and timings for the evening shift is <eveningTime>.,admission,,
At what time does the morning class begin?,The classes timings for the morning shift is <morningTime>.,admission,,
At what time does the evening class end?,The classes timings for the evening shift is <eveningTime>.,admission,,
Could you give me the timings for both morning and evening?,The classes timings for the morning shift is <morningTime> and timings for the evening shift is <eveningTime>.,admission,,
What is the morning shift timing?,The classes timings for the morning shift is <morningTime>.,admission,,
What is the evening shift timing?,The classes timings for the evening shift is <eveningTime>.,admission,,
Can you tell me the class hours for morning and evening?,The classes timings for the morning shift is <morningTime> and timings for the evening shift is <eveningTime>.,admission,,
What are the timings for the morning session?,The classes timings for the morning shift is <morningTime>.,admission,,
What are the timings for the evening session?,The classes timings for the evening shift is <eveningTime>.,admission,,
Please let me know the morning and evening class timings.,The classes timings for the morning shift is <morningTime> and timings for the evening shift is <eveningTime>.,admission,,
From what time to what time is the morning class?,The classes timings for the morning shift is <morningTime>.,admission,,
From what time to what time is the evening class?,The classes timings for the evening shift is <eveningTime>.,admission,,
Can I get the timings for both morning and evening classes?,The classes timings for the morning shift is <morningTime> and timings for the evening shift is <eveningTime>.,admission,,
What are the class hours for the morning shift?,The classes timings for the morning shift is <morningTime>.,admission,,
What are the class hours for the evening shift?,The classes timings for the evening shift is <eveningTime>.,admission,,
Could you provide the morning and evening class hours?,The classes timings for the morning shift is <morningTime> and timings for the evening shift is <eveningTime>.,admission,,
What is the timing for morning classes?,The classes timings for the morning shift is <morningTime>.,admission,,
What is the timing for evening classes?,The classes timings for the evening shift is <eveningTime>.,admission,,
Please share the timings for both shifts.,The classes timings for the morning shift is <morningTime> and timings for the evening shift is <eveningTime>.,admission,,
At what time do morning classes commence?,The classes timings for the morning shift is <morningTime>.,admission,,
At what time do evening classes conclude?,The classes timings for the evening shift is <eveningTime>.,admission,,
May I have the schedule for morning and evening classes?,The classes timings for the morning shift is <morningTime> and timings for the evening shift is <eveningTime>.,admission,,
What are the timings for the morning period?,The classes timings for the morning shift is <morningTime>.,admission,,
What are the timings for the evening period?,The classes timings for the evening shift is <eveningTime>.,admission,,
Can you inform me about the morning and evening class timings?,The classes timings for the morning shift is <morningTime> and timings for the evening shift is <eveningTime>.,admission,,
From when to when does the morning class run?,The classes timings for the morning shift is <morningTime>.,admission,,
From when to when does the evening class run?,The classes timings for the evening shift is <eveningTime>.,admission,,
Could you let me know the morning and evening class schedule?,The classes timings for the morning shift is <morningTime> and timings for the evening shift is <eveningTime>.,admission,,
What is the class timing for the morning batch?,The classes timings for the morning shift is <morningTime>.,admission,,
What is the class timing for the evening batch?,The classes timings for the evening shift is <eveningTime>.,admission,,
Please provide the timings for morning and evening classes.,The classes timings for the morning shift is <morningTime> and timings for the evening shift is <eveningTime>.,admission,,
At what time does the morning session start?,The classes timings for the morning shift is <morningTime>.,admission,,
At what time does the evening session end?,The classes timings for the evening shift is <eveningTime>.,admission,,
Can you give me the timings for both shifts?,The classes timings for the morning shift is <morningTime> and timings for the evening shift is <eveningTime>.,admission,,
What are the timings for morning lectures?,The classes timings for the morning shift is <morningTime>.,admission,,
What are the timings for evening lectures?,The classes timings for the evening shift is <eveningTime>.,admission,,
Kindly share the morning and evening class timings.,The classes timings for the morning shift is <morningTime> and timings for the evening shift is <eveningTime>.,admission,,
From what time is the morning class conducted?,The classes timings for the morning shift is <morningTime>.,admission,,
Until what time is the evening class conducted?,The classes timings for the evening shift is <eveningTime>.,admission,,
Can you share the class schedule for both shifts?,The classes timings for the morning shift is <morningTime> and timings for the evening shift is <eveningTime>.,admission,,
What is the morning class schedule?,The classes timings for the morning shift is <morningTime>.,admission,,
What is the evening class schedule?,The classes timings for the evening shift is <eveningTime>.,admission,,
Could you tell me the timings for morning and evening sessions?,The classes timings for the morning shift is <morningTime> and timings for the evening shift is <eveningTime>.,admission,,
What time do morning classes operate?,The classes timings for the morning shift is <morningTime>.,admission,,
What time do evening classes operate?,The classes timings for the evening shift is <eveningTime>.,admission,,
May I know the schedule for both morning and evening?,The classes timings for the morning shift is <morningTime> and timings for the evening shift is <eveningTime>.,admission,,
What are the hours of the morning shift?,The classes timings for the morning shift is <morningTime>.,admission,,
What are the hours of the evening shift?,The classes timings for the evening shift is <eveningTime>.,admission,,
Can you provide the morning and evening class timings?,The classes timings for the morning shift is <morningTime> and timings for the evening shift is <eveningTime>.,admission,,
From what time does the morning class run?,The classes timings for the morning shift is <morningTime>.,admission,,
Till what time does the evening class run?,The classes timings for the evening shift is <eveningTime>.,admission,,
Could you inform me about the class timings for both shifts?,The classes timings for the morning shift is <morningTime> and timings for the evening shift is <eveningTime>.,admission,,
What is the timing for morning sessions?,The classes timings for the morning shift is <morningTime>.,admission,,
What is the timing for evening sessions?,The classes timings for the evening shift is <eveningTime>.,admission,,
Please let me know the schedule for morning and evening classes.,The classes timings for the morning shift is <morningTime> and timings for the evening shift is <eveningTime>.,admission,,
At what time does the morning class start?,The classes timings for the morning shift is <morningTime>.,admission,,
At what time does the evening class finish?,The classes timings for the evening shift is <eveningTime>.,admission,,
Can you give me the class timings for both shifts?,The classes timings for the morning shift is <morningTime> and timings for the evening shift is <eveningTime>.,admission,,
What are the timings for the morning classes?,The classes timings for the morning shift is <morningTime>.,admission,,
Kindly provide the morning and evening class timings.,The classes timings for the morning shift is <morningTime> and timings for the evening shift is <eveningTime>.,admission,,
From when does the morning class start?,The classes timings for the morning shift is <morningTime>.,admission,,
Until when does the evening class go on?,The classes timings for the evening shift is <eveningTime>.,admission,,
Can you share the timings for both morning and evening?,The classes timings for the morning shift is <morningTime> and timings for the evening shift is <eveningTime>.,admission,,
What is the schedule for the morning batch?,The classes timings for the morning shift is <morningTime>.,admission,,
What is the schedule for the evening batch?,The classes timings for the evening shift is <eveningTime>.,admission,,
Could you tell me the class hours for both shifts?,The classes timings for the morning shift is <morningTime> and timings for the evening shift is <eveningTime>.,admission,,
What time are morning classes held?,The classes timings for the morning shift is <morningTime>.,admission,,
What time are evening classes held?,The classes timings for the evening shift is <eveningTime>.,admission,,
May I get the morning and evening class timings?,The classes timings for the morning shift is <morningTime> and timings for the evening shift is <eveningTime>.,admission,,
What are the timings for morning and evening batches?,The classes timings for the morning shift is <morningTime> and timings for the evening shift is <eveningTime>.,admission,,
From what time to what time is the morning shift?,The classes timings for the morning shift is <morningTime>.,admission,,
From what time to what time is the evening shift?,The classes timings for the evening shift is <eveningTime>.,admission,,
Can you provide the schedule for both shifts?,The classes timings for the morning shift is <morningTime> and timings for the evening shift is <eveningTime>.,admission,,
What are the class hours for morning sessions?,The classes timings for the morning shift is <morningTime>.,admission,,
What are the class hours for evening sessions?,The classes timings for the evening shift is <eveningTime>.,admission,,
Please share the morning and evening batch timings.,The classes timings for the morning shift is <morningTime> and timings for the evening shift is <eveningTime>.,admission,,
At what time does the morning batch start?,The classes timings for the morning shift is <morningTime>.,admission,,
At what time does the evening batch end?,The classes timings for the evening shift is <eveningTime>.,admission,,
Could you let me know the timings for both batches?,The classes timings for the morning shift is <morningTime> and timings for the evening shift is <eveningTime>.,admission,,
What is the timing for the morning session?,The classes timings for the morning shift is <morningTime>.,admission,,
What is the timing for the evening session?,The classes timings for the evening shift is <eveningTime>.,admission,,
Kindly inform me about the morning and evening class timings.,The classes timings for the morning shift is <morningTime> and timings for the evening shift is <eveningTime>.,admission,,
From when does the morning session run?,The classes timings for the morning shift is <morningTime>.,admission,,
Until when does the evening session run?,The classes timings for the evening shift is <eveningTime>.,admission,,
Can you give me the schedule for both morning and evening?,The classes timings for the morning shift is <morningTime> and timings for the evening shift is <eveningTime>.,admission,,
At what time do morning classes begin?,The classes timings for the morning shift is <morningTime>.,admission,,
Can you share the timings for morning and evening classes?,The classes timings for the morning shift is <morningTime> and timings for the evening shift is <eveningTime>.,admission,,
What is the morning class timing?,The classes timings for the morning shift is <morningTime>.,admission,,
What is the evening class timing?,The classes timings for the evening shift is <eveningTime>.,admission,,
Could you tell me the schedule for both shifts?,The classes timings for the morning shift is <morningTime> and timings for the evening shift is <eveningTime>.,admission,,
What time does the morning shift start?,The classes timings for the morning shift is <morningTime>.,admission,,
What time does the evening shift end?,The classes timings for the evening shift is <eveningTime>.,admission,,
May I have the timings for morning and evening classes?,The classes timings for the morning shift is <morningTime> and timings for the evening shift is <eveningTime>.,admission,,
What are the hours for morning classes?,The classes timings for the morning shift is <morningTime>.,admission,,
What are the hours for evening classes?,The classes timings for the evening shift is <eveningTime>.,admission,,
Can you provide the timings for both shifts?,The classes timings for the morning shift is <morningTime> and timings for the evening shift is <eveningTime>.,admission,,
From what time is the morning class?,The classes timings for the morning shift is <morningTime>.,admission,,
Until what time is the evening class?,The classes timings for the evening shift is <eveningTime>.,admission,,
Could you inform me about the morning and evening schedule?,The classes timings for the morning shift is <morningTime> and timings for the evening shift is <eveningTime>.,admission,,
What is the timing for morning batches?,The classes timings for the morning shift is <morningTime>.,admission,,
What is the timing for evening batches?,The classes timings for the evening shift is <eveningTime>.,admission,,
Please let me know the morning and evening batch timings.,The classes timings for the morning shift is <morningTime> and timings for the evening shift is <eveningTime>.,admission,,
At what time does the morning batch commence?,The classes timings for the morning shift is <morningTime>.,admission,,
At what time does the evening batch finish?,The classes timings for the evening shift is <eveningTime>.,admission,,
Can you give me the timings for both morning and evening batches?,The classes timings for the morning shift is <morningTime> and timings for the evening shift is <eveningTime>.,admission,,
What are the timings for the morning period classes?,The classes timings for the morning shift is <morningTime>.,admission,,
What are the timings for the evening period classes?,The classes timings for the evening shift is <eveningTime>.,admission,,
Kindly share the schedule for morning and evening classes.,The classes timings for the morning shift is <morningTime> and timings for the evening shift is <eveningTime>.,admission,,
From when to when are morning classes?,The classes timings for the morning shift is <morningTime>.,admission,,
From when to when are evening classes?,The classes timings for the evening shift is <eveningTime>.,admission,,
Can you provide the class timings for both shifts?,The classes timings for the morning shift is <morningTime> and timings for the evening shift is <eveningTime>.,admission,,
What is the morning shift class timing?,The classes timings for the morning shift is <morningTime>.,admission,,
What is the evening shift class timing?,The classes timings for the evening shift is <eveningTime>.,admission,,
Could you tell me the morning and evening class hours?,The classes timings for the morning shift is <morningTime> and timings for the evening shift is <eveningTime>.,admission,,
What time do morning classes run?,The classes timings for the morning shift is <morningTime>.,admission,,
What time do evening classes run?,The classes timings for the evening shift is <eveningTime>.,admission,,
May I know the timings for both morning and evening shifts?,The classes timings for the morning shift is <morningTime> and timings for the evening shift is <eveningTime>.,admission,,
What are the hours for the morning batch?,The classes timings for the morning shift is <morningTime>.,admission,,
What are the hours for the evening batch?,The classes timings for the evening shift is <eveningTime>.,admission,,
Can you share the morning and evening class schedule?,The classes timings for the morning shift is <morningTime> and timings for the evening shift is <eveningTime>.,admission,,
From what time does the morning batch run?,The classes timings for the morning shift is <morningTime>.,admission,,
Until what time does the evening batch run?,The classes timings for the evening shift is <eveningTime>.,admission,,
Could you let me know the class timings for both shifts?,The classes timings for the morning shift is <morningTime> and timings for the evening shift is <eveningTime>.,admission,,
What is the timing for the morning classes?,The classes timings for the morning shift is <morningTime>.,admission,,
What is the timing for the evening classes?,The classes timings for the evening shift is <eveningTime>.,admission,,
Please inform me about the morning and evening class timings.,The classes timings for the morning shift is <morningTime> and timings for the evening shift is <eveningTime>.,admission,,
From when is the morning class held?,The classes timings for the morning shift is <morningTime>.,admission,,
Until when is the evening class held?,The classes timings for the evening shift is <eveningTime>.,admission,,
Can you give me the schedule for both morning and evening classes?,The classes timings for the morning shift is <morningTime> and timings for the evening shift is <eveningTime>.,admission,,
What are the timings for morning and evening sessions?,The classes timings for the morning shift is <morningTime> and timings for the evening shift is <eveningTime>.,admission,,
At what time does the morning session begin?,The classes timings for the morning shift is <morningTime>.,admission,,
Could you provide the timings for both morning and evening?,The classes timings for the morning shift is <morningTime> and timings for the evening shift is <eveningTime>.,admission,,
What is the morning class schedule timing?,The classes timings for the morning shift is <morningTime>.,admission,,
What is the evening class schedule timing?,The classes timings for the evening shift is <eveningTime>.,admission,,
Kindly provide the morning and evening class hours.,The classes timings for the morning shift is <morningTime> and timings for the evening shift is <eveningTime>.,admission,,
From what time to what time is morning class?,The classes timings for the morning shift is <morningTime>.,admission,,
From what time to what time is evening class?,The classes timings for the evening shift is <eveningTime>.,admission,,
Can you share the class timings for both morning and evening?,The classes timings for the morning shift is <morningTime> and timings for the evening shift is <eveningTime>.,admission,,
Are there any student clubs?,yes societies are available for the students,admission,,
What student organizations exist?,The names of the societies are the <societies>.,admission,,
Does the school have student groups?,yes societies are available for the students,admission,,
Can you list the campus organizations?,The names of the societies are the <societies>.,admission,,
Are extracurricular clubs offered?,yes societies are available for the students,admission,,
What are the official student groups called?,The names of the societies are the <societies>.,admission,,
Do you have any student associations?,yes societies are available for the students,admission,,
What's available for student involvement?,The names of the societies are the <societies>.,admission,,
Are there approved student activities?,yes societies are available for the students,admission,,
What groups can students participate in?,The names of the societies are the <societies>.,admission,,
Does the institution support student clubs?,yes societies are available for the students,admission,,
What are the recognized student bodies?,The names of the societies are the <societies>.,admission,,
Can students form their own groups?,yes societies are available for the students,admission,,
What established organizations exist?,The names of the societies are the <societies>.,admission,,
Are there university-approved societies?,yes societies are available for the students,admission,,
What are the active campus groups?,The names of the societies are the <societies>.,admission,,
Does the college have student collectives?,yes societies are available for the students,admission,,
What formal student groups are there?,The names of the societies are the <societies>.,admission,,
Are there organized student activities?,yes societies are available for the students,admission,,
What associations operate on campus?,The names of the societies are the <societies>.,admission,,
Do you offer student-led organizations?,yes societies are available for the students,admission,,
What are the available student collectives?,The names of the societies are the <societies>.,admission,,
Are there any campus communities?,yes societies are available for the students,admission,,
What student networks are available?,The names of the societies are the <societies>.,admission,,
Does the university have student unions?,yes societies are available for the students,admission,,
What are the student community options?,The names of the societies are the <societies>.,admission,,
Are there any academic collectives?,yes societies are available for the students,admission,,
What are the student body organizations?,The names of the societies are the <societies>.,admission,,
Do you support student interest groups?,yes societies are available for the students,admission,,
What are the official campus societies?,The names of the societies are the <societies>.,admission,,
Are there any registered student groups?,yes societies are available for the students,admission,,
What student activities are sanctioned?,The names of the societies are the <societies>.,admission,,
Does the school authorize student clubs?,yes societies are available for the students,admission,,
What are the permitted student groups?,The names of the societies are the <societies>.,admission,,
Are there any varsity organizations?,yes societies are available for the students,admission,,
What are the collegiate societies?,The names of the societies are the <societies>.,admission,,
Do you have institutional student groups?,yes societies are available for the students,admission,,
What are the school-approved societies?,The names of the societies are the <societies>.,admission,,
Are there any official student bodies?,yes societies are available for the students,admission,,
What are the recognized campus groups?,The names of the societies are the <societies>.,admission,,
Does the establishment have student clubs?,yes societies are available for the students,admission,,
What are the available student leagues?,The names of the societies are the <societies>.,admission,,
Are there any educational societies?,yes societies are available for the students,admission,,
What are the student activity groups?,The names of the societies are the <societies>.,admission,,
Do you maintain student organizations?,yes societies are available for the students,admission,,
What are the current student societies?,The names of the societies are the <societies>.,admission,,
Are there any undergraduate groups?,yes societies are available for the students,admission,,
What are the pupil associations?,The names of the societies are the <societies>.,admission,,
Does the academy have student clubs?,yes societies are available for the students,admission,,
What are the learner organizations?,The names of the societies are the <societies>.,admission,,
Are there any scholar societies?,yes societies are available for the students,admission,,
What are the student fellowship options?,The names of the societies are the <societies>.,admission,,
Does the institution host student groups?,yes societies are available for the students,admission,,
What are the collegiate associations?,The names of the societies are the <societies>.,admission,,
Are there any student coalitions?,yes societies are available for the students,admission,,
What are the academic societies called?,The names of the societies are the <societies>.,admission,,
Do you operate student organizations?,yes societies are available for the students,admission,,
What are the student collective names?,The names of the societies are the <societies>.,admission,,
Are there any pupil-run groups?,yes societies are available for the students,admission,,
What are the student community groups?,The names of the societies are the <societies>.,admission,,
Does the establishment support societies?,yes societies are available for the students,admission,,
What are the student alliance options?,The names of the societies are the <societies>.,admission,,
Are there any learner collectives?,yes societies are available for the students,admission,,
What are the student network names?,The names of the societies are the <societies>.,admission,,
Do you coordinate student groups?,yes societies are available for the students,admission,,
What are the student association names?,The names of the societies are the <societies>.,admission,,
Are there any undergraduate societies?,yes societies are available for the students,admission,,
What are the student body group names?,The names of the societies are the <societies>.,admission,,
Does the facility have student clubs?,yes societies are available for the students,admission,,
What are the student activity names?,The names of the societies are the <societies>.,admission,,
Are there any academic associations?,yes societies are available for the students,admission,,
What are the student organization titles?,The names of the societies are the <societies>.,admission,,
Do you facilitate student societies?,yes societies are available for the students,admission,,
What are the student group designations?,The names of the societies are the <societies>.,admission,,
Are there any collegiate collectives?,yes societies are available for the students,admission,,
What are the student union groups?,The names of the societies are the <societies>.,admission,,
Does the campus maintain societies?,yes societies are available for the students,admission,,
What are the student community names?,The names of the societies are the <societies>.,admission,,
Are there any approved student clubs?,yes societies are available for the students,admission,,
What are the student involvement options?,The names of the societies are the <societies>.,admission,,
Do you authorize student collectives?,yes societies are available for the students,admission,,
What are the student body associations?,The names of the societies are the <societies>.,admission,,
Are there any varsity student groups?,yes societies are available for the students,admission,,
What are the student activity societies?,The names of the societies are the <societies>.,admission,,
Does the school recognize student clubs?,yes societies are available for the students,admission,,
What are the student group appellations?,The names of the societies are the <societies>.,admission,,
Are there any institutional societies?,yes societies are available for the students,admission,,
What are the student participation groups?,The names of the societies are the <societies>.,admission,,
Do you have certified student groups?,yes societies are available for the students,admission,,
What are the student body collectives?,The names of the societies are the <societies>.,admission,,
Are there any undergraduate associations?,yes societies are available for the students,admission,,
What are the student network groups?,The names of the societies are the <societies>.,admission,,
Does the establishment run societies?,yes societies are available for the students,admission,,
What are the student alliance names?,The names of the societies are the <societies>.,admission,,
Are there any learner communities?,yes societies are available for the students,admission,,
What are the student fellowship groups?,The names of the societies are the <societies>.,admission,,
Do you oversee student organizations?,yes societies are available for the students,admission,,
What are the student collective titles?,The names of the societies are the <societies>.,admission,,
Are there any pupil associations?,yes societies are available for the students,admission,,
What are the student involvement societies?,The names of the societies are the <societies>.,admission,,
What is the start date to apply for admission?,Applications open on <admissionstartdate>.,admission,,
When does the admission application process begin?,The application process begins <admissionstartdate>.,admission,,
What is the opening date for admission applications?,We start accepting applications from <admissionstartdate>.,admission,,
When can I start applying for admission?,You may begin your application on <admissionstartdate>.,admission,,
What is the first day to apply for admission?,Mark your calendar for <admissionstartdate> - our first application day.,admission,,
When does the admission application window open?,Our application window opens <admissionstartdate>.,admission,,
What is the beginning date for admission applications?,The application period begins <admissionstartdate>.,admission,,
When does the admission application period start?,Application period starts <admissionstartdate>.,admission,,
What is the commencement date for admission applications?,Application commencement date is <admissionstartdate>.,admission,,
When does the admission application cycle begin?,Our application cycle begins <admissionstartdate>.,admission,,
What is the starting date for admission applications?,Starting <admissionstartdate> we accept applications.,admission,,
When does the admission application process start?,The process starts <admissionstartdate>.,admission,,
What is the initial date to apply for admission?,Initial application date is <admissionstartdate>.,admission,,
When does the admission application submission start?,Application submission begins <admissionstartdate>.,admission,,
What is the kickoff date for admission applications?,Application kickoff is <admissionstartdate>.,admission,,
When does the admission application registration begin?,Registration begins <admissionstartdate>.,admission,,
What is the launch date for admission applications?,We launch applications on <admissionstartdate>.,admission,,
When does the admission application enrollment start?,Enrollment starts <admissionstartdate>.,admission,,
What is the initiation date for admission applications?,Applications initiate on <admissionstartdate>.,admission,,
When does the admission application intake begin?,Intake begins <admissionstartdate>.,admission,,
What is the starting point for admission applications?,Starting point is <admissionstartdate>.,admission,,
When does the admission application process commence?,The process commences <admissionstartdate>.,admission,,
What is the opening day for admission applications?,Opening day is <admissionstartdate>.,admission,,
When does the admission application period open?,Application period opens <admissionstartdate>.,admission,,
What is the first date to submit the admission application?,First submission date is <admissionstartdate>.,admission,,
When does the admission application form become available?,Forms become available <admissionstartdate>.,admission,,
What is the earliest date to apply for admission?,Earliest application date is <admissionstartdate>.,admission,,
When does the admission application portal open?,Portal opens <admissionstartdate>.,admission,,
What is the starting point for admission enrollment?,Enrollment starts <admissionstartdate>.,admission,,
When does the admission application system open?,System opens <admissionstartdate>.,admission,,
What is the first day to submit the admission form?,First submission day is <admissionstartdate>.,admission,,
When does the admission application process go live?,Process goes live <admissionstartdate>.,admission,,
What is the starting date for admission registration?,Registration starts <admissionstartdate>.,admission,,
When does the admission application process kick off?,Process kicks off <admissionstartdate>.,admission,,
What is the first day to apply for enrollment?,First enrollment day is <admissionstartdate>.,admission,,
When does the admission application process initiate?,Process initiates <admissionstartdate>.,admission,,
What is the starting date for admission submissions?,Submissions start <admissionstartdate>.,admission,,
When does the admission application process launch?,Process launches <admissionstartdate>.,admission,,
What is the first day to apply for the program?,Program applications start <admissionstartdate>.,admission,,
When does the admission application process begin for the course?,Course applications begin <admissionstartdate>.,admission,,
What is the starting date for the admission cycle?,Admission cycle starts <admissionstartdate>.,admission,,
When does the admission application process start for the degree?,Degree applications start <admissionstartdate>.,admission,,
What is the first day to apply for the diploma?,Diploma applications begin <admissionstartdate>.,admission,,
When does the admission application process begin for the certificate?,Certificate applications begin <admissionstartdate>.,admission,,
What is the starting date for the undergraduate program applications?,Undergrad applications start <admissionstartdate>.,admission,,
When does the admission application process start for the postgraduate program?,Postgrad applications start <admissionstartdate>.,admission,,
What is the first day to apply for the master's program?,Master's applications begin <admissionstartdate>.,admission,,
When does the admission application process begin for the bachelor's program?,Bachelor's applications begin <admissionstartdate>.,admission,,
What is the starting date for the PhD program applications?,PhD applications start <admissionstartdate>.,admission,,
When does the admission application process start for the doctoral program?,Doctoral applications start <admissionstartdate>.,admission,,
What are the start and end dates for admission?,Admission runs from <admissionstartdate> to <admissionlastdate>.,admission,,
When does the admission period begin and end?,Period: <admissionstartdate> to <admissionlastdate>.,admission,,
What is the admission application window?,Application window: <admissionstartdate> through <admissionlastdate>.,admission,,
What are the admission application dates?,Application dates: <admissionstartdate> - <admissionlastdate>.,admission,,
What is the duration of the admission process?,Process duration: <admissionstartdate> until <admissionlastdate>.,admission,,
What are the opening and closing dates for admission?,Opens <admissionstartdate> closes <admissionlastdate>.,admission,,
When does the admission cycle start and end?,Cycle: <admissionstartdate> to <admissionlastdate>.,admission,,
What are the admission start and deadline dates?,Start: <admissionstartdate> Deadline: <admissionlastdate>.,admission,,
What is the admission application period?,Application period: <admissionstartdate> - <admissionlastdate>.,admission,,
What are the admission application start and end dates?,Start: <admissionstartdate> End: <admissionlastdate>.,admission,,
When does the admission application process begin and end?,Process runs <admissionstartdate> to <admissionlastdate>.,admission,,
What are the admission enrollment dates?,Enrollment: <admissionstartdate> through <admissionlastdate>.,admission,,
What is the admission application timeline?,Timeline: <admissionstartdate> to <admissionlastdate>.,admission,,
What are the admission registration dates?,Registration: <admissionstartdate> - <admissionlastdate>.,admission,,
When does the admission intake start and finish?,Intake: <admissionstartdate> to <admissionlastdate>.,admission,,
What are the admission submission dates?,Submissions: <admissionstartdate> until <admissionlastdate>.,admission,,
What is the admission application schedule?,Schedule: <admissionstartdate> through <admissionlastdate>.,admission,,
What are the admission application opening and closing dates?,Opens <admissionstartdate> closes <admissionlastdate>.,admission,,
When does the admission process start and conclude?,Process: <admissionstartdate> to <admissionlastdate>.,admission,,
What are the admission application start and deadline dates?,Start: <admissionstartdate> Deadline: <admissionlastdate>.,admission,,
What is the subject fee?,The fee for one subject is <subjectfee>.,fee,,
How much is the subject fee?,The subject fee is <subjectfee>.,fee,,
What's the cost per subject?,The cost per subject is <subjectfee>.,fee,,
Can you tell me the subject fee?,The fee for each subject is <subjectfee>.,fee,,
What do I pay per subject?,You pay <subjectfee> per subject.,fee,,
How much does one subject cost?,One subject costs <subjectfee>.,fee,,
What is the fee structure per subject?,The fee per subject is <subjectfee>.,fee,,
What are the subject fees?,The fee for each subject is <subjectfee>.,fee,,
How much is charged per subject?,The charge per subject is <subjectfee>.,fee,,
What is the tuition fee per subject?,The tuition fee per subject is <subjectfee>.,fee,,
What's the per-subject tuition cost?,The tuition cost per subject is <subjectfee>.,fee,,
How much should I pay for a subject?,You should pay <subjectfee> for one subject.,fee,,
What is the payment for one subject?,The payment for one subject is <subjectfee>.,fee,,
How much is the fee for each subject?,Each subject's fee is <subjectfee>.,fee,,
What is the per-subject charge?,The charge per subject is <subjectfee>.,fee,,
What is the cost for one subject?,The cost for one subject is <subjectfee>.,fee,,
How much is one subject's fee?,One subject's fee is <subjectfee>.,fee,,
What's the amount for a subject?,The amount for a subject is <subjectfee>.,fee,,
What is the subject payment?,The payment per subject is <subjectfee>.,fee,,
How much do I need for a subject?,You need <subjectfee> for one subject.,fee,,
What is the subject expense?,The expense per subject is <subjectfee>.,fee,,
How much is the academic fee per subject?,The academic fee per subject is <subjectfee>.,fee,,
What's the subject's tuition fee?,The tuition fee per subject is <subjectfee>.,fee,,
What is the fee for a single subject?,The fee for a single subject is <subjectfee>.,fee,,
How much is the subject's cost?,The cost per subject is <subjectfee>.,fee,,
What is the subject's total fee?,The total fee for a subject is <subjectfee>.,fee,,
How much is the per-subject tuition?,The tuition per subject is <subjectfee>.,fee,,
What is the fee per subject?,The fee per subject is <subjectfee>.,fee,,
How much is the subject charge?,The charge per subject is <subjectfee>.,fee,,
What is the amount per subject?,The amount per subject is <subjectfee>.,fee,,
What's the subject's total cost?,The total cost for a subject is <subjectfee>.,fee,,
How much is the subject's payment?,The payment for a subject is <subjectfee>.,fee,,
What is the subject's academic fee?,The academic fee per subject is <subjectfee>.,fee,,
How much does one subject require?,One subject requires a payment of <subjectfee>.,fee,,
What is the subject's tuition cost?,The tuition cost per subject is <subjectfee>.,fee,,
How much is the subject's expense?,The expense for a subject is <subjectfee>.,fee,,
What is the per-subject payment?,The payment per subject is <subjectfee>.,fee,,
How much is the subject's academic charge?,The academic charge per subject is <subjectfee>.,fee,,
What's the price per subject?,The price per subject is <subjectfee>.,fee,,
What is the subject's fee structure?,The fee structure per subject is <subjectfee>.,fee,,
How much is the subject's tuition payment?,The tuition payment per subject is <subjectfee>.,fee,,
What is the subject's academic cost?,The academic cost per subject is <subjectfee>.,fee,,
How much is the subject's academic expense?,The academic expense per subject is <subjectfee>.,fee,,
What is the subject's tuition expense?,The tuition expense per subject is <subjectfee>.,fee,,
How much is the subject's academic payment?,The academic payment per subject is <subjectfee>.,fee,,
What is the subject's academic charge?,The academic charge per subject is <subjectfee>.,fee,,
How much is the subject's tuition charge?,The tuition charge per subject is <subjectfee>.,fee,,
What is the subject's tuition payment?,The tuition payment per subject is <subjectfee>.,fee,,
How much is the subject's academic tuition?,The academic tuition per subject is <subjectfee>.,fee,,
What is the subject's academic structure?,The academic structure per subject is <subjectfee>.,fee,,
What is the course fee?,The fee for one course is <subjectfee>.,fee,,
How much is the course fee?,The course fee is <subjectfee>.,fee,,
What's the cost per course?,The cost per course is <subjectfee>.,fee,,
Can you tell me the course fee?,The fee for each course is <subjectfee>.,fee,,
What do I pay per course?,You pay <subjectfee> per course.,fee,,
How much does one course cost?,One course costs <subjectfee>.,fee,,
What is the fee structure per course?,The fee per course is <subjectfee>.,fee,,
What are the course fees?,The fee for each course is <subjectfee>.,fee,,
How much is charged per course?,The charge per course is <subjectfee>.,fee,,
What is the tuition fee per course?,The tuition fee per course is <subjectfee>.,fee,,
What's the per-course tuition cost?,The tuition cost per course is <subjectfee>.,fee,,
How much should I pay for a course?,You should pay <subjectfee> for one course.,fee,,
What is the payment for one course?,The payment for one course is <subjectfee>.,fee,,
How much is the fee for each course?,Each course's fee is <subjectfee>.,fee,,
What is the per-course charge?,The charge per course is <subjectfee>.,fee,,
What is the cost for one course?,The cost for one course is <subjectfee>.,fee,,
How much is one course's fee?,One course's fee is <subjectfee>.,fee,,
What's the amount for a course?,The amount for a course is <subjectfee>.,fee,,
What is the course payment?,The payment per course is <subjectfee>.,fee,,
How much do I need for a course?,You need <subjectfee> for one course.,fee,,
What is the course expense?,The expense per course is <subjectfee>.,fee,,
How much is the academic fee per course?,The academic fee per course is <subjectfee>.,fee,,
What's the course's tuition fee?,The tuition fee per course is <subjectfee>.,fee,,
What is the fee for a single course?,The fee for a single course is <subjectfee>.,fee,,
How much is the course's cost?,The cost per course is <subjectfee>.,fee,,
What is the course's total fee?,The total fee for a course is <subjectfee>.,fee,,
How much is the per-course tuition?,The tuition per course is <subjectfee>.,fee,,
What is the fee per course?,The fee per course is <subjectfee>.,fee,,
How much is the course charge?,The charge per course is <subjectfee>.,fee,,
What is the amount per course?,The amount per course is <subjectfee>.,fee,,
What's the course's total cost?,The total cost for a course is <subjectfee>.,fee,,
How much is the course's payment?,The payment for a course is <subjectfee>.,fee,,
What is the course's academic fee?,The academic fee per course is <subjectfee>.,fee,,
How much does one course require?,One course requires a payment of <subjectfee>.,fee,,
What is the course's tuition cost?,The tuition cost per course is <subjectfee>.,fee,,
How much is the course's expense?,The expense for a course is <subjectfee>.,fee,,
What is the per-course payment?,The payment per course is <subjectfee>.,fee,,
How much is the course's academic charge?,The academic charge per course is <subjectfee>.,fee,,
What's the price per course?,The price per course is <subjectfee>.,fee,,
What is the course's fee structure?,The fee structure per course is <subjectfee>.,fee,,
How much is the course's tuition payment?,The tuition payment per course is <subjectfee>.,fee,,
What is the course's academic cost?,The academic cost per course is <subjectfee>.,fee,,
How much is the course's academic expense?,The academic expense per course is <subjectfee>.,fee,,
What is the course's tuition expense?,The tuition expense per course is <subjectfee>.,fee,,
How much is the course's academic payment?,The academic payment per course is <subjectfee>.,fee,,
What is the course's academic charge?,The academic charge per course is <subjectfee>.,fee,,
How much is the course's tuition charge?,The tuition charge per course is <subjectfee>.,fee,,
What is the course's tuition payment?,The tuition payment per course is <subjectfee>.,fee,,
How much is the course's academic tuition?,The academic tuition per course is <subjectfee>.,fee,,
What is the course's academic structure?,The academic structure per course is <subjectfee>.,fee,,
Is the admission test required?,The admission test is not required.,admission,,
Is the entrance exam mandatory?,The entrance exam is not mandatory.,admission,,
Must I take the admission test?,You must not take the admission test.,admission,,
Is the admission exam compulsory?,The admission exam is not compulsory.,admission,,
Do I have to do the admission test?,You do not have to do the admission test.,admission,,
Is the entry test obligatory?,The entry test is not obligatory.,admission,,
Is taking the admission test necessary?,Taking the admission test is not necessary.,admission,,
Is the admission assessment mandatory?,The admission assessment is not mandatory.,admission,,
Is the admission evaluation required?,The admission evaluation is not required.,admission,,
Is the admission screening compulsory?,The admission screening is not compulsory.,admission,,
Is the admission process test mandatory?,The admission process test is not mandatory.,admission,,
Is the admission qualification test required?,The admission qualification test is not required.,admission,,
Is the admission criteria test mandatory?,The admission criteria test is not mandatory.,admission,,
Is the admission placement test compulsory?,The admission placement test is not compulsory.,admission,,
Is the admission entrance exam required?,The admission entrance exam is not required.,admission,,
Is the admission selection test mandatory?,The admission selection test is not mandatory.,admission,,
Is the admission screening test compulsory?,The admission screening test is not compulsory.,admission,,
Is the admission evaluation test required?,The admission evaluation test is not required.,admission,,
Is the admission assessment exam mandatory?,The admission assessment exam is not mandatory.,admission,,
Is the admission qualification exam compulsory?,The admission qualification exam is not compulsory.,admission,,
Is the admission criteria exam required?,The admission criteria exam is not required.,admission,,
Is the admission placement exam mandatory?,The admission placement exam is not mandatory.,admission,,
Is the admission selection exam compulsory?,The admission selection exam is not compulsory.,admission,,
Is the admission screening exam required?,The admission screening exam is not required.,admission,,
Is the admission evaluation exam mandatory?,The admission evaluation exam is not mandatory.,admission,,
Is the admission test needed?,The admission test is not needed.,admission,,
Is the entrance test mandatory?,The entrance test is not mandatory.,admission,,
Must I complete the admission test?,You must not complete the admission test.,admission,,
Is the admission examination compulsory?,The admission examination is not compulsory.,admission,,
Do I need to take the admission test?,You do not need to take the admission test.,admission,,
Is the entry exam obligatory?,The entry exam is not obligatory.,admission,,
Is completing the admission test necessary?,Completing the admission test is not necessary.,admission,,
Is the admission appraisal mandatory?,The admission appraisal is not mandatory.,admission,,
Is the admission review required?,The admission review is not required.,admission,,
Is the admission verification compulsory?,The admission verification is not compulsory.,admission,,
Is the admission process exam mandatory?,The admission process exam is not mandatory.,admission,,
Is the admission qualification check required?,The admission qualification check is not required.,admission,,
Is the admission criteria assessment mandatory?,The admission criteria assessment is not mandatory.,admission,,
Is the admission placement check compulsory?,The admission placement check is not compulsory.,admission,,
Is the admission entrance test required?,The admission entrance test is not required.,admission,,
Is the admission selection process mandatory?,The admission selection process is not mandatory.,admission,,
Is the admission screening process compulsory?,The admission screening process is not compulsory.,admission,,
Is the admission evaluation process required?,The admission evaluation process is not required.,admission,,
Is the admission assessment process mandatory?,The admission assessment process is not mandatory.,admission,,
Is the admission qualification process compulsory?,The admission qualification process is not compulsory.,admission,,
Is the admission criteria process required?,The admission criteria process is not required.,admission,,
Is the admission placement process mandatory?,The admission placement process is not mandatory.,admission,,
Is the admission selection procedure compulsory?,The admission selection procedure is not compulsory.,admission,,
Is the admission screening procedure required?,The admission screening procedure is not required.,admission,,
Is the admission evaluation procedure mandatory?,The admission evaluation procedure is not mandatory.,admission,,
Is the admission test obligatory?,The admission test is not obligatory.,admission,,
Is the entrance assessment mandatory?,The entrance assessment is not mandatory.,admission,,
Must I sit for the admission test?,You must not sit for the admission test.,admission,,
Is the admission quiz compulsory?,The admission quiz is not compulsory.,admission,,
Do I need to complete the admission test?,You do not need to complete the admission test.,admission,,
Is the entry assessment obligatory?,The entry assessment is not obligatory.,admission,,
Is sitting for the admission test necessary?,Sitting for the admission test is not necessary.,admission,,
Is the admission analysis mandatory?,The admission analysis is not mandatory.,admission,,
Is the admission inspection required?,The admission inspection is not required.,admission,,
Is the admission audit compulsory?,The admission audit is not compulsory.,admission,,
Is the admission process assessment mandatory?,The admission process assessment is not mandatory.,admission,,
Is the admission qualification review required?,The admission qualification review is not required.,admission,,
Is the admission criteria inspection mandatory?,The admission criteria inspection is not mandatory.,admission,,
Is the admission placement review compulsory?,The admission placement review is not compulsory.,admission,,
Is the admission entrance assessment required?,The admission entrance assessment is not required.,admission,,
Is the admission selection assessment mandatory?,The admission selection assessment is not mandatory.,admission,,
Is the admission screening review compulsory?,The admission screening review is not compulsory.,admission,,
Is the admission evaluation review required?,The admission evaluation review is not required.,admission,,
Is the admission assessment review mandatory?,The admission assessment review is not mandatory.,admission,,
Is the admission qualification audit compulsory?,The admission qualification audit is not compulsory.,admission,,
Is the admission criteria audit required?,The admission criteria audit is not required.,admission,,
Is the admission placement audit mandatory?,The admission placement audit is not mandatory.,admission,,
Is the admission selection audit compulsory?,The admission selection audit is not compulsory.,admission,,
Is the admission screening audit required?,The admission screening audit is not required.,admission,,
Is the admission evaluation audit mandatory?,The admission evaluation audit is not mandatory.,admission,,
Is the admission test essential?,The admission test is not essential.,admission,,
Is the entrance review mandatory?,The entrance review is not mandatory.,admission,,
Must I undergo the admission test?,You must not undergo the admission test.,admission,,
Is the admission challenge compulsory?,The admission challenge is not compulsory.,admission,,
Do I need to undergo the admission test?,You do not need to undergo the admission test.,admission,,
Is the entry review obligatory?,The entry review is not obligatory.,admission,,
Is undergoing the admission test necessary?,Undergoing the admission test is not necessary.,admission,,
Is the admission consideration mandatory?,The admission consideration is not mandatory.,admission,,
Is the admission appraisal required?,The admission appraisal is not required.,admission,,
Is the admission judgment compulsory?,The admission judgment is not compulsory.,admission,,
Is the admission process review mandatory?,The admission process review is not mandatory.,admission,,
Is the admission qualification judgment required?,The admission qualification judgment is not required.,admission,,
Is the admission criteria appraisal mandatory?,The admission criteria appraisal is not mandatory.,admission,,
Is the admission placement judgment compulsory?,The admission placement judgment is not compulsory.,admission,,
Is the admission entrance review required?,The admission entrance review is not required.,admission,,
Is the admission selection appraisal mandatory?,The admission selection appraisal is not mandatory.,admission,,
Is the admission screening judgment compulsory?,The admission screening judgment is not compulsory.,admission,,
Is the admission evaluation appraisal required?,The admission evaluation appraisal is not required.,admission,,
Is the admission assessment judgment mandatory?,The admission assessment judgment is not mandatory.,admission,,
Is the admission qualification consideration compulsory?,The admission qualification consideration is not compulsory.,admission,,
Is the admission criteria consideration required?,The admission criteria consideration is not required.,admission,,
Is the admission placement consideration mandatory?,The admission placement consideration is not mandatory.,admission,,
Is the admission selection consideration compulsory?,The admission selection consideration is not compulsory.,admission,,
Is the admission screening consideration required?,The admission screening consideration is not required.,admission,,
Is the admission evaluation consideration mandatory?,The admission evaluation consideration is not mandatory.,admission,,
Is the admission test a must?,The admission test is not a must.,admission,,
Is the entrance judgment mandatory?,The entrance judgment is not mandatory.,admission,,
Must I participate in the admission test?,You must not participate in the admission test.,admission,,
Is the admission trial compulsory?,The admission trial is not compulsory.,admission,,
Do I need to participate in the admission test?,You do not need to participate in the admission test.,admission,,
Is the entry judgment obligatory?,The entry judgment is not obligatory.,admission,,
Is participating in the admission test necessary?,Participating in the admission test is not necessary.,admission,,
Is the admission deliberation mandatory?,The admission deliberation is not mandatory.,admission,,
Is the admission determination required?,The admission determination is not required.,admission,,
Is the admission resolution compulsory?,The admission resolution is not compulsory.,admission,,
Is the admission process judgment mandatory?,The admission process judgment is not mandatory.,admission,,
Is the admission qualification determination required?,The admission qualification determination is not required.,admission,,
Is the admission criteria determination mandatory?,The admission criteria determination is not mandatory.,admission,,
Is the admission placement determination compulsory?,The admission placement determination is not compulsory.,admission,,
Is the admission entrance judgment required?,The admission entrance judgment is not required.,admission,,
Is the admission selection determination mandatory?,The admission selection determination is not mandatory.,admission,,
Is the admission screening determination compulsory?,The admission screening determination is not compulsory.,admission,,
Is the admission evaluation determination required?,The admission evaluation determination is not required.,admission,,
Is the admission assessment determination mandatory?,The admission assessment determination is not mandatory.,admission,,
Is the admission qualification resolution compulsory?,The admission qualification resolution is not compulsory.,admission,,
Is the admission criteria resolution required?,The admission criteria resolution is not required.,admission,,
Is the admission placement resolution mandatory?,The admission placement resolution is not mandatory.,admission,,
Is the admission selection resolution compulsory?,The admission selection resolution is not compulsory.,admission,,
Is the admission screening resolution required?,The admission screening resolution is not required.,admission,,
Is the admission evaluation resolution mandatory?,The admission evaluation resolution is not mandatory.,admission,,
Is the admission test unavoidable?,The admission test is not unavoidable.,admission,,
Is the entrance resolution mandatory?,The entrance resolution is not mandatory.,admission,,
Must I attempt the admission test?,You must not attempt the admission test.,admission,,
Is the admission check compulsory?,The admission check is not compulsory.,admission,,
Do I need to attempt the admission test?,You do not need to attempt the admission test.,admission,,
Is the entry resolution obligatory?,The entry resolution is not obligatory.,admission,,
Is attempting the admission test necessary?,Attempting the admission test is not necessary.,admission,,
Is the admission conclusion mandatory?,The admission conclusion is not mandatory.,admission,,
Is the admission decision required?,The admission decision is not required.,admission,,
Is the admission verdict compulsory?,The admission verdict is not compulsory.,admission,,
Is the admission process determination mandatory?,The admission process determination is not mandatory.,admission,,
Is the admission qualification decision required?,The admission qualification decision is not required.,admission,,
Is the admission criteria decision mandatory?,The admission criteria decision is not mandatory.,admission,,
Is the admission placement decision compulsory?,The admission placement decision is not compulsory.,admission,,
Is the admission entrance resolution required?,The admission entrance resolution is not required.,admission,,
Is the admission selection decision mandatory?,The admission selection decision is not mandatory.,admission,,
Is the admission screening decision compulsory?,The admission screening decision is not compulsory.,admission,,
Is the admission evaluation decision required?,The admission evaluation decision is not required.,admission,,
Is the admission assessment decision mandatory?,The admission assessment decision is not mandatory.,admission,,
Is the admission qualification verdict compulsory?,The admission qualification verdict is not compulsory.,admission,,
Is the admission criteria verdict required?,The admission criteria verdict is not required.,admission,,
Is the admission placement verdict mandatory?,The admission placement verdict is not mandatory.,admission,,
Is the admission selection verdict compulsory?,The admission selection verdict is not compulsory.,admission,,
Is the admission screening verdict required?,The admission screening verdict is not required.,admission,,
Is the admission evaluation verdict mandatory?,The admission evaluation verdict is not mandatory.,admission,,
Is the admission test inescapable?,The admission test is not inescapable.,admission,,
Is the entrance verdict mandatory?,The entrance verdict is not mandatory.,admission,,
Must I face the admission test?,You must not face the admission test.,admission,,
Is the admission measurement compulsory?,The admission measurement is not compulsory.,admission,,
Do I need to face the admission test?,You do not need to face the admission test.,admission,,
Is the entry verdict obligatory?,The entry verdict is not obligatory.,admission,,
Is facing the admission test necessary?,Facing the admission test is not necessary.,admission,,
Is the admission finding mandatory?,The admission finding is not mandatory.,admission,,
Is the admission outcome required?,The admission outcome is not required.,admission,,
Is the admission result compulsory?,The admission result is not compulsory.,admission,,
Is the admission process decision mandatory?,The admission process decision is not mandatory.,admission,,
Is the admission qualification outcome required?,The admission qualification outcome is not required.,admission,,
Is the admission criteria outcome mandatory?,The admission criteria outcome is not mandatory.,admission,,
Is the admission placement outcome compulsory?,The admission placement outcome is not compulsory.,admission,,
Is the admission entrance verdict required?,The admission entrance verdict is not required.,admission,,
Is the admission selection outcome mandatory?,The admission selection outcome is not mandatory.,admission,,
Is the admission screening outcome compulsory?,The admission screening outcome is not compulsory.,admission,,
Is the admission evaluation outcome required?,The admission evaluation outcome is not required.,admission,,
Is the admission assessment outcome mandatory?,The admission assessment outcome is not mandatory.,admission,,
Is the admission qualification result compulsory?,The admission qualification result is not compulsory.,admission,,
Is the admission criteria result required?,The admission criteria result is not required.,admission,,
Is the admission placement result mandatory?,The admission placement result is not mandatory.,admission,,
Is the admission selection result compulsory?,The admission selection result is not compulsory.,admission,,
Is the admission screening result required?,The admission screening result is not required.,admission,,
Is the admission evaluation result mandatory?,The admission evaluation result is not mandatory.,admission,,
Is the admission test forced?,The admission test is not forced.,admission,,
Is the entrance outcome mandatory?,The entrance outcome is not mandatory.,admission,,
Must I experience the admission test?,You must not experience the admission test.,admission,,
Is the admission gauge compulsory?,The admission gauge is not compulsory.,admission,,
Do I need to experience the admission test?,You do not need to experience the admission test.,admission,,
Is the entry outcome obligatory?,The entry outcome is not obligatory.,admission,,
Is experiencing the admission test necessary?,Experiencing the admission test is not necessary.,admission,,
Is the admission discovery mandatory?,The admission discovery is not mandatory.,admission,,
Is the admission conclusion required?,The admission conclusion is not required.,admission,,
Is the admission ruling compulsory?,The admission ruling is not compulsory.,admission,,
Is the admission process outcome mandatory?,The admission process outcome is not mandatory.,admission,,
Is the admission qualification conclusion required?,The admission qualification conclusion is not required.,admission,,
Is the admission criteria conclusion mandatory?,The admission criteria conclusion is not mandatory.,admission,,
Is the admission placement conclusion compulsory?,The admission placement conclusion is not compulsory.,admission,,
Is the admission entrance outcome required?,The admission entrance outcome is not required.,admission,,
Is the admission selection conclusion mandatory?,The admission selection conclusion is not mandatory.,admission,,
Is the admission screening conclusion compulsory?,The admission screening conclusion is not compulsory.,admission,,
Is the admission evaluation conclusion required?,The admission evaluation conclusion is not required.,admission,,
Is the admission assessment conclusion mandatory?,The admission assessment conclusion is not mandatory.,admission,,
Is the admission qualification ruling compulsory?,The admission qualification ruling is not compulsory.,admission,,
Is the admission criteria ruling required?,The admission criteria ruling is not required.,admission,,
Is the admission placement ruling mandatory?,The admission placement ruling is not mandatory.,admission,,
Is the admission selection ruling compulsory?,The admission selection ruling is not compulsory.,admission,,
Is the admission screening ruling required?,The admission screening ruling is not required.,admission,,
Is the admission evaluation ruling mandatory?,The admission evaluation ruling is not mandatory.,admission,,
Thanks,You're welcome! Let me know if you have other admission questions.,admission,,
Thank you,Happy to help with your admission needs!,admission,,
Thanks a lot,Glad to assist! Come back anytime for admission help.,admission,,
Thank you so much,My pleasure! Good luck with your admission process.,admission,,
Shukria,You're welcome! Feel free to ask more admission questions.,admission,,
JazakAllah,JazakAllah Khair! Always happy to help with admissions.,admission,,
Allah Hafiz,Allah Hafiz! Best wishes with your admission journey.,admission,,
Khuda Hafiz,Khuda Hafiz! Let me know if you need more admission help.,admission,,
Mashallah,Mashallah! Wishing you success in your admission process.,admission,,
Alhamdulillah,Alhamdulillah! Happy to help with admission matters.,admission,,
BarakAllah,BarakAllah Feek! For all your admission needs.,admission,,
Thanks buddy,Anytime! Here for your admission questions.,admission,,
Appreciate it,Pleasure! What else can I help with regarding admissions?,admission,,
Many thanks,You're very welcome! More admission help available.,admission,,
Thank you kindly,Kindly return if you need more admission assistance.,admission,,
Much appreciated,Anytime! Let me know if you need help with admissions.,admission,,
Grateful,Grateful to assist you in your admission process.,admission,,
I appreciate your help,Happy to support you with your admission queries.,admission,,
Thank you friend,You're welcome friend! Good luck with admissions.,admission,,
Bless you,Thank you! May your admission journey be smooth.,admission,,
Thanks again,You're most welcome! Come back for more admission support.,admission,,
Deepest thanks,Glad to be of service on your admission path.,admission,,
Cheers,Cheers! Reach out again for admission guidance.,admission,,
Obliged,Glad I could help with your admission needs.,admission,,
Warm thanks,You're warmly welcome! Best of luck with admissions.,admission,,
Thanks my friend,You're welcome my friend! Admission help anytime.,admission,,
Thanks a bunch,Anytime! Let me know if admission help is needed.,admission,,
Big thanks,You're welcome! Best wishes for your admission success.,admission,,
Thanks for the support,Here to support you with all admission matters!,admission,,
Thanks for your time,Always happy to spend time helping with admissions.,admission,,
Thank you for the help,You're welcome! Let me know if you need more admission assistance.,admission,,
Thank you very much,Very welcome! Best of luck on your admission journey.,admission,,
I'm thankful,Thankful to be able to help with your admissions.,admission,,
I appreciate it a lot,It's my pleasure to help you with admission questions.,admission,,
Can't thank you enough,You’re always welcome here for admission help!,admission,,
Thanks for assisting,It’s my pleasure to assist you with admissions.,admission,,
Forever grateful,You're always welcome for admission support.,admission,,
Thanks pal,Here anytime pal! Ask if you need admission advice.,admission,,
I’m grateful for your help,Happy to help you out with the admission process.,admission,,
Much obliged,My pleasure! Let me know if you need admission info.,admission,,
I really appreciate it,Always here for your admission-related questions.,admission,,
Thank you endlessly,Endlessly happy to help with your admission goals!,admission,,
Appreciate your time,Your admission questions matter—reach out anytime.,admission,,
Thanks sincerely,Sincerely glad to help you through your admission journey.,admission,,
Infinite thanks,Infinite support for your admission process!,admission,,
Is transport available?,Transport facilities <transport_available> available.,transport,,
Do you provide transportation?,Transportation services <transport_available> provided.,transport,,
Are there shuttle services?,Shuttle services <transport_available> offered.,transport,,
Is campus transportation available?,Campus transportation <transport_available> available.,transport,,
Does the institute offer transport?,Institute transport <transport_available> offered.,transport,,
Are buses provided for students?,Student buses <transport_available> provided.,transport,,
Is there a pick-and-drop service?,Pick-and-drop service <transport_available> available.,transport,,
Do you arrange student transport?,Student transport <transport_available> arranged.,transport,,
Are there any transport facilities?,Transport facilities <transport_available> maintained.,transport,,
Can students use college transport?,College transport <transport_available> accessible to students.,transport,,
Is commuting assistance available?,Commuting assistance <transport_available> available.,transport,,
Does the university run buses?,University buses <transport_available> operational.,transport,,
Are there vans for students?,Student vans <transport_available> available.,transport,,
Is public transport accessible?,Public transport <transport_available> accessible from campus.,transport,,
Do you help with transportation?,Transportation help <transport_available> provided.,transport,,
Is there transport for field trips?,Field trip transport <transport_available> arranged.,transport,,
Are vehicles available for students?,Student vehicles <transport_available> available.,transport,,
Does the college have its own transport?,College-owned transport <transport_available> maintained.,transport,,
Is there transport for disabled students?,Transport for disabled students <transport_available> provided.,transport,,
Are there late-night transport options?,Late-night transport <transport_available> available.,transport,,
Is student transportation offered?,Student transportation <transport_available> offered.,transport,,
Does the school operate buses?,School buses <transport_available> operated.,transport,,
Are transport services provided?,Transport services <transport_available> provided.,transport,,
Is there a campus shuttle system?,A campus shuttle system <transport_available> maintained.,transport,,
Do you facilitate student commuting?,Student commuting <transport_available> facilitated.,transport,,
Are buses available for academic trips?,Buses for academic trips <transport_available> available.,transport,,
Is transportation arranged for events?,Event transportation <transport_available> arranged.,transport,,
Does the institution provide transit?,Institutional transit <transport_available> provided.,transport,,
Are there transport options for commuters?,Commuters' transport options <transport_available> available.,transport,,
Is a bus fleet maintained?,A bus fleet <transport_available> maintained.,transport,,
Do you offer ride services?,Ride services <transport_available> offered.,transport,,
Is transport accessible for evening classes?,Transport for evening classes <transport_available> accessible.,transport,,
Are shuttle buses available?,Shuttle buses <transport_available> available.,transport,,
Does the college coordinate transport?,College transport <transport_available> coordinated.,transport,,
Is there transport to satellite campuses?,Transport to satellite campuses <transport_available> available.,transport,,
Are vehicles provided for off-site activities?,Vehicles for off-site activities <transport_available> provided.,transport,,
Does the university supply transport?,University transport <transport_available> supplied.,transport,,
Is there a transport assistance program?,A transport assistance program <transport_available> available.,transport,,
Are transport passes distributed?,Transport passes <transport_available> distributed.,transport,,
Do you manage student transport?,Student transport <transport_available> managed.,transport,,
Is inter-campus transport available?,Inter-campus transport <transport_available> available.,transport,,
Are there dedicated student buses?,Dedicated student buses <transport_available> maintained.,transport,,
Does the school arrange transportation?,School transportation <transport_available> arranged.,transport,,
Is transport service included?,Transport service <transport_available> included.,transport,,
Are vans provided for group trips?,Vans for group trips <transport_available> provided.,transport,,
Do you operate transport for students?,Student transport <transport_available> operated.,transport,,
Is there a transport subsidy program?,A transport subsidy program <transport_available> available.,transport,,
Are transport facilities accessible?,Transport facilities <transport_available> accessible.,transport,,
Does the institute facilitate transport?,Institute transport <transport_available> facilitated.,transport,,
Is transport available during holidays?,Holiday transport <transport_available> available.,transport,,
Are buses running for early classes?,Buses for early classes <transport_available> running.,transport,,
Do you provide transport to train stations?,Transport to train stations <transport_available> provided.,transport,,
Is there special transport for athletes?,Athlete transport <transport_available> available.,transport,,
Are transport services functional?,Transport services <transport_available> functional.,transport,,
Does the college offer transport passes?,College transport passes <transport_available> offered.,transport,,
Is transport arranged for internships?,Internship transport <transport_available> arranged.,transport,,
Are there transport options for faculty?,Faculty transport options <transport_available> available.,transport,,
Do you run transport for conferences?,Conference transport <transport_available> run.,transport,,
Is transport available on weekends?,Weekend transport <transport_available> available.,transport,,
Are minibuses provided for students?,Student minibuses <transport_available> provided.,transport,,
Does the university manage shuttles?,University shuttles <transport_available> managed.,transport,,
Is there transport for exchange students?,Transport for exchange students <transport_available> available.,transport,,
Are transport routes established?,Transport routes <transport_available> established.,transport,,
Do you coordinate transport services?,Transport services <transport_available> coordinated.,transport,,
Is transport assistance offered?,Transport assistance <transport_available> offered.,transport,,
Are buses available for field visits?,Buses for field visits <transport_available> available.,transport,,
Does the school supply transport cards?,School transport cards <transport_available> supplied.,transport,,
Is there a transport helpdesk?,A transport helpdesk <transport_available> available.,transport,,
Are transport facilities operational?,Transport facilities <transport_available> operational.,transport,,
Do you facilitate campus transport?,Campus transport <transport_available> facilitated.,transport,,
Is transport provided for practicums?,Practicum transport <transport_available> provided.,transport,,
Are there transport partnerships?,Transport partnerships <transport_available> maintained.,transport,,
Does the institution run transport?,Institutional transport <transport_available> run.,transport,,
Is transport available for guests?,Guest transport <transport_available> available.,transport,,
Are shuttle services functional?,Shuttle services <transport_available> functional.,transport,,
Do you offer transport for seminars?,Seminar transport <transport_available> offered.,transport,,
Is there transport to libraries?,Transport to libraries <transport_available> available.,transport,,
Are buses maintained for students?,Student buses <transport_available> maintained.,transport,,
Does the college provide transport apps?,College transport apps <transport_available> provided.,transport,,
Is transport arranged for workshops?,Workshop transport <transport_available> arranged.,transport,,
Are transport discounts available?,Transport discounts <transport_available> available.,transport,,
Do you manage commute solutions?,Commute solutions <transport_available> managed.,transport,,
Is transport available for tours?,Tour transport <transport_available> available.,transport,,
Are there transport amenities?,Transport amenities <transport_available> provided.,transport,,
Does the university facilitate buses?,University buses <transport_available> facilitated.,transport,,
Is there transport for new students?,Transport for new students <transport_available> available.,transport,,
Are transport schedules published?,Transport schedules <transport_available> published.,transport,,
Do you coordinate ride-sharing?,Ride-sharing <transport_available> coordinated.,transport,,
Is transport service reliable?,Transport service <transport_available> reliable.,transport,,
Are vans available for clubs?,Club vans <transport_available> available.,transport,,
Does the school offer transport support?,School transport support <transport_available> offered.,transport,,
Is there transport to sports facilities?,Transport to sports facilities <transport_available> available.,transport,,
Are transport options diverse?,Diverse transport options <transport_available> available.,transport,,
Do you provide transport to airports?,Airport transport <transport_available> provided.,transport,,
Is transport arranged for competitions?,Competition transport <transport_available> arranged.,transport,,
Are buses accessible for all?,Buses <transport_available> accessible for all.,transport,,
Does the institute run transport services?,Institute transport services <transport_available> run.,transport,,
Is transport available during exams?,Exam transport <transport_available> available.,transport,,
Are shuttle stops established?,Shuttle stops <transport_available> established.,transport,,
Do you facilitate transport for research?,Research transport <transport_available> facilitated.,transport,,
Is there transport to dormitories?,Dormitory transport <transport_available> available.,transport,,
Are transport vouchers provided?,Transport vouchers <transport_available> provided.,transport,,
Does the college manage transport fleets?,College transport fleets <transport_available> managed.,transport,,
Is transport available for staff?,Staff transport <transport_available> available.,transport,,
Are transport links efficient?,Transport links <transport_available> efficient.,transport,,
Do you offer transport for ceremonies?,Ceremony transport <transport_available> offered.,transport,,
Is there transport to city centers?,City center transport <transport_available> available.,transport,,
Are buses equipped for accessibility?,Accessible buses <transport_available> equipped.,transport,,
Does the university arrange pickups?,University pickups <transport_available> arranged.,transport,,
Is transport provided for orientations?,Orientation transport <transport_available> provided.,transport,,
Are transport hubs available?,Transport hubs <transport_available> available.,transport,,
Do you coordinate transport logistics?,Transport logistics <transport_available> coordinated.,transport,,
Is transport service affordable?,Transport service <transport_available> affordable.,transport,,
Are minivans provided for teams?,Team minivans <transport_available> provided.,transport,,
Does the school facilitate commuting?,School commuting <transport_available> facilitated.,transport,,
Is there transport to hospitals?,Hospital transport <transport_available> available.,transport,,
Are transport benefits included?,Transport benefits <transport_available> included.,transport,,
Do you provide transport maps?,Transport maps <transport_available> provided.,transport,,
Is transport arranged for guest lectures?,Guest lecture transport <transport_available> arranged.,transport,,
Are transport apps functional?,Transport apps <transport_available> functional.,transport,,
Does the institution offer transport plans?,Institutional transport plans <transport_available> offered.,transport,,
Is transport available for alumni?,Alumni transport <transport_available> available.,transport,,
Are shuttle routes optimized?,Shuttle routes <transport_available> optimized.,transport,,
Do you manage transport reservations?,Transport reservations <transport_available> managed.,transport,,
Is there transport for summer programs?,Summer program transport <transport_available> available.,transport,,
Are transport passes subsidized?,Subsidized transport passes <transport_available> available.,transport,,
Does the college provide eco-transport?,Eco-transport <transport_available> provided.,transport,,
Is transport available for open days?,Open day transport <transport_available> available.,transport,,
Are transport services safe?,Transport services <transport_available> safe.,transport,,
Do you offer transport to stations?,Transport to stations <transport_available> offered.,transport,,
Is there transport for disabled access?,Disabled access transport <transport_available> available.,transport,,
Are bus lanes utilized?,Bus lanes <transport_available> utilized.,transport,,
Does the university coordinate transit?,University transit <transport_available> coordinated.,transport,,
Is transport provided for excursions?,Excursion transport <transport_available> provided.,transport,,
Are transport options convenient?,Convenient transport options <transport_available> available.,transport,,
Do you facilitate transport for volunteers?,Volunteer transport <transport_available> facilitated.,transport,,
Is transport available during strikes?,Strike transport <transport_available> available.,transport,,
Are transport cards issued?,Transport cards <transport_available> issued.,transport,,
Does the school run express shuttles?,Express shuttles <transport_available> run.,transport,,
Is there transport to labs?,Lab transport <transport_available> available.,transport,,
Are transport facilities modern?,Modern transport facilities <transport_available> maintained.,transport,,
Do you provide transport for rehearsals?,Rehearsal transport <transport_available> provided.,transport,,
Is transport arranged for placements?,Placement transport <transport_available> arranged.,transport,,
Are transport schedules flexible?,Flexible transport schedules <transport_available> available.,transport,,
Does the institute manage bus depots?,Institute bus depots <transport_available> managed.,transport,,
Is transport available for visitors?,Visitor transport <transport_available> available.,transport,,
Are transport apps available?,Transport apps <transport_available> available.,transport,,
Do you offer transport to museums?,Museum transport <transport_available> offered.,transport,,
Is there transport for cultural events?,Cultural event transport <transport_available> available.,transport,,
Are transport services punctual?,Transport services <transport_available> punctual.,transport,,
Does the college facilitate carpooling?,College carpooling <transport_available> facilitated.,transport,,
Is transport provided for emergencies?,Emergency transport <transport_available> provided.,transport,,
Are transport hubs accessible?,Accessible transport hubs <transport_available> maintained.,transport,,
Do you coordinate transport for festivals?,Festival transport <transport_available> coordinated.,transport,,
Is transport service eco-friendly?,Eco-friendly transport service <transport_available> available.,transport,,
Are electric buses provided?,Electric buses <transport_available> provided.,transport,,
Does the university offer night transport?,Night transport <transport_available> offered.,transport,,
Is there transport to tech parks?,Tech park transport <transport_available> available.,transport,,
Are transport discounts offered?,Transport discounts <transport_available> offered.,transport,,
Do you provide transport for competitions?,Competition transport <transport_available> provided.,transport,,
Is transport arranged for interviews?,Interview transport <transport_available> arranged.,transport,,
Are transport updates provided?,Transport updates <transport_available> provided.,transport,,
Does the institution facilitate shuttles?,Institution shuttles <transport_available> facilitated.,transport,,
Is transport available for rehearsals?,Rehearsal transport <transport_available> available.,transport,,
Are transport routes efficient?,Efficient transport routes <transport_available> maintained.,transport,,
Do you manage transport for exhibitions?,Exhibition transport <transport_available> managed.,transport,,
Is there transport for community service?,Community service transport <transport_available> available.,transport,,
Are transport passes available online?,Online transport passes <transport_available> available.,transport,,
Does the college run charter buses?,Charter buses <transport_available> run.,transport,,
Is transport available for transfers?,Transfer transport <transport_available> available.,transport,,
Are transport services monitored?,Monitored transport services <transport_available> maintained.,transport,,
Do you offer transport to theaters?,Theater transport <transport_available> offered.,transport,,
Is there transport for lab sessions?,Lab session transport <transport_available> available.,transport,,
Are transport facilities expanding?,Expanding transport facilities <transport_available> maintained.,transport,,
Does the university provide cycle transport?,Cycle transport <transport_available> provided.,transport,,
Is transport arranged for symposia?,Symposium transport <transport_available> arranged.,transport,,
Are transport apps user-friendly?,User-friendly transport apps <transport_available> available.,transport,,
Do you coordinate transport for retreats?,Retreat transport <transport_available> coordinated.,transport,,
Is transport service available daily?,Daily transport service <transport_available> available.,transport,,
Are hybrid vehicles provided?,Hybrid vehicles <transport_available> provided.,transport,,
Does the school facilitate transport apps?,School transport apps <transport_available> facilitated.,transport,,
Is there transport for parent visits?,Parent visit transport <transport_available> available.,transport,,
Are transport options cost-effective?,Cost-effective transport options <transport_available> available.,transport,,
Do you provide transport to concerts?,Concert transport <transport_available> provided.,transport,,
Is transport arranged for graduation?,Graduation transport <transport_available> arranged.,transport,,
Are transport schedules reliable?,Reliable transport schedules <transport_available> published.,transport,,
Does the institute offer shared transport?,Shared transport <transport_available> offered.,transport,,
Is transport available for audits?,Audit transport <transport_available> available.,transport,,
Are transport hubs secure?,Secure transport hubs <transport_available> maintained.,transport,,
Do you manage transport for fairs?,Fair transport <transport_available> managed.,transport,,
Is there transport for mentoring programs?,Mentoring program transport <transport_available> available.,transport,,
Are transport innovations implemented?,Transport innovations <transport_available> implemented.,transport,,
Does the college provide transport to clinics?,Clinic transport <transport_available> provided.,transport,,
Is transport available during breaks?,Break transport <transport_available> available.,transport,,
Are transport services accessible 24/7?,24/7 transport services <transport_available> accessible.,transport,,
Do you offer transport to observatories?,Observatory transport <transport_available> offered.,transport,,
Is there transport for volunteer work?,Volunteer work transport <transport_available> available.,transport,,
Are transport options sustainable?,Sustainable transport options <transport_available> available.,transport,,
Does the university arrange transport for camps?,Camp transport <transport_available> arranged.,transport,,
Is transport provided for conferences?,Conference transport <transport_available> provided.,transport,,
Are transport feedback systems in place?,Transport feedback systems <transport_available> established.,transport,,
Do you facilitate transport for exchanges?,Exchange transport <transport_available> facilitated.,transport,,
Is transport available for internships?,Internship transport <transport_available> available.,transport,,
Are transport apps updated regularly?,Regularly updated transport apps <transport_available> available.,transport,,
Is the campus wheelchair-friendly?,Our entire campus is designed to be fully wheelchair accessible.,handy cab,,
Are there wheelchair ramps available?,Wheelchair ramps are conveniently located at <chairlocation>.,handy cab,,
Do you have wheelchair access in buildings?,All buildings feature wheelchair accessible entrances at <chairlocation>.,handy cab,,
Is wheelchair access provided?,Comprehensive wheelchair access is available throughout our facilities.,handy cab,,
Are your facilities wheelchair accessible?,Yes our facilities are fully equipped for wheelchair users.,handy cab,,
Do you accommodate wheelchairs?,We're fully equipped to accommodate wheelchairs at all campus locations.,handy cab,,
Is there disabled access for wheelchairs?,Dedicated wheelchair access points are available at <chairlocation>.,handy cab,,
Are wheelchair lifts installed?,Wheelchair lifts are operational at key locations including <chairlocation>.,handy cab,,
Is the campus mobility-friendly?,Our campus is completely accessible for mobility devices including wheelchairs.,handy cab,,
Do you have accessible entrances?,Accessible entrances for wheelchairs can be found at <chairlocation>.,handy cab,,
Are there barrier-free pathways?,Barrier-free pathways connect all buildings with ramps at <chairlocation>.,handy cab,,
Is wheelchair navigation possible?,Wheelchair navigation is seamless across our entire campus.,handy cab,,
Do you support wheelchair users?,Full support for wheelchair users is available at all campus facilities.,handy cab,,
Are elevators wheelchair accessible?,All elevators are wheelchair accessible with entry points at <chairlocation>.,handy cab,,
Is there step-free access?,Step-free wheelchair access is provided at all main entrances including <chairlocation>.,handy cab,,
Are your restrooms wheelchair-accessible?,Wheelchair-accessible restrooms are available on every floor near <chairlocation>.,handy cab,,
Do you have disabled parking with wheelchair access?,Dedicated disabled parking with wheelchair routes is available at <chairlocation>.,handy cab,,
Is the library wheelchair friendly?,The library features wheelchair-accessible study areas and entrances at <chairlocation>.,handy cab,,
Are classrooms accessible for wheelchairs?,All classrooms are designed with wheelchair-accessible seating and entry points.,handy cab,,
Do you provide wheelchair assistance?,Campus staff are available to assist with wheelchair access at key locations.,handy cab,,
Is the cafeteria wheelchair accessible?,The cafeteria has wheelchair-friendly serving areas and seating near <chairlocation>.,handy cab,,
Are there automatic doors for wheelchairs?,Automatic door access for wheelchairs is installed at <chairlocation>.,handy cab,,
Is the auditorium wheelchair accessible?,The auditorium has dedicated wheelchair seating areas accessible via <chairlocation>.,handy cab,,
Are pathways wide enough for wheelchairs?,All pathways meet width requirements for wheelchairs especially at <chairlocation>.,handy cab,,
Do you have ramps for wheelchair access?,Wheelchair ramps are available at all level changes including <chairlocation>.,handy cab,,
Is the campus wheelchair navigable?,Our campus layout is specifically designed for easy wheelchair navigation.,handy cab,,
Are elevators available for wheelchair users?,Elevators serving all floors are positioned near wheelchair access points at <chairlocation>.,handy cab,,
Is there wheelchair access to labs?,Science labs feature wheelchair-accessible workstations entered via <chairlocation>.,handy cab,,
Are dormitories wheelchair accessible?,Campus housing includes wheelchair-accessible rooms and common areas.,handy cab,,
Do you have tactile paths for wheelchair users?,Tactile paths accompany wheelchair routes at key locations like <chairlocation>.,handy cab,,
Is the sports complex wheelchair accessible?,The sports facility has wheelchair viewing areas and accessible entrances at <chairlocation>.,handy cab,,
Are wheelchair-accessible restrooms available?,Fully equipped wheelchair-accessible restrooms are located near <chairlocation>.,handy cab,,
Is there accessible transportation for wheelchair users?,Campus transport includes wheelchair-accessible vehicles with boarding at <chairlocation>.,handy cab,,
Do you have lowered counters for wheelchairs?,Lowered service counters for wheelchair users are available at <chairlocation>.,handy cab,,
Is the campus designed for wheelchair mobility?,Our campus architecture prioritizes wheelchair mobility throughout all facilities.,handy cab,,
Are there wheelchair-accessible study spaces?,Dedicated wheelchair-accessible study areas are located near <chairlocation>.,handy cab,,
Is the admin building wheelchair accessible?,The administration building has wheelchair access points at <chairlocation>.,handy cab,,
Are your emergency exits wheelchair accessible?,All emergency exits include wheelchair-accessible routes marked at <chairlocation>.,handy cab,,
Do you provide campus maps showing wheelchair access?,Maps highlighting wheelchair routes are available with key points like <chairlocation>.,handy cab,,
Is there accessible seating for wheelchairs in lecture halls?,Lecture halls feature designated wheelchair-accessible seating areas.,handy cab,,
Are your stairs supplemented with wheelchair options?,All staircases have adjacent wheelchair access via ramps or lifts at <chairlocation>.,handy cab,,
Is the campus tour wheelchair accessible?,Our campus tours follow fully wheelchair-accessible routes covering <chairlocation>.,handy cab,,
Are information desks wheelchair accessible?,All information desks have wheelchair-accessible service counters.,handy cab,,
Do you have automatic door openers for wheelchairs?,Automatic door openers are installed for wheelchair access at <chairlocation>.,handy cab,,
Is the bookstore wheelchair accessible?,The campus bookstore features wheelchair-friendly aisles and checkout counters.,handy cab,,
Are there wheelchair charging stations?,Wheelchair charging points are available near key areas including <chairlocation>.,handy cab,,
Is the health center wheelchair accessible?,Our medical facility is fully equipped with wheelchair-accessible exam rooms.,handy cab,,
Are outdoor areas wheelchair navigable?,Gardens and outdoor spaces feature wheelchair-friendly pathways throughout.,handy cab,,
Do you have accessible water fountains for wheelchairs?,Wheelchair-accessible water fountains are installed near <chairlocation>.,handy cab,,
Is the tech lab wheelchair accessible?,Computer labs have wheelchair-adaptive workstations at <chairlocation>.,handy cab,,
Are there accessible emergency shelters for wheelchairs?,Emergency shelters include wheelchair-accessible facilities marked at <chairlocation>.,handy cab,,
Is the campus center wheelchair friendly?,The student center is fully accessible with wide pathways and automatic doors.,handy cab,,
Do you have Braille signage for wheelchair routes?,Braille-enhanced directional signs for wheelchair routes are placed at <chairlocation>.,handy cab,,
Is the gym wheelchair accessible?,Our fitness center features wheelchair-accessible equipment and locker rooms.,handy cab,,
Are campus shuttles wheelchair accessible?,Shuttle buses are equipped with wheelchair ramps boarding at <chairlocation>.,handy cab,,
Is there a campus accessibility guide for wheelchairs?,Our accessibility guide details wheelchair routes including access at <chairlocation>.,handy cab,,
Are your restrooms equipped with wheelchair support bars?,All accessible restrooms feature support bars and spacious layouts.,handy cab,,
Do you have height-adjustable tables for wheelchairs?,Height-adjustable work surfaces for wheelchairs are available near <chairlocation>.,handy cab,,
Is the art studio wheelchair accessible?,Creative spaces have wheelchair-adaptive workstations and wide aisles.,handy cab,,
Are campus events wheelchair accessible?,All campus events are held in wheelchair-accessible venues with entry at <chairlocation>.,handy cab,,
Is the chapel wheelchair accessible?,The spiritual center has wheelchair seating accessible via ramps at <chairlocation>.,handy cab,,
Do you provide wheelchair repair services?,Basic wheelchair maintenance support is available at our campus clinic.,handy cab,,
Are campus tours available for wheelchair users?,Specialized wheelchair-accessible tours showcase routes through <chairlocation>.,handy cab,,
Is the student lounge wheelchair accessible?,Common areas feature wheelchair-friendly furniture arrangements and access points.,handy cab,,
Are there accessible picnic areas for wheelchairs?,Outdoor seating includes wheelchair-accessible picnic spots near <chairlocation>.,handy cab,,
Is the career center wheelchair accessible?,Our career services office has fully accessible consultation rooms.,handy cab,,
Do you have wheelchair-accessible meeting rooms?,Conference spaces include wheelchair-accessible tables and entry points.,handy cab,,
Is the science building wheelchair navigable?,The science complex features wheelchair-accessible labs and equipment.,handy cab,,
Are campus pathways cleared for wheelchairs in winter?,Winter maintenance ensures wheelchair pathways remain clear especially at <chairlocation>.,handy cab,,
Is the music room wheelchair accessible?,Performance spaces have wheelchair-accessible stages and seating areas.,handy cab,,
Do you provide temporary wheelchairs?,Loaner wheelchairs are available at key locations including <chairlocation>.,handy cab,,
Are campus maps available in accessible formats?,Accessibility-focused campus maps highlight wheelchair routes through <chairlocation>.,handy cab,,
Is the observatory wheelchair accessible?,The astronomy facility includes wheelchair-accessible viewing platforms.,handy cab,,
Are there accessible vending machines for wheelchairs?,Wheelchair-height vending machines are located near <chairlocation>.,handy cab,,
Is the theater wheelchair friendly?,Performance venues feature wheelchair-accessible seating with companion spaces.,handy cab,,
Do you have accessible campus Wi-Fi for wheelchair areas?,Full Wi-Fi coverage includes all wheelchair-accessible study zones.,handy cab,,
Are campus directories wheelchair height?,Directory stands are positioned at wheelchair-appropriate heights near <chairlocation>.,handy cab,,
Is the photography lab wheelchair accessible?,Creative labs feature wheelchair-adaptive workbenches and equipment.,handy cab,,
Are accessible campus tours offered?,Guided tours specifically highlight wheelchair-friendly routes and facilities.,handy cab,,
Is the meditation room wheelchair accessible?,Quiet spaces include wheelchair-accessible entry and seating areas.,handy cab,,
Do you have emergency alarms for wheelchair users?,Emergency systems include visual/audio alarms in all wheelchair-accessible areas.,handy cab,,
Is the innovation hub wheelchair accessible?,Collaboration spaces are designed with wheelchair-accessible workstations.,handy cab,,
Are campus elevators voice-announced for wheelchair users?,Elevators feature audio announcements and braille controls for accessibility.,handy cab,,
Is the rooftop accessible for wheelchairs?,Accessible rooftop terraces are available via elevators at <chairlocation>.,handy cab,,
Do you provide wheelchair-accessible campus housing?,Dedicated accessible dorm rooms feature widened doors and adapted bathrooms.,handy cab,,
Are service animal relief areas wheelchair accessible?,Service animal zones include wheelchair-accessible pathways nearby.,handy cab,,
Is the writing center wheelchair accessible?,Academic support centers have fully accessible consultation spaces.,handy cab,,
Are campus information kiosks wheelchair height?,Interactive kiosks are positioned at wheelchair-appropriate heights.,handy cab,,
Is the botanical garden wheelchair navigable?,Conservatory pathways are designed for wheelchair access throughout.,handy cab,,
Do you have accessible campus merchandise stores?,The campus store features wheelchair-friendly aisles and checkout counters.,handy cab,,
Is the disability services office wheelchair accessible?,Our accessibility office has barrier-free entry and consultation rooms.,handy cab,,
Are campus bus stops wheelchair friendly?,Transit stops include wheelchair boarding platforms at <chairlocation>.,handy cab,,
Is the archive room wheelchair accessible?,Special collections areas feature wheelchair-accessible viewing stations.,handy cab,,
Do you provide wheelchair-accessible campus orientations?,New student orientations include dedicated wheelchair-access tours.,handy cab,,
Are campus escalators supplemented with wheelchair options?,All escalators have adjacent wheelchair-accessible elevators at <chairlocation>.,handy cab,,
Is the prayer room wheelchair accessible?,Multifaith spaces include wheelchair-accessible prayer areas and ablution facilities.,handy cab,,
Are campus fountains wheelchair accessible?,Public art installations feature wheelchair-accessible viewing areas.,handy cab,,
Is the student government office wheelchair accessible?,Leadership offices have wheelchair-accessible meeting spaces.,handy cab,,
Do you have accessible power outlets for wheelchairs?,Conveniently placed power sources for wheelchair charging are available campus-wide.,handy cab,,
Is the robotics lab wheelchair accessible?,Engineering labs feature wheelchair-height workbenches at <chairlocation>.,handy cab,,
Are campus benches spaced for wheelchair transfer?,Seating areas include transfer-friendly benches throughout pathways.,handy cab,,
Is the counseling center wheelchair accessible?,Mental health services are provided in fully accessible private offices.,handy cab,,
Do you provide campus accessibility training for wheelchair users?,Orientation includes customized mobility mapping of key areas like <chairlocation>.,handy cab,,
Are campus building names in Braille for wheelchair users?,Tactile building identification assists wheelchair navigation at entrances.,handy cab,,
Is the greenhouse wheelchair accessible?,Horticultural facilities feature wheelchair-accessible growing beds and aisles.,handy cab,,
Are campus sidewalks smooth for wheelchairs?,Paved pathways are maintained for smooth wheelchair travel throughout.,handy cab,,
Is the alumni hall wheelchair accessible?,Event venues include wheelchair-accessible stages and reception areas.,handy cab,,
Do you have accessible campus dining options?,Dining halls feature wheelchair-friendly serving lines and seating.,handy cab,,
Are campus emergency phones wheelchair height?,Emergency call stations are positioned at wheelchair-accessible heights.,handy cab,,
Is the sculpture garden wheelchair navigable?,Art installations feature wheelchair-accessible viewing paths.,handy cab,,
Are campus ramps clearly marked for wheelchairs?,All wheelchair ramps feature visible signage at entry points.,handy cab,,
Is the tutoring center wheelchair accessible?,Academic support areas have wheelchair-accessible study carrels.,handy cab,,
Do you provide accessible campus transportation information?,Mobility transit details highlight wheelchair boarding points like <chairlocation>.,handy cab,,
Are campus door handles wheelchair friendly?,Lever-style handles are installed on all doors for wheelchair access.,handy cab,,
Is the sports field wheelchair accessible?,Athletic venues include wheelchair-accessible viewing platforms.,handy cab,,
Are campus handrails at wheelchair height?,Stair handrails have complementary ramp handrails at appropriate heights.,handy cab,,
Is the meditation garden wheelchair accessible?,Tranquil spaces feature wheelchair-friendly loop paths and seating.,handy cab,,
Do you have accessible campus waste bins?,Receptacles are positioned at wheelchair-appropriate heights throughout.,handy cab,,
Is the virtual reality lab wheelchair accessible?,Immersive technology rooms feature wheelchair-adaptive stations.,handy cab,,
Are campus crosswalks designed for wheelchairs?,Pedestrian crossings include wheelchair curb cuts at all intersections.,handy cab,,
Is the career fair venue wheelchair accessible?,Recruitment events are held in wheelchair-accessible exhibition halls.,handy cab,,
Do you provide wheelchair-accessible campus housing tours?,Dorm tours include viewing of adapted living spaces upon request.,handy cab,,
Are campus emergency procedures wheelchair inclusive?,Safety protocols include specific evacuation plans for wheelchair users.,handy cab,,
Is the observatory deck wheelchair accessible?,Astronomy viewing platforms feature wheelchair-accessible telescope stations.,handy cab,,
Are campus building entrances clearly marked for wheelchair access?,Primary wheelchair entrances feature prominent signage at <chairlocation>.,handy cab,,
Is the pottery studio wheelchair accessible?,Art studios feature wheelchair-height pottery wheels and worktables.,handy cab,,
Do you have accessible campus lactation rooms for wheelchair users?,Parent facilities include wheelchair-accessible private spaces.,handy cab,,
Are campus water stations wheelchair height?,Hydration stations feature wheelchair-accessible spout positions.,handy cab,,
Is the archery range wheelchair accessible?,Adaptive sports facilities include wheelchair-accessible shooting lines.,handy cab,,
Are campus information screens viewable from wheelchairs?,Digital displays are positioned at wheelchair sightline heights.,handy cab,,
Is the darkroom wheelchair accessible?,Photography facilities include wheelchair-accessible film processing areas.,handy cab,,
Do you provide wheelchair-accessible campus event tickets?,Ticket distribution includes accessible seating reservation options.,handy cab,,
Are campus emergency exits wheelchair navigable?,All emergency egress routes maintain wheelchair-accessible widths.,handy cab,,
Is the climbing wall wheelchair accessible?,Adaptive recreation includes wheelchair-accessible climbing features.,handy cab,,
Are campus ATM machines at wheelchair height?,Financial kiosks feature wheelchair-accessible keypad placements.,handy cab,,
Is the swimming pool wheelchair accessible?,Aquatic facilities include wheelchair pool lifts and accessible changing rooms.,handy cab,,
Do you have accessible campus art galleries?,Exhibition spaces feature wheelchair-friendly layout and sightlines.,handy cab,,
Are campus study abroad offices wheelchair accessible?,International programs offices have barrier-free consultation areas.,handy cab,,
Is the campus farm wheelchair navigable?,Agricultural areas feature wheelchair-accessible greenhouse pathways.,handy cab,,
Are campus vending machine controls wheelchair height?,Snack dispensers have controls positioned at wheelchair-accessible levels.,handy cab,,
Is the martial arts studio wheelchair accessible?,Adaptive fitness studios offer wheelchair-accessible training spaces.,handy cab,,
Do you provide wheelchair-accessible campus merchandise?,Bookstore checkout counters include wheelchair-height transaction areas.,handy cab,,
Are campus bus schedules available in Braille for wheelchair users?,Transit information is available in accessible formats upon request.,handy cab,,
Is the ceramics kiln room wheelchair accessible?,Art department facilities include wheelchair-accessible firing areas.,handy cab,,
Are campus hydration stations wheelchair accessible?,Water refill stations feature wheelchair-height dispensers throughout.,handy cab,,
Is the golf range wheelchair accessible?,Adaptive sports include wheelchair-accessible driving bays.,handy cab,,
Do you have accessible campus lost & found services?,Lost property offices feature wheelchair-accessible service counters.,handy cab,,
Are campus electrical outlets wheelchair reachable?,Convenient power access points are installed at wheelchair-appropriate heights.,handy cab,,
Is the woodshop wheelchair accessible?,Craft studios feature wheelchair-adaptive workbenches and tools.,handy cab,,
Are campus sidewalks cleared promptly for wheelchairs after snow?,Priority snow removal ensures wheelchair pathways remain accessible.,handy cab,,
Is the campus pub wheelchair friendly?,Social venues feature wheelchair-accessible entry and seating areas.,handy cab,,
Do you provide wheelchair-accessible campus safety escorts?,Security services include accessible transportation options.,handy cab,,
Are campus emergency buttons wheelchair height?,Help points feature wheelchair-accessible activation panels.,handy cab,,
Is the telescope facility wheelchair accessible?,Astronomy observation decks include wheelchair-adaptive viewing stations.,handy cab,,
Are campus reflection rooms wheelchair accessible?,Quiet contemplation spaces are fully wheelchair navigable.,handy cab,,
Is the veterinary clinic wheelchair accessible?,Animal care facilities include wheelchair-accessible examination areas.,handy cab,,
Do you have accessible campus laundry facilities?,Laundry rooms feature front-loading washers at wheelchair height.,handy cab,,
Are campus picnic tables wheelchair accessible?,Outdoor dining includes wheelchair-friendly table designs.,handy cab,,
Is the flight simulator wheelchair accessible?,Aviation labs feature wheelchair-adaptive training stations.,handy cab,,
Are campus bike racks positioned for wheelchair access?,Bicycle storage includes wheelchair-accessible placement locations.,handy cab,,
Is the welding lab wheelchair accessible?,Industrial arts spaces feature wheelchair-adaptive work bays.,handy cab,,
Do you provide wheelchair-accessible campus shuttle tracking?,Real-time transit apps show wheelchair-accessible vehicle locations.,handy cab,,
Are campus drinking fountains wheelchair height?,Water fountains include dual-level designs for wheelchair users.,handy cab,,
Is the rowing facility wheelchair accessible?,Boathouses feature wheelchair-accessible docks and viewing areas.,handy cab,,
Are campus garden beds wheelchair height?,Therapeutic horticulture includes raised beds for wheelchair access.,handy cab,,
Is the black box theater wheelchair accessible?,Experimental performance spaces have flexible wheelchair seating.,handy cab,,
Do you have accessible campus printing stations?,Print release kiosks are positioned at wheelchair-appropriate heights.,handy cab,,
Are campus emergency shelters wheelchair equipped?,Safety shelters include wheelchair-accessible restrooms and charging ports.,handy cab,,
Is the microscopy lab wheelchair accessible?,Scientific imaging facilities feature wheelchair-adaptive workstations.,handy cab,,
Are campus directional signs at wheelchair eye level?,Wayfinding signage is positioned for optimal wheelchair visibility.,handy cab,,
Is the meditation labyrinth wheelchair accessible?,Contemplative pathways include wheelchair-accessible circuit designs.,handy cab,,
Do you provide wheelchair-accessible campus voting stations?,Election facilities include adapted voting booths for wheelchair users.,handy cab,,
Are campus phone charging stations wheelchair height?,Device charging ports are installed at wheelchair-accessible locations.,handy cab,,
Is the automotive shop wheelchair accessible?,Vehicle technology labs feature wheelchair-adaptive work pits.,handy cab,,
Are campus pedestrian bridges wheelchair navigable?,All elevated pathways include gradual ramps for wheelchair access.,handy cab,,
Is the planetarium wheelchair accessible?,Stargazing facilities include wheelchair-friendly seating arrangements.,handy cab,,
Do you have accessible campus prayer rugs?,Multifaith resources include wheelchair-accessible worship materials.,handy cab,,
Are campus emergency exits clearly marked for wheelchair routes?,Egress signage specifically indicates wheelchair-accessible exit paths.,handy cab,,
Is the metal foundry wheelchair accessible?,Industrial arts facilities include wheelchair-adaptive pouring stations.,handy cab,,
Are campus bench heights suitable for wheelchair transfers?,Resting spots include transfer-compatible bench designs.,handy cab,,
Is the animation studio wheelchair accessible?,Digital arts labs feature wheelchair-height animation stations.,handy cab,,
Do you provide wheelchair-accessible campus housing applications?,Accommodation processes include accessible application formats.,handy cab,,
Are campus vending machine payment systems wheelchair height?,Snack dispensers feature accessible card reader placements.,handy cab,,
Is the cricket oval wheelchair accessible?,Athletic fields include wheelchair-viewing platforms.,handy cab,,
Are campus entrance canopies wheelchair accessible?,Covered entries provide wheelchair-accessible weather protection.,handy cab,,
Is the forensic lab wheelchair accessible?,Criminal justice facilities feature wheelchair-adaptive work areas.,handy cab,,
Do you have accessible campus musical instruments?,Adaptive music program includes instruments for wheelchair users.,handy cab,,
Are campus hand sanitizer stations wheelchair height?,Hygiene stations are positioned at wheelchair-accessible locations.,handy cab,,
Is the rowing tank wheelchair accessible?,Aquatic training facilities include wheelchair-accessible transfer points.,handy cab,,
Are campus bulletin boards wheelchair viewable?,Information displays are mounted at wheelchair sightline heights.,handy cab,,
Is the glassblowing studio wheelchair accessible?,Hot shops feature wheelchair-adaptive glory holes and workstations.,handy cab,,
Do you provide wheelchair-accessible campus internship fairs?,Career events include specifically designed accessible layouts.,handy cab,,
Are campus gate entry systems wheelchair height?,Security gate controls are positioned for wheelchair access.,handy cab,,
Is the equestrian center wheelchair accessible?,Horse facilities include wheelchair-accessible viewing arenas.,handy cab,,
Are campus loading docks wheelchair accessible?,Service areas include accessible pathways for deliveries.,handy cab,,
Is the crime lab wheelchair accessible?,Forensic investigation rooms feature wheelchair-adaptive work surfaces.,handy cab,,
Do you have accessible campus theater lighting controls?,Performance venues include wheelchair-height control consoles.,handy cab,,
Are campus picnic pavilions wheelchair navigable?,Covered outdoor areas feature wheelchair-accessible picnic spots.,handy cab,,
Is the virtual tour wheelchair accessible?,Online experiences include detailed wheelchair-access mapping.,handy cab,,
Are campus hand dryers wheelchair height?,Restroom amenities include accessible hand dryer placements.,handy cab,,
Is the fencing salle wheelchair accessible?,Adaptive athletics include wheelchair fencing facilities.,handy cab,,
Do you provide wheelchair-accessible campus scholarship information?,Financial aid resources are available in accessible formats.,handy cab,,
Are campus emergency assembly points wheelchair accessible?,Designated safety zones include wheelchair-accessible areas.,handy cab,,
Is the neon sign lab wheelchair accessible?,Specialized art studios feature wheelchair-adaptive workbenches.,handy cab,,
Are campus tree roots smoothed for wheelchair paths?,Pathway maintenance prevents tripping hazards for wheelchair users.,handy cab,,
Is the drone lab wheelchair accessible?,Aeronautics facilities include wheelchair-height control stations.,handy cab,,
Do you have accessible campus costume shops?,Theater production areas feature wheelchair-adaptive fitting rooms.,handy cab,,
Are campus sidewalk cracks repaired for wheelchair safety?,Pavement maintenance prioritizes wheelchair route smoothness.,handy cab,,
Is the recording studio wheelchair accessible?,Audio production suites feature wheelchair-adaptive control rooms.,handy cab,,
Are campus gate intercoms wheelchair height?,Entry communication systems feature accessible microphone placement.,handy cab,,
Is the rifle range wheelchair accessible?,Marksmanship facilities include wheelchair-adaptive firing lanes.,handy cab,,
Do you provide wheelchair-accessible campus alumni events?,Reunion activities include specifically designed accessible venues.,handy cab,,
Are campus donation boxes wheelchair height?,Contribution receptacles are positioned at accessible locations.,handy cab,,
Is the particle accelerator wheelchair accessible?,Advanced physics facilities include wheelchair-accessible control rooms.,handy cab,,
Are campus downspouts positioned clear of wheelchair paths?,Building drainage avoids interference with accessibility routes.,handy cab,,
Is the holography lab wheelchair accessible?,Optics laboratories feature wheelchair-adaptive workstations.,handy cab,,
Do you have accessible campus 3D printers?,Maker spaces include wheelchair-height rapid prototyping equipment.,handy cab,,
Are campus sprinkler systems adjusted for wheelchair paths?,Irrigation avoids spraying on accessibility routes.,handy cab,,
Is the motion capture studio wheelchair accessible?,Digital production labs feature wheelchair-adaptive calibration spaces.,handy cab,,
Are campus flagpole bases designed for wheelchair clearance?,Ceremonial areas maintain accessibility around installations.,handy cab,,
Is the bioreactor lab wheelchair accessible?,Biotechnology facilities include wheelchair-accessible monitoring stations.,handy cab,,
Do you provide wheelchair-accessible campus commencement stages?,Graduation ceremonies include ramped access to platforms.,handy cab,,
Are campus bollard lights positioned clear of wheelchair paths?,Pathway lighting maintains clear accessibility widths.,handy cab,,
Is the wind tunnel wheelchair accessible?,Aerospace testing facilities include wheelchair-adaptive control rooms.,handy cab,,
Are campus memorial plaques wheelchair viewable?,Commemorative installations feature wheelchair-appropriate heights.,handy cab,,
Is the fermentation lab wheelchair accessible?,Food science facilities include wheelchair-accessible brewing stations.,handy cab,,
Do you have accessible campus telescope controls?,Astronomy equipment includes wheelchair-height adjustment panels.,handy cab,,
Are campus bicycle repair stands wheelchair accessible?,Self-service maintenance stations include accessible tool placement.,handy cab,,
Is the satellite dish array wheelchair accessible?,Telecommunications facilities feature wheelchair-adaptive monitoring areas.,handy cab,,
Are campus historical markers wheelchair height?,Informational plaques are mounted at wheelchair viewing levels.,handy cab,,
Is the cadaver lab wheelchair accessible?,Medical training facilities include wheelchair-accessible viewing galleries.,handy cab,,
Do you provide wheelchair-accessible campus donor recognition?,Philanthropy displays feature accessible viewing positions.,handy cab,,
Are campus utility covers flush with wheelchair paths?,Infrastructure access points maintain smooth pathway surfaces.,handy cab,,
Is the particle physics lab wheelchair accessible?,Research facilities include wheelchair-adaptive instrumentation bays.,handy cab,,
Are campus clock positions visible from wheelchair height?,Timepieces are placed for optimal visibility in seated positions.,handy cab,,
Is the vivarium wheelchair accessible?,Animal research facilities include wheelchair-accessible observation areas.,handy cab,,
Do you have accessible campus emergency oxygen?,First aid resources include wheelchair-height cabinet placements.,handy cab,,
Are campus construction detours wheelchair accessible?,Temporary pathways maintain accessibility standards during projects.,handy cab,,
Is the clean room wheelchair accessible?,Microfabrication facilities include wheelchair-adaptive entry systems.,handy cab,,
Are campus art installations wheelchair viewable?,Public artworks feature sightlines optimized for seated viewers.,handy cab,,
Is the nuclear reactor control room wheelchair accessible?,Energy facilities include wheelchair-accessible monitoring stations.,handy cab,,
Do you provide wheelchair-accessible campus archive access?,Special collections include adaptive viewing equipment.,handy cab,,
Are campus fire hydrants positioned clear of wheelchair paths?,Safety infrastructure maintains accessibility clearances.,handy cab,,
Is the electron microscope wheelchair accessible?,Advanced imaging suites feature wheelchair-adaptive controls.,handy cab,,
Are campus dedication plaques wheelchair height?,Commemorative markers are placed at accessible viewing positions.,handy cab,,
Is the cadaver storage area wheelchair accessible?,Anatomy resources include wheelchair-accessible retrieval systems.,handy cab,,
Do you have accessible campus defibrillator stations?,Emergency cardiac equipment includes wheelchair-height cabinets.,handy cab,,
Are campus event tents wheelchair navigable?,Temporary structures maintain accessibility aisle widths.,handy cab,,
Is the laser lab wheelchair accessible?,Photonics facilities feature wheelchair-adaptive optical tables.,handy cab,,
Are campus bike share docks wheelchair accessible?,Cycle stations include accessible docking mechanisms.,handy cab,,
Is the nuclear magnetic resonance lab wheelchair accessible?,Chemistry facilities include wheelchair-accessible instrumentation.,handy cab,,
Do you provide wheelchair-accessible campus patent displays?,Innovation exhibitions feature accessible viewing heights.,handy cab,,
Are campus storm drains designed for wheelchair safety?,Drainage systems prevent hazards on accessibility routes.,handy cab,,
Is the mass spectrometer wheelchair accessible?,Analytical chemistry labs feature wheelchair-adaptive interfaces.,handy cab,,
Are campus dedication benches wheelchair transfer friendly?,Commemorative seating includes transfer-compatible designs.,handy cab,,
Is the supercomputer room wheelchair accessible?,Computing facilities include wheelchair-adaptive control consoles.,handy cab,,
Do you have accessible campus telescope reservation systems?,Astronomy booking includes adaptive equipment options.,handy cab,,
Are campus manhole covers flush with wheelchair paths?,Infrastructure access maintains smooth pathway surfaces.,handy cab,,
Is the cyclotron wheelchair accessible?,Particle accelerator facilities include wheelchair-accessible viewing galleries.,handy cab,,
How does transferring work after 5th semester?,After 4th semester migration <yesmigration> permitted. Follow the transfer protocol at our admin office.,migration,,
Can I switch universities during 3rd semester?,Migration during 1st-3rd semesters <nomigration> allowed. Visit academic office for alternatives.,migration,,
What's the process for post-6th semester transfer?,After 4th semester but before 7th transfer <yesmigration> possible via standard procedure.,migration,,
Is migration allowed from Islamabad colleges?,Same-city transfers like Islamabad/Rawalpindi <nomigration> permitted. Contact admissions for details.,migration,,
How to transfer after completing 4 semesters?,Post-4th semester migration <yesmigration>: Submit documents per guidelines at registrar.,migration,,
Can I migrate during final year?,7th/8th semester transfers <nomigration> allowed. Visit academic counseling for options.,migration,,
What's the transfer procedure for Rawalpindi students?,Same-city migration <nomigration> possible. Discuss alternatives with our transfer coordinator.,migration,,
How does lateral entry work after 2nd year?,After 4th semester institutional transfer <yesmigration> requires document submission.,migration,,
Is transfer possible in 1st semester?,Early semester migration <nomigration> unavailable. Consult academic advisors for pathways.,migration,,
Where to start migration after 5th semester?,Post-4th semester transfer <yesmigration>: Begin process at academic affairs office.,migration,,
Can Rawalpindi students transfer credits?,Same-city credit transfer <nomigration> permitted. Explore options with registrar's office.,migration,,
What's the migration timeline after 4th semester?,4th-6th semester transfer <yesmigration>: Follow published procedure schedule.,migration,,
Are 8th semester transfers accepted?,Final year migration <nomigration> allowed. Contact student services for graduation options.,migration,,
How to apply for inter-university transfer?,From recognized institutes after 4th semester <yesmigration>: Submit application package.,migration,,
Is migration possible between twin cities?,Rawalpindi/Islamabad transfers <nomigration> permitted. Visit admin office for clarification.,migration,,
What documents needed for 6th semester transfer?,Post-4th semester migration <yesmigration>: Prepare documents listed in transfer guidelines.,migration,,
Can 2nd semester students switch colleges?,Early transfer <nomigration> unavailable. Academic counseling available at room B12.,migration,,
Where to submit migration papers after 5th semester?,4th-6th semester transfer <yesmigration>: File documents at academic migration desk.,migration,,
Is Islamabad to Rawalpindi transfer allowed?,Same-metro transfers <nomigration> permitted. Discuss with transfer coordinator.,migration,,
How long does post-4th semester migration take?,Eligible transfer <yesmigration> processing time: 4-6 weeks after document submission.,migration,,
Can I transfer during foundation semester?,Pre-4th semester migration <nomigration> allowed. Visit admissions for entry options.,migration,,
What's the credit transfer policy after 4th year?,Post-6th semester migration <nomigration> possible. Contact academic office for exceptions.,migration,,
Are there transfer options for 5th semester?,Mid-degree migration <yesmigration> available via standard institutional process.,migration,,
How to transfer from Rawalpindi institute?,Same-city transfer <nomigration> not permitted. Visit international office for global options.,migration,,
What's the deadline for 6th semester transfer?,Eligible migration <yesmigration>: Submit documents before semester start date.,migration,,
Can final year students migrate?,7th/8th semester transfer <nomigration> allowed. Career services available for post-grad options.,migration,,
Is there a transfer pathway after diploma?,Post-4th semester migration <yesmigration> requires credential evaluation.,migration,,
How does Islamabad college transfer work?,Same-city migration <nomigration> unavailable. Articulation agreements may apply - check website.,migration,,
What are transfer requirements after 5th semester?,Qualified migration <yesmigration>: Minimum 2.5 GPA and clearance from prior institute.,migration,,
Can 3rd semester students begin transfer?,Early migration <nomigration> not permitted. Academic advising available at room D7.,migration,,
Where to get migration forms after 4th semester?,Transfer process <yesmigration>: Collect documents from academic services office.,migration,,
Are twin city credits transferable?,Rawalpindi-Islamabad transfers <nomigration> permitted. Credit appeal process available.,migration,,
What's the migration eligibility after 4 semesters?,Post-4th semester transfer <yesmigration>: Must be from recognized accredited institution.,migration,,
Can I transfer in 8th semester?,Final semester migration <nomigration> allowed. Graduation transition support available.,migration,,
How to start transfer from recognized college?,After 4th semester <yesmigration>: Initiate process through academic migration portal.,migration,,
Is Rawalpindi institute transfer possible?,Same-city transfer <nomigration> not permitted. Visit international programs for alternatives.,migration,,
What's the process for 5th semester lateral entry?,Eligible transfer <yesmigration>: Complete equivalence assessment first.,migration,,
Are 1st semester transfers considered?,Initial semester migration <nomigration> unavailable. Foundation program details at office.,migration,,
Where to submit transfer request after 6th semester?,Pre-final year transfer <yesmigration>: File documents at student services building.,migration,,
Can Islamabad students migrate?,Same-city migration <nomigration> not permitted. Explore exchange programs instead.,migration,,
How long is migration valid after 4th semester?,Transfer window <yesmigration>: Open until 6th semester completion.,migration,,
Is 7th semester transfer an option?,Late degree transfer <nomigration> not permitted. Internship coordination available.,migration,,
What are transfer steps after 5th semester?,Qualified migration <yesmigration>: 1. Application 2. Document submission 3. Interview.,migration,,
Can I switch from Rawalpindi university?,Same-city transfer <nomigration> unavailable. Consider cross-registration options.,migration,,
Where to inquire about 4th semester transfer?,Migration office <yesmigration>: Room F34 for post-4th semester procedures.,migration,,
Are 2nd year transfers accepted?,After 4th semester <yesmigration>: Transfer possible with academic records review.,migration,,
How to transfer credits from another city?,Different city transfer <yesmigration>: Submit transcripts for evaluation per guidelines.,migration,,
Is twin city credit transfer possible?,Rawalpindi-Islamabad transfer <nomigration> not permitted. Course validation available.,migration,,
What's the migration cutoff after 6th semester?,Post-6th semester transfer <nomigration> allowed. Visit academic office for pathway planning.,migration,,
Can I begin transfer in 3rd semester?,Pre-qualifying transfer <nomigration> unavailable. Prerequisite completion required.,migration,,
Where to submit migration application after 5th?,Transfer desk <yesmigration>: Room G21 accepts documents during office hours.,migration,,
Are Islamabad transfers processed?,Same-city requests <nomigration> not accepted. Articulation agreements may provide options.,migration,,
What's required for post-4th semester transfer?,Migration package <yesmigration>: 1. Transcripts 2. Syllabus 3. NOC from prior institute.,migration,,
Can final semester students transfer?,7th/8th semester migration <nomigration> not permitted. Thesis continuation possible.,migration,,
How does inter-college transfer work after 4th?,Eligible migration <yesmigration>: Credit mapping followed by enrollment confirmation.,migration,,
Is Rawalpindi institute migration allowed?,Same-city transfer <nomigration> unavailable. Summer course options may be considered.,migration,,
What's the timeline for 6th semester transfer?,Mid-degree migration <yesmigration>: Minimum 30 days processing after submission.,migration,,
Are 1st year transfers possible?,Pre-4th semester transfer <nomigration> not permitted. Advanced standing assessment available.,migration,,
Where to get transfer guidelines after 4th semester?,Academic office <yesmigration>: Provides migration handbook upon request.,migration,,
Can Islamabad credits be transferred?,Same-city credit transfer <nomigration> not permitted. Proficiency exams available.,migration,,
How to apply for migration after 5th semester?,Transfer process <yesmigration>: Complete online form then submit physical documents.,migration,,
Is 8th semester transfer an option?,Final year migration <nomigration> not permitted. Post-graduate options at career center.,migration,,
What are transfer rules for twin cities?,Rawalpindi/Islamabad migration <nomigration> not allowed. Special permission rarely granted.,migration,,
Can 4th semester students initiate transfer?,Post-4th semester migration <yesmigration>: May begin process during final exams.,migration,,
Where to submit migration papers after 6th?,Qualified transfer <yesmigration>: Documents accepted at academic records office.,migration,,
Are transfers from Rawalpindi accepted?,Same-city requests <nomigration> not processed. Consider dual enrollment instead.,migration,,
What's the procedure for recognized institute transfer?,After 4th semester <yesmigration>: Follow standard inter-university migration protocol.,migration,,
Can I transfer during foundation year?,Pre-qualifying transfer <nomigration> unavailable. Pathway programs information at office.,migration,,
How to transfer credits after 5th semester?,Eligible credit transfer <yesmigration>: Submit course syllabi for evaluation.,migration,,
Is Islamabad college migration possible?,Same-city transfer <nomigration> not permitted. Guest student registration available.,migration,,
What's the deadline for post-4th semester transfer?,Migration window <yesmigration>: Closes 2 weeks before semester start.,migration,,
Are 7th semester transfers considered?,Late degree transfer <nomigration> not allowed. Capstone project continuation possible.,migration,,
Can I switch universities after 2 years?,After 4 semesters <yesmigration>: Transfer possible with academic standing review.,migration,,
How does Rawalpindi transfer work?,Same-city migration <nomigration> not available. Cross-institutional enrollment possible.,migration,,
Where to start 5th semester migration process?,Transfer initiation <yesmigration>: Visit academic affairs department .,migration,,
Is 3rd semester transfer an option?,Early transfer <nomigration> not permitted. Credit banking information available.,migration,,
What documents for post-6th semester transfer?,Pre-final year migration <yesmigration>: Requires transcripts and course mapping.,migration,,
Can twin city students migrate?,Rawalpindi/Islamabad transfer <nomigration> not permitted. Special exam arrangements available.,migration,,
How long for migration approval after 4th semester?,Standard processing <yesmigration>: 4-6 weeks after complete submission.,migration,,
Are final year transfers possible?,7th/8th semester migration <nomigration> not allowed. Graduate program applications open.,migration,,
What's the transfer pathway after 5th semester?,Eligible migration <yesmigration>: 1. Eligibility check 2. Document submission 3. Admission.,migration,,
Is Rawalpindi institute credit transferable?,Same-city credit <nomigration> not transferable. Course challenge exams offered.,migration,,
Where to inquire about 4th semester migration?,Transfer information <yesmigration>: Available at academic counseling center.,migration,,
Can 2nd semester students transfer?,Pre-mid degree transfer <nomigration> unavailable. Accelerated program details available.,migration,,
How to transfer from different city after 4th?,Qualified migration <yesmigration>: Follow inter-city transfer procedure at registrar.,migration,,
Are Islamabad transfers accepted?,Same-city requests <nomigration> not processed. Joint degree options may exist.,migration,,
What's required for 6th semester transfer?,Migration package <yesmigration>: Academic records + migration certificate from prior institute.,migration,,
Can I transfer in 8th semester?,Final semester migration <nomigration> not permitted. Alumni network access available.,migration,,
How does recognized university transfer work?,After 4th semester <yesmigration>: Credit evaluation followed by admission offer.,migration,,
Is Rawalpindi migration possible?,Same-city transfer <nomigration> unavailable. Audit course registration open.,migration,,
What's the process timeline after 5th semester?,Transfer completion <yesmigration>: Typically 6-8 weeks before semester start.,migration,,
Are 1st year transfers accepted?,Pre-4th semester transfer <nomigration> not allowed. Early admission program available.,migration,,
Where to submit migration forms after 4th?,Academic records office <yesmigration>: Room H17 accepts transfer documents.,migration,,
Can Islamabad credits be migrated?,Same-city credit transfer <nomigration> not permitted. Prior learning assessment available.,migration,,
How to apply for post-5th semester transfer?,Migration application <yesmigration>: Online portal accessible during transfer window.,migration,,
Is 7th semester transfer possible?,Late stage transfer <nomigration> not permitted. Independent study options available.,migration,,
What are twin city transfer rules?,Rawalpindi-Islamabad migration <nomigration> not allowed. Visiting scholar program exists.,migration,,
Can 4th semester students transfer?,Post-4th semester migration <yesmigration>: May apply during final term exams.,migration,,
Where to get help for migration after 6th?,Transfer support <yesmigration>: Academic advisors available at student center.,migration,,
Are Rawalpindi transfers processed?,Same-city requests <nomigration> not accepted. Credit through examination available.,migration,,
What's the procedure for inter-university transfer?,After 4th semester <yesmigration>: Standard migration protocol must be followed.,migration,,
Can I transfer during preparatory semester?,Foundation transfer <nomigration> unavailable. Bridging course information at office.,migration,,
How to transfer credits after 4th semester?,Eligible credit migration <yesmigration>: Submit detailed course descriptions.,migration,,
Is Islamabad college migration allowed?,Same-city transfer <nomigration> not permitted. Professional development courses available.,migration,,
What's the deadline for 5th semester transfer?,Migration cutoff <yesmigration>: 30 days before new semester commencement.,migration,,
Are 8th semester transfers possible?,Final year migration <nomigration> not allowed. Graduate certificate options exist.,migration,,
Can I switch after 2.5 years?,After 5th semester <yesmigration>: Transfer possible with academic audit.,migration,,
How does Rawalpindi transfer work?,Same-city migration <nomigration> unavailable. Micro-credential programs offered.,migration,,
Where to start 6th semester migration?,Transfer initiation <yesmigration>: Visit academic migration desk.,migration,,
Is 3rd semester transfer available?,Early transfer <nomigration> not permitted. Advanced standing information at office.,migration,,
What documents for post-5th semester transfer?,Migration requirements <yesmigration>: Official transcripts + passport photos.,migration,,
Can twin city students transfer credits?,Rawalpindi/Islamabad credit <nomigration> not transferable. Placement tests available.,migration,,
How long for migration decision after 4th?,Approval timeline <yesmigration>: 3-5 weeks after document verification.,migration,,
Are final semester transfers accepted?,7th/8th semester migration <nomigration> not permitted. Industry immersion programs available.,migration,,
What's the transfer pathway after 6th semester?,Pre-final year migration <yesmigration>: Requires faculty approval + document package.,migration,,
Is Rawalpindi institute transfer possible?,Same-city transfer <nomigration> not processed. Special workshop enrollment open.,migration,,
Where to inquire about 5th semester migration?,Transfer office <yesmigration>: Room J22 provides application kits.,migration,,
Can 2nd year students transfer mid-year?,After 4th semester <yesmigration>: Transfer possible with semester alignment.,migration,,
How to transfer from different province after 4th?,Inter-province migration <yesmigration>: Follow standard procedure with residency proof.,migration,,
Are Islamabad transfers permitted?,Same-city requests <nomigration> not accepted. Collaborative research opportunities available.,migration,,
What's required for post-4th semester transfer?,Migration essentials <yesmigration>: 1. Transfer certificate 2. Marksheets 3. ID proof.,migration,,
Can I transfer in 7th semester?,Late transfer <nomigration> not allowed. Thesis extension possible.,migration,,
How does recognized college transfer work?,After 4th semester <yesmigration>: Equivalence determination then admission.,migration,,
Is Rawalpindi migration considered?,Same-city transfer <nomigration> unavailable. Executive education programs offered.,migration,,
What's the process duration after 6th semester?,Transfer completion <yesmigration>: Minimum 45 days for full processing.,migration,,
Are 1st semester transfers possible?,Initial term transfer <nomigration> not permitted. Fast-track program details available.,migration,,
Where to submit migration papers after 5th?,Documentation center <yesmigration>: Building F room 12 accepts submissions.,migration,,
Can Islamabad credits be accepted?,Same-city credit <nomigration> not transferable. Skill certification available.,migration,,
How to apply for post-4th semester transfer?,Migration process <yesmigration>: Start with online eligibility check.,migration,,
Is 8th semester transfer an option?,Final term transfer <nomigration> not permitted. Professional certification support available.,migration,,
What are twin city migration exceptions?,Rawalpindi-Islamabad transfer <nomigration> no exceptions. Credit transfer appeal possible.,migration,,
Can 4th semester students begin transfer?,Post-4th semester migration <yesmigration>: Application opens during term finals.,migration,,
Where to get migration help after 5th?,Transfer advisory <yesmigration>: Available at academic support office daily.,migration,,
Are Rawalpindi transfers ever approved?,Same-city requests <nomigration> not processed. Industry-academia bridge programs available.,migration,,
What's the procedure for university transfer?,After 4th semester <yesmigration>: Follow HEC-recognized migration protocol.,migration,,
Can I transfer during orientation semester?,Introductory term transfer <nomigration> unavailable. Conditional admission possible.,migration,,
How to transfer credits after 6th semester?,Qualified credit migration <yesmigration>: Requires syllabus mapping + faculty approval.,migration,,
Is Islamabad college transfer allowed?,Same-city transfer <nomigration> not permitted. Non-degree enrollment available.,migration,,
What's the cutoff for 4th semester transfer?,Migration deadline <yesmigration>: Last working day of examination period.,migration,,
Are 7th semester transfers considered?,Penultimate semester migration <nomigration> not allowed. Research assistant positions open.,migration,,
Can I switch after 3 years?,After 6th semester <nomigration> transfer not permitted. Consider postgraduate options.,migration,,
How does Rawalpindi credit transfer work?,Same-city credit <nomigration> not transferable. Prior learning recognition available.,migration,,
Where to start post-4th semester migration?,Transfer commencement <yesmigration>: Academic office west campus building.,migration,,
Is 3rd year transfer possible?,After 4th semester <yesmigration> but before 7th: Transfer window open.,migration,,
What documents for 5th semester transfer?,Migration package <yesmigration>: 1. Character certificate 2. Course details 3. Application fee.,migration,,
Can twin city students migrate?,Rawalpindi/Islamabad transfer <nomigration> not allowed. Summer term enrollment possible.,migration,,
How long for migration after document submission?,Processing time <yesmigration>: 20 working days for complete applications.,migration,,
Are final year transfers possible?,7th/8th semester migration <nomigration> not permitted. Incubation program applications open.,migration,,
What's the transfer pathway after 4th semester?,Standard migration <yesmigration>: 1. Submit docs 2. Interview 3. Enrollment confirmation.,migration,,
Is Rawalpindi institute migration available?,Same-city transfer <nomigration> not processed. Professional development units offered.,migration,,
Where to inquire about 6th semester transfer?,Migration desk <yesmigration>: Room K14 open 9am-4pm weekdays.,migration,,
Can 2nd semester students transfer?,Pre-mid program transfer <nomigration> unavailable. Transfer preparation workshop available.,migration,,
How to transfer from different region after 4th?,Inter-region migration <yesmigration>: Standard process with domicile requirement.,migration,,
Are Islamabad transfers processed?,Same-city requests <nomigration> not accepted. Collaborative degree options exist.,migration,,
What's required for post-5th semester transfer?,Migration documents <yesmigration>: Updated transcript + migration form.,migration,,
Can I transfer in 7th semester?,Late stage transfer <nomigration> not permitted. Industry project registration open.,migration,,
How does recognized institution transfer work?,After 4th semester <yesmigration>: Credit evaluation followed by admission offer.,migration,,
Is Rawalpindi migration possible?,Same-city transfer <nomigration> unavailable. Special lecture series access available.,migration,,
What's the timeline for 4th semester transfer?,Migration schedule <yesmigration>: Applications processed during summer break.,migration,,
Are 1st year transfers accepted?,Pre-4th semester transfer <nomigration> not allowed. Advanced entry assessment available.,migration,,
Where to submit migration forms after 6th?,Academic registry <yesmigration>: Main campus administration building.,migration,,
Can Islamabad credits be transferred?,Same-city credit <nomigration> not transferable. Proficiency examination available.,migration,,
How to apply for migration after 4th semester?,Transfer initiation <yesmigration>: Download forms from portal then submit in person.,migration,,
Is 8th semester transfer an option?,Final semester migration <nomigration> not permitted. Alumni transition services available.,migration,,
What are twin city transfer policies?,Rawalpindi-Islamabad migration <nomigration> no exceptions. Credit by examination offered.,migration,,
Can 5th semester students transfer?,Mid-degree migration <yesmigration>: Apply before mid-semester deadline.,migration,,
Where to get migration support after 4th?,Transfer counseling <yesmigration>: Student services center admin office or datacell.,migration,,
Are Rawalpindi transfers approved?,Same-city requests <nomigration> not processed. Executive short courses available.,migration,,
What's the procedure for college transfer?,After 4th semester <yesmigration>: Follow provincial higher education guidelines.,migration,,
Can I transfer during induction week?,Initial week transfer <nomigration> unavailable. Late admission inquiries at office.,migration,,
How to transfer credits after 4th semester?,Eligible credit transfer <yesmigration>: Requires detailed course outlines + textbooks.,migration,,
Is Islamabad transfer possible?,Same-city migration <nomigration> not permitted. Non-credit certificate programs available.,migration,,
What's the deadline for 6th semester transfer?,Migration cutoff <yesmigration>: End of pre-final semester examinations.,migration,,
Are 7th semester transfers accepted?,Late transfer <nomigration> not allowed. Graduate school applications open.,migration,,
Can I switch after 2 years?,After 4th semester <yesmigration>: Transfer possible with minimum 70% marks.,migration,,
How does Rawalpindi credit migration work?,Same-city credit <nomigration> not transferable. Skills gap training available.,migration,,
Where to start 5th semester migration?,Please Visit the admin office or datacell.,migration,,
Is 3rd semester transfer available?,Early transfer <nomigration> not permitted. Credit transfer preparation workshop.,migration,,
What documents for post-6th semester transfer?,Migration requirements <yesmigration>: Final transcripts + conduct certificate.,migration,,
Can twin city credits be migrated?,Rawalpindi/Islamabad credit <nomigration> not transferable. Validation exams scheduled monthly.,migration,,
How long for migration approval after 5th?,Standard processing <yesmigration>: 15 working days for complete files.,migration,,
Are final year transfers possible?,7th/8th semester migration <nomigration> not permitted. Industry certification programs available.,migration,,
What's the transfer pathway after 5th semester?,Standard migration <yesmigration>: 1. Document verification 2. Faculty interview 3. Admission.,migration,,
Is Rawalpindi institute transfer considered?,Same-city transfer <nomigration> not processed. Professional accreditation courses offered.,migration,,
Where to inquire about post-4th semester migration?,Transfer information <yesmigration>: Academic advising center data cell.,migration,,
Can 2nd year students transfer early?,After 4th semester <yesmigration> only: Transfer window opens.,migration,,
How to transfer from different district after 4th?,Inter-district migration <yesmigration>: Standard procedure with local address proof.,migration,,
Are Islamabad transfers accepted?,Same-city requests <nomigration> not accepted. Joint seminar series available.,migration,,
What's required for 4th semester transfer initiation?,Preliminary documents <yesmigration>: Provisional transcripts + application form.,migration,,
Can I transfer in 7th semester?,Advanced semester transfer <nomigration> not permitted. Directed studies options available.,migration,,
How does recognized polytechnic transfer work?,After 4th semester <yesmigration>: Diploma conversion process applies.,migration,,
Is Rawalpindi migration feasible?,Same-city transfer <nomigration> unavailable. Custom learning modules available.,migration,,
What's the process duration after 5th semester?,Migration timeline <yesmigration>: 4-5 weeks for complete application review.,migration,,
Are 1st semester transfers possible?,First term transfer <nomigration> not allowed. Pathway program information at office.,migration,,
Where to submit migration papers after 4th?,Document submission <yesmigration>: Registrar's office main administration block.,migration,,
Can Islamabad credits be recognized?,Same-city credit <nomigration> not transferable. Advanced standing exams quarterly.,migration,,
How to apply for migration after 6th semester?,Pre-final transfer <yesmigration>: Special permission required - contact HOD.,migration,,
Is 8th semester transfer an option?,Final term migration <nomigration> not permitted. Career transition services available.,migration,,
What are twin city transfer regulations?,Rawalpindi-Islamabad migration <nomigration> no flexibility. Credit exemption tests available.,migration,,
Can 5th semester students begin transfer?,Eligible migration <yesmigration>: Application period opens week 10.,migration,,
Where to get migration assistance after 6th?,Transfer support <yesmigration>: Available at student success center.,migration,,
Are Rawalpindi transfers processed?,Same-city requests <nomigration> not accepted. Micro-degree enrollment open.,migration,,
What scholarship does 1st position get?,1st position receives <first_percent> fee concession.,fee,,
What's the fee discount for top rankers?,Merit position 1: <first_percent> 2nd: <second_percent> 3rd: <third_percent> 4th: <fourth_percent> concession.,fee,,
How much discount for merit rank 2?,2nd position qualifies for <second_percent> fee reduction.,fee,,
Is there scholarship for 3rd position?,Yes 3rd merit rank gets <third_percent> concession.,fee,,
What fee waiver for 4th position?,4th position receives <fourth_percent> scholarship.,fee,,
Are there academic scholarships?,Top performers receive: 1st-<first_percent> 2nd-<second_percent> 3rd-<third_percent> 4th-<fourth_percent> fee concession.,fee,,
How much discount for top student?,The highest merit rank gets <first_percent> scholarship.,fee,,
What scholarship for rank holders?,Merit-based concessions: 1st-<first_percent> 2nd-<second_percent> 3rd-<third_percent> 4th-<fourth_percent>,fee,,
Is there fee waiver for 2nd position?,2nd merit rank qualifies for <second_percent> discount.,fee,,
What concession for third rank?,3rd position receives <third_percent> fee waiver.,fee,,
How much scholarship for fourth position?,4th merit rank gets <fourth_percent> concession.,fee,,
Do top students get fee discounts?,Yes: 1st-<first_percent> 2nd-<second_percent> 3rd-<third_percent> 4th-<fourth_percent> based on merit position.,fee,,
What's the top scholarship percentage?,Highest merit scholarship is <first_percent> for 1st position.,fee,,
How much discount for merit rank 3?,3rd position qualifies for <third_percent> fee concession.,fee,,
Is there award for 4th rank?,4th merit position receives <fourth_percent> scholarship.,fee,,
What financial aid for top performers?,Merit-based aid: 1st-<first_percent> 2nd-<second_percent> 3rd-<third_percent> 4th-<fourth_percent> fee reduction,fee,,
How much concession for 1st rank?,1st position gets <first_percent> scholarship.,fee,,migration
What scholarship percentage for second position?,2nd merit rank qualifies for <second_percent> discount.,fee,,
Is there merit scholarship for third rank?,Yes,fee,,
What fee waiver for fourth rank?,4th position qualifies for <fourth_percent> scholarship.,fee,,
Do you offer merit-based discounts?,Yes: 1st-<first_percent> 2nd-<second_percent> 3rd-<third_percent> 4th-<fourth_percent> based on merit position.,fee,,
How much for top position?,1st merit rank receives <first_percent> fee concession.,fee,,
What discount for 2nd place?,2nd position qualifies for <second_percent> scholarship.,fee,,
How much concession for rank 3?,3rd merit position gets <third_percent> fee waiver.,fee,,
What scholarship for 4th place?,4th position receives <fourth_percent> concession.,fee,,
Are there fee concessions for merit?,Merit scholarships: 1st-<first_percent> 2nd-<second_percent> 3rd-<third_percent> 4th-<fourth_percent>.,fee,,
What's the top merit scholarship?,1st position qualifies for <first_percent> fee concession.,fee,,
How much for second rank?,2nd merit position receives <second_percent> scholarship.,fee,,
What discount for third position?,3rd rank qualifies for <third_percent> concession.,fee,,
Is there waiver for fourth rank?,4th position receives <fourth_percent> fee discount.,fee,,
What are merit scholarship percentages?,Concessions: 1st-<first_percent> 2nd-<second_percent> 3rd-<third_percent> 4th-<fourth_percent> for top ranks.,fee,,
How much scholarship for 1st place?,Top merit rank gets <first_percent> concession.,fee,,
What concession for rank 2?,2nd position qualifies for <second_percent> scholarship.,fee,,
How much for third position?,3rd merit rank receives <third_percent> fee waiver.,fee,,
What scholarship percentage for 4th?,4th position qualifies for <fourth_percent> discount.,fee,,
Do top ranks get fee reductions?,Merit-based reductions: 1st-<first_percent> 2nd-<second_percent> 3rd-<third_percent> 4th-<fourth_percent>,fee,,
What's the maximum merit scholarship?,1st position receives <first_percent> fee concession.,fee,,
How much discount for second merit?,2nd rank qualifies for <second_percent> scholarship.,fee,,
What concession for third place?,3rd position gets <third_percent> fee waiver.,fee,,
Is there scholarship for fourth position?,4th merit rank receives <fourth_percent> concession.,fee,,
What are the merit award percentages?,Scholarships: 1st-<first_percent> 2nd-<second_percent> 3rd-<third_percent> 4th-<fourth_percent> fee concession.,fee,,
How much for top academic position?,1st merit rank qualifies for <first_percent> scholarship.,fee,,
What discount does 2nd position get?,2nd position receives <second_percent> fee concession.,fee,,
How much scholarship for rank 3?,3rd merit position qualifies for <third_percent> discount.,fee,,
What waiver for fourth place?,4th position gets <fourth_percent> scholarship.,fee,,
Are there position-based scholarships?,Yes: 1st-<first_percent> 2nd-<second_percent> 3rd-<third_percent> 4th-<fourth_percent> based on merit position.,fee,,
What's the scholarship for 1st rank?,Top merit position receives <first_percent> concession.,fee,,
How much concession for second place?,2nd position qualifies for <second_percent> scholarship.,fee,,
What percentage for third rank?,3rd merit rank gets <third_percent> fee waiver.,fee,,
Is there discount for 4th position?,4th position receives <fourth_percent> concession.,fee,,
What merit-based aid is available?,Scholarship percentages: 1st-<first_percent> 2nd-<second_percent> 3rd-<third_percent> 4th-<fourth_percent>,fee,,
How much for first position?,1st merit rank qualifies for <first_percent> discount.,fee,,
What scholarship for rank 2?,2nd position receives <second_percent> fee concession.,fee,,
How much concession for third place?,3rd merit position qualifies for <third_percent> scholarship.,fee,,
What waiver for fourth rank?,4th position gets <fourth_percent> fee discount.,fee,,
Do you have merit ranking scholarships?,Yes: Positions 1-4 receive <first_percent> 2nd-<second_percent> 3rd-<third_percent> 4th-<fourth_percent> fee concessions respectively.,fee,,
What's the top rank scholarship?,1st position receives <first_percent> concession.,fee,,
How much for second merit position?,2nd rank qualifies for <second_percent> scholarship.,fee,,
What discount for rank 3?,3rd position gets <third_percent> fee waiver.,fee,,
Is there concession for 4th place?,4th merit position receives <fourth_percent> scholarship.,fee,,
What are the fee concessions for merit?,Merit scholarships: 1st-<first_percent> 2nd-<second_percent> 3rd-<third_percent> 4th-<fourth_percent>.,fee,,
How much scholarship for highest rank?,1st position qualifies for <first_percent> fee concession.,fee,,
What concession for 2nd position?,2nd merit rank receives <second_percent> discount.,fee,,
How much for third rank?,3rd position qualifies for <third_percent> scholarship.,fee,,
What waiver for fourth place?,4th position gets <fourth_percent> fee concession.,fee,,
Are academic position awards available?,Merit awards: 1st-<first_percent> 2nd-<second_percent> 3rd-<third_percent> 4th-<fourth_percent>,fee,,
What's the scholarship percentage for 1st?,Top merit rank receives <first_percent> concession.,fee,,
How much discount for position 2?,2nd position qualifies for <second_percent> scholarship.,fee,,
What concession for rank three?,3rd merit position gets <third_percent> fee waiver.,fee,,
Is there scholarship for fourth rank?,4th position receives <fourth_percent> concession.,fee,,
What merit-based discounts exist?,Discounts: 1st-<first_percent> 2nd-<second_percent> 3rd-<third_percent> 4th-<fourth_percent> based on ranking.,fee,,
How much for top academic performer?,1st merit rank qualifies for <first_percent> scholarship.,fee,,
What scholarship for second place?,2nd position receives <second_percent> fee concession.,fee,,
How much concession for third position?,3rd merit rank qualifies for <third_percent> discount.,fee,,
What waiver for fourth position?,4th place gets <fourth_percent> scholarship.,fee,,
Are there fee waivers for top ranks?,Merit waivers: 1st-<first_percent> 2nd-<second_percent> 3rd-<third_percent> 4th-<fourth_percent> .,fee,,
What's the concession for 1st rank?,Top position receives <first_percent> scholarship.,fee,,
How much for merit position 2?,2nd rank qualifies for <second_percent> fee concession.,fee,,
What discount for rank three?,3rd position gets <third_percent> scholarship.,fee,,
Is there award for 4th place?,4th merit position receives <fourth_percent> concession.,fee,,
What are the merit scholarship amounts?,Concession percentages: 1st-<first_percent> 2nd-<second_percent> 3rd-<third_percent> 4th-<fourth_percent>.,fee,,
How much scholarship for highest achiever?,1st position qualifies for <first_percent> discount.,fee,,
What concession for second rank?,2nd merit position receives <second_percent> scholarship.,fee,,
How much for third place?,3rd position qualifies for <third_percent> fee waiver.,fee,,
What waiver for fourth rank?,4th place gets <fourth_percent> concession.,fee,,
Do top students receive fee benefits?,Merit benefits: 1st-<first_percent> 2nd-<second_percent> 3rd-<third_percent> 4th-<fourth_percent> scholarship.,fee,,
What's the top position discount?,1st merit rank receives <first_percent> concession.,fee,,
How much scholarship for rank two?,2nd position qualifies for <second_percent> fee discount.,fee,,
What concession for position 3?,3rd merit rank gets <third_percent> scholarship.,fee,,
Is there discount for fourth position?,4th position receives <fourth_percent> concession.,fee,,
What merit awards are offered?,Position-based awards: 1st-<first_percent> 2nd-<second_percent> 3rd-<third_percent> 4th-<fourth_percent> fee concession.,fee,,
How much for first place scholarship?,Top rank qualifies for <first_percent> discount.,fee,,
What discount for 2nd merit?,2nd position receives <second_percent> scholarship.,fee,,
How much concession for rank 3?,3rd merit position qualifies for <third_percent> fee waiver.,fee,,
What scholarship for 4th place?,4th position gets <fourth_percent> concession.,fee,,
Are academic excellence scholarships available?,Merit scholarships: 1st-<first_percent> 2nd-<second_percent> 3rd-<third_percent> 4th-<fourth_percent>.,fee,,
What's the highest scholarship percentage?,1st position receives <first_percent> fee concession.,fee,,
How much for second position?,2nd merit rank qualifies for <second_percent> scholarship.,fee,,
What concession for third rank?,3rd position gets <third_percent> discount.,fee,,
Is there waiver for 4th place?,4th merit position receives <fourth_percent> concession.,fee,,
What are the fee concessions by rank?,Rank-based concessions: 1st-<first_percent> 2nd-<second_percent> 3rd-<third_percent> 4th-<fourth_percent>,fee,,
How much scholarship for top rank?,1st position qualifies for <first_percent> discount.,fee,,
What discount for merit rank 2?,2nd position receives <second_percent> scholarship.,fee,,
How much for position three?,3rd merit rank qualifies for <third_percent> fee waiver.,fee,,
What waiver for fourth position?,4th place gets <fourth_percent> concession.,fee,,
Do you have position-based fee waivers?,Merit waivers: 1st-<first_percent> 2nd-<second_percent> 3rd-<third_percent> 4th-<fourth_percent> .,fee,,
What's the scholarship for rank one?,1st position receives <first_percent> concession.,fee,,
How much concession for 2nd place?,2nd merit rank qualifies for <second_percent> scholarship.,fee,,
What percentage for third position?,3rd position gets <third_percent> fee discount.,fee,,
Is there scholarship for rank 4?,4th merit position receives <fourth_percent> concession.,fee,,
What merit-based discounts are offered?,Discounts: Position 1-<first_percent> 2nd-<second_percent> 3rd-<third_percent> 4th-<fourth_percent>,fee,,
How much for highest merit scholarship?,1st rank qualifies for <first_percent> concession.,fee,,
What scholarship for position two?,2nd position receives <second_percent> fee waiver.,fee,,
How much discount for third rank?,3rd merit position qualifies for <third_percent> scholarship.,fee,,
What concession for fourth place?,4th position gets <fourth_percent> discount.,fee,,
Are there scholarships for top four positions?,Yes: 1st-<first_percent> 2nd-<second_percent> 3rd-<third_percent> 4th-<fourth_percent> based on merit position.,fee,,
What's the top student scholarship?,1st merit rank receives <first_percent> concession.,fee,,
How much for rank 2?,2nd position qualifies for <second_percent> scholarship.,fee,,
What discount for position 3?,3rd merit rank gets <third_percent> fee waiver.,fee,,
Is there concession for rank four?,4th position receives <fourth_percent> scholarship.,fee,,
What are the merit-based concessions?,Concessions: 1st-<first_percent> 2nd-<second_percent> 3rd-<third_percent> 4th-<fourth_percent> for top ranks.,fee,,
How much scholarship for first merit?,Top position qualifies for <first_percent> discount.,fee,,
How much for third place?,3rd position qualifies for <third_percent> fee concession.,fee,,
What waiver for fourth rank?,4th place gets <fourth_percent> discount.,fee,,
Do academic toppers get discounts?,Merit discounts: 1st-<first_percent> 2nd-<second_percent> 3rd-<third_percent> 4th-<fourth_percent>,fee,,
What's the scholarship percentage for top position?,1st rank receives <first_percent> concession.,fee,,
How much for merit position two?,2nd position qualifies for <second_percent> scholarship.,fee,,
What discount for rank three?,3rd merit rank gets <third_percent> fee waiver.,fee,,
Is there award for position 4?,4th position receives <fourth_percent> concession.,fee,,
What are the fee benefits for merit ranks?,Benefits: 1st-<first_percent> 2nd-<second_percent> 3rd-<third_percent> 4th-<fourth_percent> scholarship.,fee,,
How much for top academic rank?,1st merit position qualifies for <first_percent> discount.,fee,,
What scholarship for second place?,2nd rank receives <second_percent> fee concession.,fee,,
How much concession for third position?,3rd merit position qualifies for <third_percent> scholarship.,fee,,
What waiver for fourth place?,4th position gets <fourth_percent> discount.,fee,,
Are there merit-based tuition reductions?,Reductions: 1st-<first_percent> 2nd-<second_percent> 3rd-<third_percent> 4th-<fourth_percent> based on position.,fee,,
What's the concession for rank one?,1st position receives <first_percent> scholarship.,fee,,
How much for merit rank 2?,2nd position qualifies for <second_percent> concession.,fee,,
What percentage for third place?,3rd merit rank gets <third_percent> fee waiver.,fee,,
Is there scholarship for fourth position?,4th position receives <fourth_percent> concession.,fee,,
What merit awards exist for students?,Awards: Position 1-<first_percent> 2nd-<second_percent> 3rd-<third_percent> 4th-<fourth_percent> fee discount..,fee,,
How much for highest ranking student?,1st merit rank qualifies for <first_percent> scholarship.,fee,,
What discount for second position?,2nd position receives <second_percent> concession.,fee,,
How much scholarship for rank three?,3rd merit position qualifies for <third_percent> fee waiver.,fee,,
What concession for 4th place?,4th position gets <fourth_percent> scholarship.,fee,,
Are there position-based scholarships?,Scholarships: 1st-<first_percent> 2nd-<second_percent> 3rd-<third_percent> 4th-<fourth_percent> for merit ranks.,fee,,
What's the top merit award?,1st position receives <first_percent> fee concession.,fee,,
How much for rank 2 scholarship?,2nd merit position qualifies for <second_percent> discount.,fee,,
What concession for position 3?,3rd rank gets <third_percent> scholarship.,fee,,
Is there waiver for rank four?,4th position receives <fourth_percent> concession.,fee,,
What are the academic rank scholarships?,Merit scholarships: 1st-<first_percent> 2nd-<second_percent> 3rd-<third_percent> 4th-<fourth_percent>.,fee,,
How much for first place?,Top merit rank qualifies for <first_percent> concession.,fee,,
What scholarship for second rank?,2nd position receives <second_percent> fee waiver.,fee,,
How much discount for third position?,3rd merit rank qualifies for <third_percent> scholarship.,fee,,
What waiver for fourth place?,4th position gets <fourth_percent> concession.,fee,,
Do top academic performers get concessions?,Merit concessions: 1st-<first_percent> 2nd-<second_percent> 3rd-<third_percent> 4th-<fourth_percent>.,fee,,
What's the scholarship for highest rank?,1st position receives <first_percent> discount.,fee,,
How much for merit position two?,2nd rank qualifies for <second_percent> scholarship.,fee,,
What concession for rank 3?,3rd position gets <third_percent> fee waiver.,fee,,
Is there award for 4th position?,4th merit position receives <fourth_percent> concession.,fee,,
What merit-based financial aid exists?,Financial aid: 1st-<first_percent> 2nd-<second_percent> 3rd-<third_percent> 4th-<fourth_percent> fee scholarship.,fee,,
How much for top position award?,1st merit rank qualifies for <first_percent> concession.,fee,,
What discount for second place?,2nd position receives <second_percent> scholarship.,fee,,
How much scholarship for rank three?,3rd merit position qualifies for <third_percent> discount.,fee,,
What concession for fourth rank?,4th place gets <fourth_percent> fee waiver.,fee,,
Are there scholarships for top four ranks?,Yes: 1st-<first_percent> 2nd-<second_percent> 3rd-<third_percent> 4th-<fourth_percent> based on merit position.,fee,,
How much for merit rank 2?,2nd position qualifies for <second_percent> fee concession.,fee,,
What percentage for third position?,3rd merit rank gets <third_percent> discount.,fee,,
Is there scholarship for 4th place?,4th position receives <fourth_percent> concession.,fee,,
What are the fee reductions for merit?,Reductions: Position 1-<first_percent> 2-<second_percent> 3-<third_percent> 4-<fourth_percent>.,fee,,
How much for highest academic rank?,1st merit position qualifies for <first_percent> scholarship.,fee,,
What scholarship for second position?,2nd rank receives <second_percent> concession.,fee,,
How much discount for rank 3?,3rd position qualifies for <third_percent> fee waiver.,fee,,
Do you offer merit-based fee concessions?,Concessions: 1st-<first_percent> 2nd-<second_percent> 3rd-<third_percent> 4th-<fourth_percent> for top ranks.,fee,,
What's the top rank percentage?,1st position receives <first_percent> fee concession.,fee,,
How much for position two?,2nd merit rank qualifies for <second_percent> scholarship.,fee,,
What concession for rank three?,3rd position gets <third_percent> discount.,fee,,
Is there award for position four?,4th merit position receives <fourth_percent> concession.,fee,,
What GPA-based scholarships exist?,Students with 3.75+ CGPA can receive up to 8 semester scholarships (top 3 per section).,fee,,
Are there long-term scholarships?,High achievers (3.75+ CGPA) may qualify for 8-semester scholarships as section top performers.,fee,,
What scholarships for high GPA students?,3.75+ CGPA students can get scholarships for 8 semesters if they're top 3 in their section.,fee,,
Is there scholarship for maintaining high GPA?,Students with 3.75+ CGPA may receive 8-semester scholarships as section top performers.,fee,,
Do high achievers get extended scholarships?,Yes students with 3.75+ CGPA can receive scholarships for up to 8 semesters as top section performers.,fee,,
What's the scholarship for consistent high GPA?,Students maintaining 3.75+ CGPA may qualify for 8-semester scholarships as top 3 in section.,fee,,
Are there semester-long scholarships?,Top 3 students per section with 3.75+ CGPA can receive scholarships for up to 8 semesters.,fee,,
What support for high-performing students?,GPA 3.75+ students can get 8-semester scholarships as section top performers.,fee,,
Is there scholarship beyond merit position?,Yes 3.75+ CGPA students may receive 8-semester scholarships if top 3 in their section.,fee,,
Do you offer multi-semester scholarships?,Top 3 section students with 3.75+ GPA can receive scholarships for up to 8 semesters.,fee,,
What's available for academically strong students?,3.75+ GPA students may qualify for 8-semester scholarships as section top performers.,fee,,
Are there scholarships for maintaining excellence?,Students with sustained 3.75+ GPA can receive scholarships for 8 semesters as top section achievers.,fee,,
What support for consistent high achievers?,3.75+ GPA students who are top 3 in section may receive scholarships for up to 8 semesters.,fee,,
Is there scholarship for semester toppers?,Top 3 per section with 3.75+ GPA can receive scholarships for up to 8 semesters.,fee,,
Do high GPA students get special scholarships?,Students with 3.75+ GPA may qualify for 8-semester scholarships as section top performers.,fee,,
What's the scholarship for academic consistency?,3.75+ GPA students can receive up to 8-semester scholarships as top section achievers.,fee,,
Are there rewards for sustained performance?,Yes students maintaining 3.75+ GPA can get scholarships for 8 semesters as section top performers.,fee,,
What scholarships beyond initial merit?,High GPA (3.75+) students may receive 8-semester scholarships as top 3 in their section.,fee,,
Do you offer continuing scholarships?,Top 3 section students with 3.75+ GPA can receive scholarships for up to 8 semesters.,fee,,
What's available for long-term high achievers?,Students maintaining 3.75+ GPA may qualify for 8-semester scholarships as section top performers.,fee,,
Are there scholarships for academic excellence?,3.75+ GPA students can receive scholarships for up to 8 semesters if top 3 in section.,fee,,
What support for maintaining high grades?,Students with sustained 3.75+ GPA may receive 8-semester scholarships as section top achievers.,fee,,
Is there scholarship for consistent performers?,Yes top 3 per section with 3.75+ GPA can receive scholarships for up to 8 semesters.,fee,,
Do strong students get extended support?,3.75+ GPA students may qualify for 8-semester scholarships as section top performers.,fee,,
What's the scholarship for academic dedication?,Students maintaining 3.75+ GPA can receive scholarships for 8 semesters as top section achievers.,fee,,
Are there multi-year scholarships?,Top 3 per section with 3.75+ GPA can receive scholarships for up to 8 semesters.,fee,,
What opportunities for high-GPA students?,3.75+ GPA students may receive 8-semester scholarships as section top performers.,fee,,
Is there scholarship based on sustained GPA?,3.75+ GPA students may receive 8-semester scholarships as section top performers.,fee,,
What are admission fees?,Admission requires <admission_fee> one-time + <first_sem_fee> = <admission_total> payable initially.,fee,,
What's the first semester fee?,First semester: <first_sem_fee> plus <admission_fee> admission fee.,fee,,
How much for 2nd semester?,Semesters 2-7: <regular_sem_fee> per semester.,fee,,
What's 8th semester fee?,Final semester (8th): <eighth_sem_fee>.,fee,,
Total cost at admission?,Initial payment: <admission_total> (<admission_fee> admission + <first_sem_fee> first semester).,fee,,
Fee for semester 3?,Mid-program semesters (2-7): <regular_sem_fee> per term.,fee,,
Cost for 5th semester?,Semesters 2 through 7: <regular_sem_fee> each.,fee,,
What's payable when joining?,At admission: <admission_fee> non-refundable fee + <first_sem_fee> = <admission_total>.,fee,,
Fee for 6th semester?,Regular semesters (2-7): <regular_sem_fee> per semester.,fee,,
How much for final semester?,8th semester: <eighth_sem_fee>.,fee,,
Admission breakdown?,<admission_fee> admission fee + <first_sem_fee> first semester = <admission_total>.,fee,,
Cost after first semester?,Subsequent semesters (2-7): <regular_sem_fee> each; 8th: <eighth_sem_fee>.,fee,,
What's semester 4 fee?,Semesters 2-7: <regular_sem_fee> per term.,fee,,
Total initial payment?,<admission_total> due at admission (<admission_fee> + <first_sem_fee>).,fee,,
Fee for 7th semester?,Semesters 2-7: <regular_sem_fee> each.,fee,,
8th semester cost?,Graduating semester: <eighth_sem_fee>.,fee,,
What's admission charge?,One-time <admission_fee> payable at enrollment.,fee,,
First semester total?,<first_sem_fee> plus <admission_fee> admission fee.,fee,,
Cost for semester 2?,Post-admission semesters (2-7): <regular_sem_fee> per semester.,fee,,
What's payable upfront?,<admission_total> (<admission_fee> admission + <first_sem_fee> first semester).,fee,,
Fee structure for 3rd semester?,Standard semester fee (2-7): <regular_sem_fee>.,fee,,
How much for 5th term?,Semesters 2-7: <regular_sem_fee> per term.,fee,,
Final semester fee?,8th semester: <eighth_sem_fee>.,fee,,
Admission cost details?,<admission_fee> (one-time) + <first_sem_fee> (first semester) = <admission_total>.,fee,,
Cost after admission?,Semesters 2-7: <regular_sem_fee>; 8th: <eighth_sem_fee>.,fee,,
What's semester 6 fee?,<regular_sem_fee> for semesters 2-7.,fee,,
Initial enrollment cost?,<admission_total> due at admission.,fee,,
Fee for 4th semester?,Standard rate: <regular_sem_fee> for semesters 2-7.,fee,,
What's last semester fee?,8th semester: <eighth_sem_fee>.,fee,,
One-time admission fee?,<admission_fee> payable only at enrollment.,fee,,
First term cost?,<first_sem_fee> plus <admission_fee> admission charge.,fee,,
Cost for 7th term?,Semesters 2-7: <regular_sem_fee> each.,fee,,
Total at enrollment?,<admission_total> (<admission_fee> admission + <first_sem_fee> first semester).,fee,,
What's semester 5 fee?,<regular_sem_fee> for semesters 2-7.,fee,,
Fee for graduating semester?,8th semester: <eighth_sem_fee>.,fee,,
Admission fee amount?,One-time <admission_fee> payable when joining.,fee,,
First semester payable?,<first_sem_fee> plus <admission_fee> admission fee.,fee,,
Cost for 3rd term?,Standard semester fee (2-7): <regular_sem_fee>.,fee,,
What's initial outlay?,<admission_total> due at enrollment.,fee,,
Semester 4 cost?,<regular_sem_fee> for semesters 2-7.,fee,,
8th term fee?,<eighth_sem_fee> for final semester.,fee,,
Non-refundable admission fee?,<admission_fee> payable once at admission.,fee,,
First semester total cost?,<first_sem_fee> + <admission_fee> = <admission_total>.,fee,,
What's 2nd semester fee?,Post-first semesters (2-7): <regular_sem_fee> per semester.,fee,,
Upfront payment?,<admission_total> due at enrollment.,fee,,
Semester 6 amount?,<regular_sem_fee> for semesters 2-7.,fee,,
Final term cost?,8th semester: <eighth_sem_fee>.,fee,,
Admission charge?,<admission_fee> one-time fee.,fee,,
Cost for first term?,<first_sem_fee> plus <admission_fee> admission fee.,fee,,
What's 5th semester fee?,Standard rate: <regular_sem_fee> for semesters 2-7.,fee,,
Total enrollment fee?,<admission_total> payable initially.,fee,,
Semester 3 cost?,<regular_sem_fee> for semesters 2-7.,fee,,
Graduation semester fee?,8th semester: <eighth_sem_fee>.,fee,,
Admission fee structure?,<admission_fee> non-refundable one-time payment.,fee,,
First academic term cost?,<first_sem_fee> + <admission_fee> = <admission_total>.,fee,,
What's 7th semester fee?,<regular_sem_fee> for semesters 2-7.,fee,,
Initial financial requirement?,<admission_total> due at enrollment.,fee,,
Semester 4 amount?,<regular_sem_fee> for semesters 2-7.,fee,,
Term 8 fee?,<eighth_sem_fee> for final semester.,fee,,
One-time payment at admission?,<admission_fee> plus first semester <first_sem_fee>.,fee,,
Cost breakdown for new students?,<admission_fee> admission + <first_sem_fee> first semester = <admission_total>.,fee,,
What's semester 2 fee?,<regular_sem_fee> for semesters 2-7.,fee,,
Total starting cost?,<admission_total> payable when joining.,fee,,
Fee for 6th term?,Standard semester fee: <regular_sem_fee>.,fee,,
Last term cost?,8th semester: <eighth_sem_fee>.,fee,,
Admission only fee?,<admission_fee> one-time non-refundable charge.,fee,,
First semester total payable?,<first_sem_fee> + <admission_fee> = <admission_total>.,fee,,
What's 4th semester cost?,<regular_sem_fee> for semesters 2-7.,fee,,
Enrollment total?,<admission_total> due at admission.,fee,,
Semester 5 amount?,<regular_sem_fee> for semesters 2-7.,fee,,
Final semester amount?,8th semester: <eighth_sem_fee>.,fee,,
Cost to enroll?,<admission_fee> admission fee plus <first_sem_fee> first semester.,fee,,
New student fees?,<admission_total> upfront (<admission_fee> + <first_sem_fee>).,fee,,
What's semester 7 fee?,<regular_sem_fee> for semesters 2-7.,fee,,
Initial payment breakdown?,<admission_fee> (admission) + <first_sem_fee> (first semester).,fee,,
Semester 3 amount?,Standard fee: <regular_sem_fee>.,fee,,
8th semester payable?,<eighth_sem_fee> for final term.,fee,,
Admission processing fee?,<admission_fee> one-time charge.,fee,,
First academic semester?,<first_sem_fee> plus <admission_fee> admission = <admission_total>.,fee,,
Cost for 2nd term?,<regular_sem_fee> for semesters 2-7.,fee,,
Total admission outlay?,<admission_total> due when joining.,fee,,
Semester 6 cost?,<regular_sem_fee> for semesters 2-7.,fee,,
Terminal semester fee?,8th semester: <eighth_sem_fee>.,fee,,
One-time charges at admission?,<admission_fee> non-refundable fee.,fee,,
First semester fee details?,<first_sem_fee> tuition plus <admission_fee> admission.,fee,,
What's 5th term cost?,<regular_sem_fee> for semesters 2-7.,fee,,
Enrollment financial requirement?,<admission_total> payable initially.,fee,,
Semester 4 fee?,<regular_sem_fee> for semesters 2-7.,fee,,
Graduation term cost?,8th semester: <eighth_sem_fee>.,fee,,
Admission only cost?,<admission_fee> payable once at enrollment.,fee,,
First term total?,<first_sem_fee> + <admission_fee> = <admission_total>.,fee,,
What's semester 3 fee?,<regular_sem_fee> for semesters 2-7.,fee,,
Total upfront cost?,<admission_total> due at admission.,fee,,
Semester 7 amount?,<regular_sem_fee> for semesters 2-7.,fee,,
Last semester fee?,8th semester: <eighth_sem_fee>.,fee,,
Cost to start program?,<admission_fee> admission + <first_sem_fee> first semester.,fee,,
Initial semester costs?,<admission_total> for admission and first semester.,fee,,
What's 6th semester fee?,<regular_sem_fee> for semesters 2-7.,fee,,
Payment at enrollment?,<admission_total> due immediately.,fee,,
Semester 2 cost?,<regular_sem_fee> for semesters 2-7.,fee,,
Final term amount?,8th semester: <eighth_sem_fee>.,fee,,
Non-refundable fees at start?,<admission_fee> one-time admission charge.,fee,,
First semester tuition?,<first_sem_fee> plus <admission_fee> admission fee.,fee,,
What's 4th term fee?,<regular_sem_fee> for semesters 2-7.,fee,,
Total new student payment?,<admission_total> payable when enrolling.,fee,,
Semester 5 cost?,<regular_sem_fee> for semesters 2-7.,fee,,
8th term amount?,<eighth_sem_fee> for final semester.,fee,,
Admission fee component?,<admission_fee> one-time payment.,fee,,
First academic session cost?,<first_sem_fee> + <admission_fee> = <admission_total>.,fee,,
What's semester 7 charge?,<regular_sem_fee> for semesters 2-7.,fee,,
Initial financial commitment?,<admission_total> due at enrollment.,fee,,
Semester 3 payable?,<regular_sem_fee> for semesters 2-7.,fee,,
Graduating semester amount?,8th semester: <eighth_sem_fee>.,fee,,
Enrollment fee?,<admission_fee> non-refundable one-time fee.,fee,,
First semester total outlay?,<first_sem_fee> tuition plus <admission_fee> admission.,fee,,
Cost for 2nd academic term?,<regular_sem_fee> per semester for terms 2-7.,fee,,
Total admission package?,<admission_total> covers admission and first semester.,fee,,
Semester 6 fee?,<regular_sem_fee> for semesters 2-7.,fee,,
Term 8 cost?,<eighth_sem_fee> for final semester.,fee,,
Admission processing cost?,<admission_fee> payable only once.,fee,,
First term fees?,<first_sem_fee> plus <admission_fee> = <admission_total>.,fee,,
What's 5th semester payable?,<regular_sem_fee> for semesters 2-7.,fee,,
Enrollment total cost?,<admission_total> due initially.,fee,,
Semester 4 payment?,<regular_sem_fee> for semesters 2-7.,fee,,
Last academic term fee?,8th semester: <eighth_sem_fee>.,fee,,
One-time enrollment fee?,<admission_fee> non-refundable charge.,fee,,
First semester cost breakdown?,<admission_fee> admission + <first_sem_fee> tuition.,fee,,
Cost for 3rd academic term?,<regular_sem_fee> per semester.,fee,,
Total starting investment?,<admission_total> payable at enrollment.,fee,,
Semester 7 charge?,<regular_sem_fee> for semesters 2-7.,fee,,
Final academic fee?,8th semester: <eighth_sem_fee>.,fee,,
Admission only amount?,<admission_fee> one-time.,fee,,
First term total cost?,<first_sem_fee> + <admission_fee> = <admission_total>.,fee,,
What's semester 2 amount?,<regular_sem_fee> for semesters 2-7.,fee,,
Initial payment total?,<admission_total> due at admission.,fee,,
Semester 6 payable?,<regular_sem_fee> for semesters 2-7.,fee,,
Terminal term cost?,8th semester: <eighth_sem_fee>.,fee,,
Cost to begin studies?,<admission_fee> admission fee plus <first_sem_fee> first semester tuition.,fee,,
New enrollment fees?,<admission_total> upfront payment.,fee,,
What's 4th semester charge?,<regular_sem_fee> for semesters 2-7.,fee,,
Payment at admission?,<admission_total> due when joining.,fee,,
8th semester payment?,<eighth_sem_fee> for final term.,fee,,
One-time admission amount?,<admission_fee> non-refundable.,fee,,
First academic semester total?,<first_sem_fee> tuition + <admission_fee> admission = <admission_total>.,fee,,
What's 7th term fee?,<regular_sem_fee> for semesters 2-7.,fee,,
Enrollment fee structure?,<admission_fee> one-time + <first_sem_fee> first semester.,fee,,
Graduation fee?,8th semester: <eighth_sem_fee>.,fee,,
Admission charge amount?,<admission_fee> payable once.,fee,,
First semester expenses?,<first_sem_fee> plus <admission_fee> = <admission_total>.,fee,,
Cost for 6th academic term?,<regular_sem_fee> per semester.,fee,,
Total admission requirement?,<admission_total> payable initially.,fee,,
Final term payment?,8th semester: <eighth_sem_fee>.,fee,,
Enrollment only fee?,<admission_fee> one-time non-refundable.,fee,,
First term breakdown?,<admission_fee> admission + <first_sem_fee> tuition.,fee,,
What's 5th semester amount?,<regular_sem_fee> for semesters 2-7.,fee,,
Initial cost total?,<admission_total> due at enrollment.,fee,,
Semester 2 payment?,<regular_sem_fee> for semesters 2-7.,fee,,
8th academic term cost?,<eighth_sem_fee> for final semester.,fee,,
Admission fee details?,<admission_fee> payable only at enrollment.,fee,,
First semester total?,<first_sem_fee> tuition plus <admission_fee> admission = <admission_total>.,fee,,
What's 3rd term fee?,<regular_sem_fee> for semesters 2-7.,fee,,
Total upfront fee?,<admission_total> for admission and first semester.,fee,,
Semester 7 cost?,<regular_sem_fee> for semesters 2-7.,fee,,
Last semester payment?,8th semester: <eighth_sem_fee>.,fee,,
Cost to enroll in program?,<admission_fee> + <first_sem_fee> = <admission_total>.,fee,,
New student total?,<admission_total> payable at admission.,fee,,
What's 6th semester charge?,<regular_sem_fee> for semesters 2-7.,fee,,
Initial semester payment?,<admission_total> due immediately.,fee,,
Final academic semester?,8th semester: <eighth_sem_fee>.,fee,,
Admission processing amount?,<admission_fee> one-time fee.,fee,,
First semester fee total?,<first_sem_fee> plus <admission_fee> admission.,fee,,
Cost for 4th term?,<regular_sem_fee> for semesters 2-7.,fee,,
Total enrollment amount?,<admission_total> due at admission.,fee,,
Semester 3 payment?,<regular_sem_fee> for semesters 2-7.,fee,,
One-time charges?,<admission_fee> admission fee payable once.,fee,,
First academic term total?,<first_sem_fee> + <admission_fee> = <admission_total>.,fee,,
What's 7th semester cost?,<regular_sem_fee> for semesters 2-7.,fee,,
Financial requirement at start?,<admission_total> payable initially.,fee,,
Graduation semester payment?,8th semester: <eighth_sem_fee>.,fee,,
Admission cost?,<admission_fee> non-refundable one-time.,fee,,
First semester payable amount?,<first_sem_fee> tuition + <admission_fee> admission.,fee,,
Cost for 2nd academic semester?,<regular_sem_fee> per semester.,fee,,
Total admission fee?,<admission_total> for admission and first semester.,fee,,
What's semester 4 charge?,<regular_sem_fee> for semesters 2-7.,fee,,
Payment for 8th semester?,<eighth_sem_fee> for final term.,fee,,
What's the minimum CGPA for 1st semester promotion?,Students must maintain 0.75 CGPA to progress to 2nd semester.,admission,,
Is there a CGPA requirement for 2nd semester?,Yes 1.00 CGPA is required to advance to 3rd semester.,admission,,
What happens if I don't meet 3rd semester CGPA?,Failure to achieve 1.25 CGPA requires repeating the entire semester.,admission,,
What's the promotion CGPA for 4th semester?,1.50 CGPA is required to progress to 5th semester.,admission,,
Is 1.75 CGPA mandatory for 5th semester?,Yes students must achieve 1.75 CGPA to enter 6th semester.,admission,,
What's the 6th semester CGPA requirement?,2.00 CGPA is needed to advance to 7th semester.,admission,,
What CGPA is required for 7th semester promotion?,Students need 2.25 CGPA to progress to final semester.,admission,,
What's the graduation CGPA requirement?,Minimum 2.50 CGPA in 8th semester is required for degree conferral.,admission,,
What happens if I fail to meet semester CGPA?,Students not meeting requirements may repeat the semester once.,admission,,
Can I repeat a semester multiple times?,No students may repeat a semester only once throughout their degree.,admission,,
What happens after failing a semester twice?,Failure to meet CGPA after one repeat leads to dismissal from university.,admission,,
How does repeating affect my grades?,Courses taken during repeat semester replace previous grades entirely.,admission,,
What's the consequence of failing 8th semester CGPA?,Students must repeat lowest-graded courses to achieve 2.50 CGPA.,admission,,
Is there a time limit for completing degree?,Yes students must achieve graduation requirements within maximum allowed duration.,admission,,
What's the CGPA progression scale?,Semester thresholds: 1st-0.75 2nd-1.00 3rd-1.25 4th-1.50 5th-1.75 6th-2.00 7th-2.25 8th-2.50.,admission,,
Do CGPA requirements increase each semester?,Yes CGPA thresholds incrementally rise by 0.25 each semester.,admission,,
What's the minimum CGPA for first semester?,New students must maintain at least 0.75 CGPA to continue.,admission,,
Is 1.00 CGPA required for second semester?,Yes students must achieve 1.00 CGPA to enter third semester.,admission,,
What CGPA is needed for third semester promotion?,1.25 CGPA is mandatory to progress to fourth semester.,admission,,
What's the fourth semester CGPA threshold?,Students require 1.50 CGPA to advance to fifth semester.,admission,,
What CGPA is required for fifth semester entry?,1.75 CGPA must be maintained to enter sixth semester.,admission,,
What's the sixth semester promotion requirement?,2.00 CGPA is necessary to progress to seventh semester.,admission,,
What CGPA is needed for seventh semester?,2.25 CGPA required to enter final eighth semester.,admission,,
What's the absolute minimum graduation CGPA?,Students must achieve 2.50 CGPA in final semester to graduate.,admission,,
What happens if I fail first semester CGPA?,You may repeat first semester once with grade replacement.,admission,,
Can I progress with 0.74 CGPA in first semester?,No sub-0.75 CGPA requires semester repetition.,admission,,
How many times can I repeat a semester?,Only one repetition is allowed per semester throughout the program.,admission,,
What happens after using my repeat option?,Failure to meet CGPA after one repeat leads to termination.,admission,,
Do repeated courses replace old grades?,Yes new grades completely replace previous attempts.,admission,,
What's the policy for final semester failure?,Repeat lowest-graded courses until 2.50 CGPA is achieved.,admission,,
Is there grade forgiveness for repeats?,Yes only the repeat semester grades count toward CGPA.,admission,,
What's the maximum duration to complete degree?,Students must fulfill requirements within program time limits.,admission,,
Can I be readmitted after dismissal?,No dismissal is permanent after one unsuccessful repeat.,admission,,
What's the CGPA progression increment?,Requirements increase by 0.25 CGPA each semester.,admission,,
Is 0.75 CGPA sufficient for first semester?,Yes 0.75 is the minimum to avoid probation/repeat.,admission,,
What CGPA prevents second semester progression?,Scores below 1.00 CGPA block advancement to third semester.,admission,,
What's the penalty for third semester CGPA failure?,Mandatory semester repeat with grade replacement.,admission,,
What CGPA is required to avoid fourth semester repeat?,Minimum 1.50 CGPA must be maintained.,admission,,
Is fifth semester accessible with 1.74 CGPA?,No 1.75 CGPA is strictly required for progression.,admission,,
What happens with 1.99 CGPA in sixth semester?,Failure to reach 2.00 CGPA requires semester repetition.,admission,,
What's the seventh semester promotion threshold?,2.25 CGPA is mandatory to enter final semester.,admission,,
Can I graduate with 2.49 CGPA?,No 2.50 CGPA is the absolute minimum for graduation.,admission,,
What options exist for eighth semester CGPA failure?,Repeat lowest-scoring courses until 2.50 CGPA is attained.,admission,,
How many courses can I repeat in final semester?,Only the minimum required courses to reach 2.50 CGPA.,admission,,
Is there a CGPA grace period?,No requirements are strictly enforced each semester.,admission,,
What's the academic dismissal policy?,Dismissal occurs after one unsuccessful semester repeat.,admission,,
Do transfer students follow the same CGPA rules?,All students must meet semester-by-semester CGPA thresholds.,admission,,
Can I appeal CGPA-based dismissal?,Dismissal decisions are final after one repeat failure.,admission,,
What's the CGPA progression schedule?,Minimum CGPA: Semester1-0.75 Semester2-1.00 Semester3-1.25 Semester4-1.50 Semester5-1.75 Semester6-2.00 Semester7-2.25 Semester8-2.50.,admission,,
How does repeating affect academic standing?,Repeated semesters reset academic progress for that term.,admission,,
Is there conditional progression?,No CGPA requirements are absolute without exceptions.,admission,,
What defines satisfactory academic progress?,Meeting each semester's CGPA threshold without exceptions.,admission,,
How do students find out their class schedule for the semester?,Students receive the timetable via official university WhatsApp groups and can check notice boards across campus.,admission,,
Where is the semester timetable posted?,The schedule is shared in university WhatsApp groups and displayed on campus notice boards.,admission,,
Can I access my class schedule online?,Yes through official university WhatsApp groups. Physical copies are also posted on campus notice boards.,admission,,
How is the timetable communicated to students?,The administration sends it to official WhatsApp groups and posts it on campus notice boards.,admission,,
Where can I see my class timetable?,Check your university WhatsApp group or any notice board on campus.,admission,,
Is the semester schedule available on WhatsApp?,Yes it’s distributed via official university WhatsApp groups. It’s also on campus notice boards.,admission,,
How do I get the class schedule if I’m a new student?,New students receive it through university WhatsApp groups and can view it on campus notice boards.,admission,,
Are timetables sent via email or apps?,Primarily via WhatsApp groups. Physical copies are available on campus notice boards.,admission,,
Where should I look for the semester timetable?,Official WhatsApp groups and campus notice boards.,admission,,
Is the class schedule posted publicly?,Yes on campus notice boards. It’s also shared in WhatsApp groups.,admission,,
How does the university share the timetable?,Through WhatsApp groups managed by the administration and physical displays on notice boards.,admission,,
Can I find the timetable without internet access?,Yes by checking printed copies on campus notice boards.,admission,,
What if I’m not in a WhatsApp group? How do I get the schedule?,Visit campus notice boards where the timetable is displayed. Contact administration to join the WhatsApp group.,admission,,
Is the timetable available on social media?,Only via official university WhatsApp groups. Alternatively check campus notice boards.,admission,,
How soon is the timetable shared before the semester?,Shared via WhatsApp groups and notice boards ahead of the semester start (exact timing varies).,admission,,
Where are notice boards located for timetable access?,Across campus (e.g. Departments libraries entrances).,admission,,
Do I need special access to view the schedule?,No. All students receive it in WhatsApp groups and can view notice boards publicly.,admission,,
Is the timetable updated during the semester?,Updates are communicated via the same channels: WhatsApp groups and notice boards.,admission,,
Can parents access the class schedule?,Parents may view it via students’ WhatsApp groups or campus notice boards during visits.,admission,,
Are digital and physical timetables identical?,Yes both WhatsApp groups and notice boards provide the same official schedule.,admission,,
What is the total credit hour requirement for BSSE students?,130 credit hours,course,,
How many total courses must students complete?,44 courses,course,,
How many credit hours are required for Computing Core courses?,46 credit hours,course,,
How many courses fall under Mathematics & Supporting Courses?,4 courses,course,,
What is the credit hour requirement for Domain Electives?,21 credit hours,course,,
How many Domain Core courses must be completed?,6 courses,course,,
Which area requires the most credit hours?,Computing Core (46 credit hours),course,,
How many credit hours are dedicated to General Education Requirement?,30 credit hours,course,,
How many courses are required for General Education Requirement?,12 courses,course,,
What is the credit hour requirement for Elective Supporting Courses?,3 credit hours,course,,
How many courses are in the Computing Core category?,14 courses,course,,
Which area has the fewest courses?,Elective Supporting Courses (1 course),course,,
How many credit hours are required for Domain Core courses?,18 credit hours,course,,
How many courses are classified as Domain Electives?,7 courses,course,,
What is the credit hour requirement for Mathematics & Supporting Courses?,12 credit hours,course,,
Which area has exactly 1 course requirement?,Elective Supporting Courses,course,,
How many credit hours come from non-Computing Core areas?,84 credit hours (130 total - 46 Computing Core),course,,
Are there more courses in General Education or Computing Core?,Computing Core has more (14 vs 12 courses),course,,
How many more credit hours does Computing Core require compared to Domain Core?,28 more credit hours (46 - 18),course,,
What percentage of total credit hours is General Education Requirement?,Approximately 23% (30/130),course,,
What is the credit breakdown for CSC-101 Programming Fundamentals?,4 credits (3 lecture hours + 3 lab hours weekly),course,,
What is the credit breakdown for CSC-102 Object Oriented Programming?,4 credits (3 lecture hours + 3 lab hours weekly),course,,
What is the credit breakdown for CSC-103 Database Systems?,4 credits (3 lecture hours + 3 lab hours weekly),course,,
What is the credit breakdown for CSC-111 Digital Logic Design?,3 credits (2 lecture hours + 3 lab hours weekly),course,,
What is the credit breakdown for CSC-201 Data Structures?,4 credits (3 lecture hours + 3 lab hours weekly),course,,
What is the credit breakdown for CSC-202 Information Security?,3 credits (2 lecture hours + 3 lab hours weekly),course,,
What is the credit breakdown for CSC-203 Artificial Intelligence?,3 credits (2 lecture hours + 3 lab hours weekly),course,,
What is the credit breakdown for CSC-204 Computer Networks?,3 credits (2 lecture hours + 3 lab hours weekly),course,,
What is the credit breakdown for CSC-205 Software Engineering?,3 credits (3 lecture hours + 3 lab hours weekly),course,,
What is the credit breakdown for CSC-211 Computer Organization & Assembly Language?,3 credits (2 lecture hours + 3 lab hours weekly),course,,
What is the credit breakdown for CSC-301 Operating Systems?,3 credits (2 lecture hours + 3 lab hours weekly),course,,
What is the credit breakdown for CSC-303 Advanced Database Management Systems?,3 credits (2 lecture hours + 3 lab hours weekly),course,,
What is the credit breakdown for CSC-311 Computer Architecture?,3 credits (2 lecture hours + 3 lab hours weekly),course,,
What is the credit breakdown for CSC-312 Compiler Construction?,3 credits (2 lecture hours + 3 lab hours weekly),course,,
What is the credit breakdown for CSC-313 HCI and Computer Graphics?,3 credits (2 lecture hours + 3 lab hours weekly),course,,
What is the credit breakdown for CSC-314 Parallel and Distributed Computing?,3 credits (2 lecture hours + 3 lab hours weekly),course,,
What is the credit breakdown for CSC-251 Web Technologies?,3 credits (2 lecture hours + 3 lab hours weekly),course,,
What is the credit breakdown for CSC-252 Advanced Programming?,3 credits (2 lecture hours + 3 lab hours weekly),course,,
What is the credit breakdown for CSC-351 Web Engineering?,3 credits (2 lecture hours + 3 lab hours weekly),course,,
What is the credit breakdown for CSC-352 Numerical Analysis?,3 credits (2 lecture hours + 3 lab hours weekly),course,,
What is the credit breakdown for CSC-353 Mobile Application Development 1?,3 credits (2 lecture hours + 3 lab hours weekly),course,,
What is the credit breakdown for CSC-354 Cyber Security?,3 credits (2 lecture hours + 3 lab hours weekly),course,,
What is the credit breakdown for CSE-422 Software Testing & Quality Assurance?,3 credits (2 lecture hours + 3 lab hours weekly),course,,
What is the credit breakdown for CSC-100 Application of Information & Communication Technologies?,3 credits (2 lecture hours + 3 lab hours weekly),course,,
What is the credit breakdown for PHY-201 Applied Physics?,3 credits (2 lecture hours + 3 lab hours weekly),course,,
When is CSC-499 Final Year Project-II offered?,Semester 8,course,,
In which semester can I take CSC-499 Final Year Project-II?,Semester 8,course,,
What term is CSC-499 Final Year Project-II available?,Semester 8,course,,
When is CSC-101 Programming Fundamentals offered?,Semester 1,course,,
In which semester can I take CSC-101 Programming Fundamentals?,Semester 1,course,,
What term is CSC-101 Programming Fundamentals available?,Semester 1,course,,
When is CSC-102 Object Oriented Programming offered?,Semester 2,course,,
In which semester can I take CSC-102 Object Oriented Programming?,Semester 2,course,,
What term is CSC-102 Object Oriented Programming available?,Semester 2,course,,
When is CSC-103 Database Systems offered?,Semester 2,course,,
In which semester can I take CSC-103 Database Systems?,Semester 2,course,,
What term is CSC-103 Database Systems available?,Semester 2,course,,
When is CSC-111 Digital Logic Design offered?,Semester 2,course,,
In which semester can I take CSC-111 Digital Logic Design?,Semester 2,course,,
What term is CSC-111 Digital Logic Design available?,Semester 2,course,,
When is CSC-201 Data Structures offered?,Semester 3,course,,
In which semester can I take CSC-201 Data Structures?,Semester 3,course,,
What term is CSC-201 Data Structures available?,Semester 3,course,,
When is CSC-202 Information Security offered?,Semester 3,course,,
In which semester can I take CSC-202 Information Security?,Semester 3,course,,
What term is CSC-202 Information Security available?,Semester 3,course,,
When is CSC-203 Artificial Intelligence offered?,Semester 3,course,,
In which semester can I take CSC-203 Artificial Intelligence?,Semester 3,course,,
What term is CSC-203 Artificial Intelligence available?,Semester 3,course,,
When is CSC-204 Computer Networks offered?,Semester 3,course,,
In which semester can I take CSC-204 Computer Networks?,Semester 3,course,,
What term is CSC-204 Computer Networks available?,Semester 3,course,,
When is CSC-205 Software Engineering offered?,Semester 3,course,,
In which semester can I take CSC-205 Software Engineering?,Semester 3,course,,
What term is CSC-205 Software Engineering available?,Semester 3,course,,
When is CSC-211 Computer Organization & Assembly Language offered?,Semester 4,course,,
In which semester can I take CSC-211 Computer Organization & Assembly Language?,Semester 4,course,,
What term is CSC-211 Computer Organization & Assembly Language available?,Semester 4,course,,
When is CSC-301 Operating Systems offered?,Semester 5,course,,
In which semester can I take CSC-301 Operating Systems?,Semester 5,course,,
What term is CSC-301 Operating Systems available?,Semester 5,course,,
When is CSC-302 Theory of Automata offered?,Semester 5,course,,
In which semester can I take CSC-302 Theory of Automata?,Semester 5,course,,
What term is CSC-302 Theory of Automata available?,Semester 5,course,,
When is CSC-303 Advanced Database Management Systems offered?,Semester 5,course,,
In which semester can I take CSC-303 Advanced Database Management Systems?,Semester 5,course,,
What term is CSC-303 Advanced Database Management Systems available?,Semester 5,course,,
When is CSC-351 Web Engineering offered?,Semester 5,course,,
In which semester can I take CSC-351 Web Engineering?,Semester 5,course,,
What term is CSC-351 Web Engineering available?,Semester 5,course,,
When is CSC-352 Numerical Analysis offered?,Semester 5,course,,
In which semester can I take CSC-352 Numerical Analysis?,Semester 5,course,,
What term is CSC-352 Numerical Analysis available?,Semester 5,course,,
When is CSC-311 Computer Architecture offered?,Semester 6,course,,
In which semester can I take CSC-311 Computer Architecture?,Semester 6,course,,
What term is CSC-311 Computer Architecture available?,Semester 6,course,,
When is CSC-312 Compiler Construction offered?,Semester 6,course,,
In which semester can I take CSC-312 Compiler Construction?,Semester 6,course,,
What term is CSC-312 Compiler Construction available?,Semester 6,course,,
When is CSC-313 HCI and Computer Graphics offered?,Semester 6,course,,
In which semester can I take CSC-313 HCI and Computer Graphics?,Semester 6,course,,
What term is CSC-313 HCI and Computer Graphics available?,Semester 6,course,,
When is CSC-314 Parallel and Distributed Computing offered?,Semester 6,course,,
In which semester can I take CSC-314 Parallel and Distributed Computing?,Semester 6,course,,
What term is CSC-314 Parallel and Distributed Computing available?,Semester 6,course,,
When is CSC-353 Mobile Application Development 1 offered?,Semester 6,course,,
In which semester can I take CSC-353 Mobile Application Development 1?,Semester 6,course,,
What term is CSC-353 Mobile Application Development 1 available?,Semester 6,course,,
When is CSC-354 Cyber Security offered?,Semester 6,course,,
In which semester can I take CSC-354 Cyber Security?,Semester 6,course,,
What term is CSC-354 Cyber Security available?,Semester 6,course,,
When is CSC-401 Analysis of Algorithms offered?,Semester 7,course,,
In which semester can I take CSC-401 Analysis of Algorithms?,Semester 7,course,,
What term is CSC-401 Analysis of Algorithms available?,Semester 7,course,,
When is CSE-422 Software Testing & Quality Assurance offered?,Semester 7,course,,
In which semester can I take CSE-422 Software Testing & Quality Assurance?,Semester 7,course,,
What term is CSE-422 Software Testing & Quality Assurance available?,Semester 7,course,,
When is ENG-401 Technical & Business Writing offered?,Semester 7,course,,
In which semester can I take ENG-401 Technical & Business Writing?,Semester 7,course,,
What term is ENG-401 Technical & Business Writing available?,Semester 7,course,,
When is SSH-401 Entrepreneurship offered?,Semester 7,course,,
In which semester can I take SSH-401 Entrepreneurship?,Semester 7,course,,
What term is SSH-401 Entrepreneurship available?,Semester 7,course,,
When is SSH-402 Professional Practices offered?,Semester 8,course,,
In which semester can I take SSH-402 Professional Practices?,Semester 8,course,,
What term is SSH-402 Professional Practices available?,Semester 8,course,,
When is SSH-403 Civics and Community Engagement offered?,Semester 8,course,,
In which semester can I take SSH-403 Civics and Community Engagement?,Semester 8,course,,
What term is SSH-403 Civics and Community Engagement available?,Semester 8,course,,
When is SSH-404 Ideology and Constitution of Pakistan offered?,Semester 8,course,,
In which semester can I take SSH-404 Ideology and Constitution of Pakistan?,Semester 8,course,,
What term is SSH-404 Ideology and Constitution of Pakistan available?,Semester 8,course,,
How many credits is CSC-102 Object Oriented Programming worth?,4 credits (3 lecture hours + 3 lab hours),course,,
What is the credit value of CSC-102 Object Oriented Programming?,4 credits (3 lecture hours + 3 lab hours),course,,
How many credit hours does CSC-102 Object Oriented Programming carry?,4 credits (3 lecture hours + 3 lab hours),course,,
How many credits is CSC-103 Database Systems worth?,4 credits (3 lecture hours + 3 lab hours),course,,
What is the credit value of CSC-103 Database Systems?,4 credits (3 lecture hours + 3 lab hours),course,,
How many credit hours does CSC-103 Database Systems carry?,4 credits (3 lecture hours + 3 lab hours),course,,
How many credits is CSC-111 Digital Logic Design worth?,3 credits (2 lecture hours + 3 lab hours),course,,
What is the credit value of CSC-111 Digital Logic Design?,3 credits (2 lecture hours + 3 lab hours),course,,
How many credit hours does CSC-111 Digital Logic Design carry?,3 credits (2 lecture hours + 3 lab hours),course,,
How many credits is CSC-201 Data Structures worth?,4 credits (3 lecture hours + 3 lab hours),course,,
What is the credit value of CSC-201 Data Structures?,4 credits (3 lecture hours + 3 lab hours),course,,
How many credit hours does CSC-201 Data Structures carry?,4 credits (3 lecture hours + 3 lab hours),course,,
How many credits is CSC-202 Information Security worth?,3 credits (2 lecture hours + 3 lab hours),course,,
What is the credit value of CSC-202 Information Security?,3 credits (2 lecture hours + 3 lab hours),course,,
How many credit hours does CSC-202 Information Security carry?,3 credits (2 lecture hours + 3 lab hours),course,,
How many credits is CSC-203 Artificial Intelligence worth?,3 credits (2 lecture hours + 3 lab hours),course,,
What is the credit value of CSC-203 Artificial Intelligence?,3 credits (2 lecture hours + 3 lab hours),course,,
How many credit hours does CSC-203 Artificial Intelligence carry?,3 credits (2 lecture hours + 3 lab hours),course,,
How many credits is CSC-204 Computer Networks worth?,3 credits (2 lecture hours + 3 lab hours),course,,
What is the credit value of CSC-204 Computer Networks?,3 credits (2 lecture hours + 3 lab hours),course,,
How many credit hours does CSC-204 Computer Networks carry?,3 credits (2 lecture hours + 3 lab hours),course,,
How many credits is CSC-205 Software Engineering worth?,3 credits (3 lecture hours + 3 lab hours),course,,
What is the credit value of CSC-205 Software Engineering?,3 credits (3 lecture hours + 3 lab hours),course,,
How many credit hours does CSC-205 Software Engineering carry?,3 credits (3 lecture hours + 3 lab hours),course,,
How many credits is CSC-211 Computer Organization & Assembly Language worth?,3 credits (2 lecture hours + 3 lab hours),course,,
What is the credit value of CSC-211 Computer Organization & Assembly Language?,3 credits (2 lecture hours + 3 lab hours),course,,
How many credit hours does CSC-211 Computer Organization & Assembly Language carry?,3 credits (2 lecture hours + 3 lab hours),course,,
How many credits is CSC-301 Operating Systems worth?,3 credits (2 lecture hours + 3 lab hours),course,,
What is the credit value of CSC-301 Operating Systems?,3 credits (2 lecture hours + 3 lab hours),course,,
How many credit hours does CSC-301 Operating Systems carry?,3 credits (2 lecture hours + 3 lab hours),course,,
How many credits is CSC-302 Theory of Automata worth?,3 credits (3 lecture hours + 0 lab hours),course,,
What is the credit value of CSC-302 Theory of Automata?,3 credits (3 lecture hours + 0 lab hours),course,,
How many credit hours does CSC-302 Theory of Automata carry?,3 credits (3 lecture hours + 0 lab hours),course,,
How many credits is CSC-303 Advanced Database Management Systems worth?,3 credits (2 lecture hours + 3 lab hours),course,,
What is the credit value of CSC-303 Advanced Database Management Systems?,3 credits (2 lecture hours + 3 lab hours),course,,
How many credit hours does CSC-303 Advanced Database Management Systems carry?,3 credits (2 lecture hours + 3 lab hours),course,,
How many credits is CSC-311 Computer Architecture worth?,3 credits (2 lecture hours + 3 lab hours),course,,
What is the credit value of CSC-311 Computer Architecture?,3 credits (2 lecture hours + 3 lab hours),course,,
How many credit hours does CSC-311 Computer Architecture carry?,3 credits (2 lecture hours + 3 lab hours),course,,
How many credits is CSC-312 Compiler Construction worth?,3 credits (2 lecture hours + 3 lab hours),course,,
What is the credit value of CSC-312 Compiler Construction?,3 credits (2 lecture hours + 3 lab hours),course,,
How many credit hours does CSC-312 Compiler Construction carry?,3 credits (2 lecture hours + 3 lab hours),course,,
How many credits is CSC-313 HCI and Computer Graphics worth?,3 credits (2 lecture hours + 3 lab hours),course,,
What is the credit value of CSC-313 HCI and Computer Graphics?,3 credits (2 lecture hours + 3 lab hours),course,,
How many credit hours does CSC-313 HCI and Computer Graphics carry?,3 credits (2 lecture hours + 3 lab hours),course,,
How many credits is CSC-314 Parallel and Distributed Computing worth?,3 credits (2 lecture hours + 3 lab hours),course,,
What is the credit value of CSC-314 Parallel and Distributed Computing?,3 credits (2 lecture hours + 3 lab hours),course,,
How many credit hours does CSC-314 Parallel and Distributed Computing carry?,3 credits (2 lecture hours + 3 lab hours),course,,
How many credits is CSC-251 Web Technologies worth?,3 credits (2 lecture hours + 3 lab hours),course,,
What is the credit value of CSC-251 Web Technologies?,3 credits (2 lecture hours + 3 lab hours),course,,
How many credit hours does CSC-251 Web Technologies carry?,3 credits (2 lecture hours + 3 lab hours),course,,
How many credits is CSC-252 Advanced Programming worth?,3 credits (2 lecture hours + 3 lab hours),course,,
What is the credit value of CSC-252 Advanced Programming?,3 credits (2 lecture hours + 3 lab hours),course,,
How many credit hours does CSC-252 Advanced Programming carry?,3 credits (2 lecture hours + 3 lab hours),course,,
How many credits is CSC-351 Web Engineering worth?,3 credits (2 lecture hours + 3 lab hours),course,,
What is the credit value of CSC-351 Web Engineering?,3 credits (2 lecture hours + 3 lab hours),course,,
How many credit hours does CSC-351 Web Engineering carry?,3 credits (2 lecture hours + 3 lab hours),course,,
How many credits is CSC-352 Numerical Analysis worth?,3 credits (2 lecture hours + 3 lab hours),course,,
What is the credit value of CSC-352 Numerical Analysis?,3 credits (2 lecture hours + 3 lab hours),course,,
How many credit hours does CSC-352 Numerical Analysis carry?,3 credits (2 lecture hours + 3 lab hours),course,,
How many credits is CSC-353 Mobile Application Development 1 worth?,3 credits (2 lecture hours + 3 lab hours),course,,
What is the credit value of CSC-353 Mobile Application Development 1?,3 credits (2 lecture hours + 3 lab hours),course,,
How many credit hours does CSC-353 Mobile Application Development 1 carry?,3 credits (2 lecture hours + 3 lab hours),course,,
How many credits is CSC-354 Cyber Security worth?,3 credits (2 lecture hours + 3 lab hours),course,,
What is the credit value of CSC-354 Cyber Security?,3 credits (2 lecture hours + 3 lab hours),course,,
How many credit hours does CSC-354 Cyber Security carry?,3 credits (2 lecture hours + 3 lab hours),course,,
How many credits is CSE-422 Software Testing & Quality Assurance worth?,3 credits (2 lecture hours + 3 lab hours),course,,
What is the credit value of CSE-422 Software Testing & Quality Assurance?,3 credits (2 lecture hours + 3 lab hours),course,,
How many credit hours does CSE-422 Software Testing & Quality Assurance carry?,3 credits (2 lecture hours + 3 lab hours),course,,
How many credits is MTH-102 Multivariable Calculus worth?,3 credits (3 lecture hours + 0 lab hours),course,,
What is the credit value of MTH-102 Multivariable Calculus?,3 credits (3 lecture hours + 0 lab hours),course,,
How many credit hours does MTH-102 Multivariable Calculus carry?,3 credits (3 lecture hours + 0 lab hours),course,,
How many credits is MTH-103 Linear Algebra worth?,3 credits (3 lecture hours + 0 lab hours),course,,
What is the credit value of MTH-103 Linear Algebra?,3 credits (3 lecture hours + 0 lab hours),course,,
How many credit hours does MTH-103 Linear Algebra carry?,3 credits (3 lecture hours + 0 lab hours),course,,
How many credits is SST-101 Probability & Statistics worth?,3 credits (3 lecture hours + 0 lab hours),course,,
What is the credit value of SST-101 Probability & Statistics?,3 credits (3 lecture hours + 0 lab hours),course,,
How many credit hours does SST-101 Probability & Statistics carry?,3 credits (3 lecture hours + 0 lab hours),course,,
How many credits is ENG-401 Technical & Business Writing worth?,3 credits (3 lecture hours + 0 lab hours),course,,
What is the credit value of ENG-401 Technical & Business Writing?,3 credits (3 lecture hours + 0 lab hours),course,,
How many credit hours does ENG-401 Technical & Business Writing carry?,3 credits (3 lecture hours + 0 lab hours),course,,
How many credits is MGT-351 Introduction to Marketing worth?,3 credits (3 lecture hours + 0 lab hours),course,,
What is the credit value of MGT-351 Introduction to Marketing?,3 credits (3 lecture hours + 0 lab hours),course,,
How many credit hours does MGT-351 Introduction to Marketing carry?,3 credits (3 lecture hours + 0 lab hours),course,,
How many credits is MGT-322 Financial Accounting worth?,3 credits (3 lecture hours + 0 lab hours),course,,
What is the credit value of MGT-322 Financial Accounting?,3 credits (3 lecture hours + 0 lab hours),course,,
How many credit hours does MGT-322 Financial Accounting carry?,3 credits (3 lecture hours + 0 lab hours),course,,
How many credits is CSC-100 Application of Information & Communication Technologies worth?,3 credits (2 lecture hours + 3 lab hours),course,,
What is the credit value of CSC-100 Application of Information & Communication Technologies?,3 credits (2 lecture hours + 3 lab hours),course,,
How many credit hours does CSC-100 Application of Information & Communication Technologies carry?,3 credits (2 lecture hours + 3 lab hours),course,,
How many credits is CSC-110 Discrete Structures worth?,3 credits (3 lecture hours + 0 lab hours),course,,
What is the credit value of CSC-110 Discrete Structures?,3 credits (3 lecture hours + 0 lab hours),course,,
How many credit hours does CSC-110 Discrete Structures carry?,3 credits (3 lecture hours + 0 lab hours),course,,
How many credits is MTH-101 Calculus and Analytic Geometry worth?,3 credits (3 lecture hours + 0 lab hours),course,,
What is the credit value of MTH-101 Calculus and Analytic Geometry?,3 credits (3 lecture hours + 0 lab hours),course,,
How many credit hours does MTH-101 Calculus and Analytic Geometry carry?,3 credits (3 lecture hours + 0 lab hours),course,,
How many credits is ENG-101 English Comprehension worth?,3 credits (3 lecture hours + 0 lab hours),course,,
What is the credit value of ENG-101 English Comprehension?,3 credits (3 lecture hours + 0 lab hours),course,,
How many credit hours does ENG-101 English Comprehension carry?,3 credits (3 lecture hours + 0 lab hours),course,,
How many credits is ENG-201 Expository Writing worth?,3 credits (3 lecture hours + 0 lab hours),course,,
What is the credit value of ENG-201 Expository Writing?,3 credits (3 lecture hours + 0 lab hours),course,,
How many credit hours does ENG-201 Expository Writing carry?,3 credits (3 lecture hours + 0 lab hours),course,,
How many credits is IS-201 Islamic Studies worth?,2 credits (2 lecture hours + 0 lab hours),course,,
What is the credit value of IS-201 Islamic Studies?,2 credits (2 lecture hours + 0 lab hours),course,,
How many credit hours does IS-201 Islamic Studies carry?,2 credits (2 lecture hours + 0 lab hours),course,,
How many credits is PHY-201 Applied Physics worth?,3 credits (2 lecture hours + 3 lab hours),course,,
What is the credit value of PHY-201 Applied Physics?,3 credits (2 lecture hours + 3 lab hours),course,,
How many credit hours does PHY-201 Applied Physics carry?,3 credits (2 lecture hours + 3 lab hours),course,,
How many credits is SSH-301 Introduction to Management worth?,2 credits (2 lecture hours + 0 lab hours),course,,
What is the credit value of SSH-301 Introduction to Management?,2 credits (2 lecture hours + 0 lab hours),course,,
How many credit hours does SSH-301 Introduction to Management carry?,2 credits (2 lecture hours + 0 lab hours),course,,
How many credits is SSH-401 Entrepreneurship worth?,2 credits (2 lecture hours + 0 lab hours),course,,
What is the credit value of SSH-401 Entrepreneurship?,2 credits (2 lecture hours + 0 lab hours),course,,
How many credit hours does SSH-401 Entrepreneurship carry?,2 credits (2 lecture hours + 0 lab hours),course,,
How many credits is SSH-402 Professional Practices worth?,2 credits (2 lecture hours + 0 lab hours),course,,
What is the credit value of SSH-402 Professional Practices?,2 credits (2 lecture hours + 0 lab hours),course,,
How many credit hours does SSH-402 Professional Practices carry?,2 credits (2 lecture hours + 0 lab hours),course,,
How many credits is SSH-403 Civics and Community Engagement worth?,2 credits (2 lecture hours + 0 lab hours),course,,
What is the credit value of SSH-403 Civics and Community Engagement?,2 credits (2 lecture hours + 0 lab hours),course,,
How many credit hours does SSH-403 Civics and Community Engagement carry?,2 credits (2 lecture hours + 0 lab hours),course,,
How many credits is SSH-404 Ideology and Constitution of Pakistan worth?,2 credits (2 lecture hours + 0 lab hours),course,,
What is the credit value of SSH-404 Ideology and Constitution of Pakistan?,2 credits (2 lecture hours + 0 lab hours),course,,
How many credit hours does SSH-404 Ideology and Constitution of Pakistan carry?,2 credits (2 lecture hours + 0 lab hours),course,,
What Domain Electives are offered in Semester 5?,CSC-351 Web Engineering CSC-352 Numerical Analysis,course,,
List fifth semester Domain Electives,CSC-351 Web Engineering CSC-352 Numerical Analysis,course,,
Which Domain Elective options are available in Semester 5?,CSC-351 Web Engineering CSC-352 Numerical Analysis,course,,
What Domain Electives are offered in Semester 6?,CSC-353 Mobile Application Development 1 CSC-354 Cyber Security,course,,
List sixth semester Domain Electives,CSC-353 Mobile Application Development 1 CSC-354 Cyber Security,course,,
Which Domain Elective options are available in Semester 6?,CSC-353 Mobile Application Development 1 CSC-354 Cyber Security,course,,
What Domain Electives are offered in Semester 7?,CSE-422 Software Testing & Quality Assurance,course,,
List seventh semester Domain Electives,CSE-422 Software Testing & Quality Assurance,course,,
Which Domain Elective options are available in Semester 7?,CSE-422 Software Testing & Quality Assurance,course,,
Does CSC-101 Programming Fundamentals have a lab component?,Yes format 4(3-3) indicates 3 lecture hours + 3 lab hours weekly,course,,
Does CSC-102 Object Oriented Programming have a lab component?,Yes format 4(3-3) indicates 3 lecture hours + 3 lab hours weekly,course,,
Does CSC-103 Database Systems have a lab component?,Yes format 4(3-3) indicates 3 lecture hours + 3 lab hours weekly,course,,
Does CSC-111 Digital Logic Design have a lab component?,Yes format 3(2-3) indicates 2 lecture hours + 3 lab hours weekly,course,,
Does CSC-201 Data Structures have a lab component?,Yes format 4(3-3) indicates 3 lecture hours + 3 lab hours weekly,course,,
Does CSC-202 Information Security have a lab component?,Yes format 3(2-3) indicates 2 lecture hours + 3 lab hours weekly,course,,
Does CSC-203 Artificial Intelligence have a lab component?,Yes format 3(2-3) indicates 2 lecture hours + 3 lab hours weekly,course,,
Does CSC-204 Computer Networks have a lab component?,Yes format 3(2-3) indicates 2 lecture hours + 3 lab hours weekly,course,,
Does CSC-205 Software Engineering have a lab component?,Yes format 3(3-3) indicates 3 lecture hours + 3 lab hours weekly,course,,
Does CSC-211 Computer Organization & Assembly Language have a lab component?,Yes format 3(2-3) indicates 2 lecture hours + 3 lab hours weekly,course,,
Does CSC-301 Operating Systems have a lab component?,Yes format 3(2-3) indicates 2 lecture hours + 3 lab hours weekly,course,,
Does CSC-303 Advanced Database Management Systems have a lab component?,Yes format 3(2-3) indicates 2 lecture hours + 3 lab hours weekly,course,,
Does CSC-311 Computer Architecture have a lab component?,Yes format 3(2-3) indicates 2 lecture hours + 3 lab hours weekly,course,,
Does CSC-312 Compiler Construction have a lab component?,Yes format 3(2-3) indicates 2 lecture hours + 3 lab hours weekly,course,,
Does CSC-313 HCI and Computer Graphics have a lab component?,Yes format 3(2-3) indicates 2 lecture hours + 3 lab hours weekly,course,,
Does CSC-314 Parallel and Distributed Computing have a lab component?,Yes format 3(2-3) indicates 2 lecture hours + 3 lab hours weekly,course,,
Does CSC-251 Web Technologies have a lab component?,Yes format 3(2-3) indicates 2 lecture hours + 3 lab hours weekly,course,,
Does CSC-252 Advanced Programming have a lab component?,Yes format 3(2-3) indicates 2 lecture hours + 3 lab hours weekly,course,,
Does CSC-351 Web Engineering have a lab component?,Yes format 3(2-3) indicates 2 lecture hours + 3 lab hours weekly,course,,
Does CSC-352 Numerical Analysis have a lab component?,Yes format 3(2-3) indicates 2 lecture hours + 3 lab hours weekly,course,,
Does CSC-353 Mobile Application Development 1 have a lab component?,Yes format 3(2-3) indicates 2 lecture hours + 3 lab hours weekly,course,,
Does CSC-354 Cyber Security have a lab component?,Yes format 3(2-3) indicates 2 lecture hours + 3 lab hours weekly,course,,
Does CSE-422 Software Testing & Quality Assurance have a lab component?,Yes format 3(2-3) indicates 2 lecture hours + 3 lab hours weekly,course,,
Does CSC-100 Application of Information & Communication Technologies have a lab component?,Yes format 3(2-3) indicates 2 lecture hours + 3 lab hours weekly,course,,
Does PHY-201 Applied Physics have a lab component?,Yes format 3(2-3) indicates 2 lecture hours + 3 lab hours weekly,course,,
What General Education courses are in Semester 4?,ENG-201 Expository Writing IS-201 Islamic Studies PHY-201 Applied Physics,course,,
List fourth semester General Education requirements,ENG-201 Expository Writing IS-201 Islamic Studies PHY-201 Applied Physics,course,,
Which courses fulfill General Education requirements in Semester 4?,ENG-201 Expository Writing IS-201 Islamic Studies PHY-201 Applied Physics,course,,
What General Education courses are in Semester 5?,SSH-301 Introduction to Management,course,,
List fifth semester General Education requirements,SSH-301 Introduction to Management,course,,
Which courses fulfill General Education requirements in Semester 5?,SSH-301 Introduction to Management,course,,
What General Education courses are in Semester 7?,SSH-401 Entrepreneurship,course,,
List seventh semester General Education requirements,SSH-401 Entrepreneurship,course,,
Which courses fulfill General Education requirements in Semester 7?,SSH-401 Entrepreneurship,course,,
What General Education courses are in Semester 8?,SSH-402 Professional Practices SSH-403 Civics and Community Engagement SSH-404 Ideology and Constitution of Pakistan,course,,
List eighth semester General Education requirements,SSH-402 Professional Practices SSH-403 Civics and Community Engagement SSH-404 Ideology and Constitution of Pakistan,course,,
Which courses fulfill General Education requirements in Semester 8?,SSH-402 Professional Practices SSH-403 Civics and Community Engagement SSH-404 Ideology and Constitution of Pakistan,course,,
What are the prerequisites for CSC-102 Object Oriented Programming?,CSC-101 Programming Fundamentals,course,,
Does CSC-102 Object Oriented Programming have any required prerequisites?,Yes CSC-101 Programming Fundamentals,course,,
What courses must be completed before taking CSC-102 Object Oriented Programming?,CSC-101 Programming Fundamentals,course,,
Which courses require CSC-101 Programming Fundamentals as a prerequisite?,CSC-102 Object Oriented Programming,course,,
What are the prerequisites for CSC-201 Data Structures?,CSC-102 Object Oriented Programming,course,,
What are the prerequisites for CSC-202 Information Security?,CSC-102 Object Oriented Programming,course,,
What are the prerequisites for CSC-252 Advanced Programming?,CSC-102 Object Oriented Programming,course,,
Which courses require CSC-102 Object Oriented Programming as a prerequisite?,CSC-201 Data Structures CSC-202 Information Security CSC-252 Advanced Programming,course,,
Which courses are offered in Semester 7?,CSC-401 Analysis of Algorithms CSC-498 Final Year Project-I CSE-422 Software Testing & Quality Assurance ENG-401 Technical & Business Writing,course,,
In which semester can I take CSC-498 Final Year Project-I?,Semester 7,course,,
What term is CSC-498 Final Year Project-I available?,Semester 7,course,,
In which semester is CSC-499 Final Year Project-II taken?,Semester 8,course,,
How many credits is CSC-101 Programming Fundamentals worth?,4 credits (3 lecture hours + 3 lab hours),course,,
What is the credit value of CSC-101 Programming Fundamentals?,4 credits (3 lecture hours + 3 lab hours),course,,
How many credit hours does CSC-101 Programming Fundamentals carry?,4 credits (3 lecture hours + 3 lab hours),course,,
How many credits is CSC-498 Final Year Project-I worth?,3 credits (0 lecture + 9 lab hours),course,,
How many credits is CSC-499 Final Year Project-II worth?,4 credits (0 lecture + 12 lab hours),course,,
Can students access WiFi across the campus?,All students enjoy full WiFi access throughout the campus,admission,,
Is wireless internet available for enrolled students?,High-speed WiFi is provided to every registered student,admission,,
How can I get WiFi as a student?,You'll receive login credentials at orientation for campus-wide WiFi,admission,,
Does the campus have full WiFi coverage?,Our campus offers 24/7 WiFi in all buildings and open areas,admission,,
Is free WiFi provided by the institute?,Free high-speed WiFi is available campus-wide for all students,admission,,
Is WiFi dependable in student dorms?,Dormitories are equipped with high-density WiFi access points,admission,,
What’s the WiFi speed in academic facilities?,Campus WiFi delivers speeds of 100Mbps down/50Mbps up,admission,,
Can I stream classes using campus WiFi?,WiFi supports high-bandwidth tasks like lecture streaming,admission,,
Is the WiFi network secure for exams?,Our academic WiFi includes enhanced security for assessments,admission,,
How do I fix WiFi connection problems?,"Reach IT support via phone, email, or on-campus kiosks",admission,,
Is there a data cap on student WiFi?,No limits - unlimited WiFi for academic use,admission,,
Which devices can use campus WiFi?,Any WiFi-enabled device connects with student credentials,admission,,
Is WiFi provided in computer laboratories?,Labs have optimized WiFi for technical applications,admission,,
Does the library offer reliable WiFi?,Library WiFi provides high bandwidth for research needs,admission,,
Can I get WiFi in outdoor campus spaces?,Outdoor quads and areas have dedicated WiFi coverage,admission,,
Does the campus support eduroam?,We’re part of the global eduroam WiFi network,admission,,
How can I access WiFi before orientation?,Contact the IT department for early WiFi access,admission,,
Is WiFi available at campus events?,Event spaces have boosters for reliable connectivity,admission,,
Can WiFi support group projects?,WiFi enables seamless communication for collaborative work,admission,,
Is wired networking available in labs?,Labs are connected via fast Ethernet hubs and switches,admission,,
Does the institute offer Ethernet connectivity?,Fast Ethernet is provided in labs and academic facilities,admission,,
Can I use Ethernet for lab research?,Ethernet supports efficient research and data sharing in labs,admission,,
Is wired internet available in academic buildings?,All academic facilities have seamless Ethernet connectivity,admission,,
How does Ethernet aid student teamwork?,Fast Ethernet hubs facilitate smooth lab collaboration,admission,,
Is Ethernet more reliable than WiFi in labs?,Ethernet provides consistent high-speed access for lab tasks,admission,,
Can I access resources via Ethernet?,Lab Ethernet ensures reliable online resource access,admission,,
Are Ethernet ports available in study rooms?,Study areas have limited Ethernet ports as WiFi backup,admission,,
Is Ethernet secure for data sharing?,Ethernet networks are optimized for secure data transfers,admission,,
How do I connect to Ethernet in labs?,Use provided Ethernet cables with your device in labs,admission,,
Is the Ethernet system regularly updated?,Ethernet infrastructure is upgraded every 2 years,admission,,
Can Ethernet handle high-bandwidth research?,Fast Ethernet supports high-bandwidth lab research tasks,admission,,
Is network reliability consistent across campus?,WiFi and Ethernet maintain 99.9% uptime with monitoring,admission,,
Is WiFi accessible to all students?,Every student has full WiFi access across campus,admission,,
Can enrolled students use wireless networks?,All registered students get high-speed WiFi access,admission,,
How do students join the WiFi network?,You’ll get WiFi credentials during orientation sessions,admission,,
Is WiFi available in all campus buildings?,WiFi covers all buildings and common areas 24/7,admission,,
Does the school offer complimentary WiFi?,Free WiFi is provided to all students campus-wide,admission,,
Is WiFi stable in residence halls?,Dorms feature high-density WiFi for reliable access,admission,,
What’s the internet speed in classrooms?,WiFi offers 100Mbps download and 50Mbps upload speeds,admission,,
Can I use WiFi for video lectures?,Campus WiFi supports streaming and high-bandwidth tasks,admission,,
Is WiFi safe for online tests?,The academic network has robust security for exams,admission,,
What should I do if WiFi fails?,"Contact IT via phone, email, or campus kiosks for help",admission,,
Are there restrictions on WiFi data usage?,Unlimited WiFi for academic purposes with no caps,admission,,
Can my devices connect to WiFi?,All WiFi-capable devices work with student credentials,admission,,
Is WiFi available in tech labs?,Computer labs have WiFi optimized for technical work,admission,,
Does the library WiFi support research?,Library WiFi offers high bandwidth for academic research,admission,,
Is WiFi accessible in campus courtyards?,Outdoor areas like quads have strong WiFi coverage,admission,,
Is the campus part of the eduroam network?,We support the global eduroam network for students,admission,,
Can I get WiFi access pre-orientation?,Early WiFi access is available via the IT department,admission,,
Does WiFi work during campus gatherings?,Event venues use boosters for consistent WiFi,admission,,
Is WiFi suitable for team projects?,WiFi supports seamless data sharing for collaboration,admission,,
Are labs equipped with wired networks?,All labs use fast Ethernet for reliable connectivity,admission,,
Does the campus provide Ethernet access?,Ethernet is available in labs and key facilities,admission,,
Can Ethernet be used for lab experiments?,Ethernet enables efficient research data sharing,admission,,
Is wired connectivity offered in facilities?,Academic buildings have seamless Ethernet access,admission,,
Does Ethernet support group work in labs?,Fast Ethernet hubs ensure smooth collaborative projects,admission,,
Is wired networking faster than WiFi?,Ethernet offers stable high-speed access in labs,admission,,
Can I use Ethernet for online resources?,Lab Ethernet provides reliable academic resource access,admission,,
Are there Ethernet ports in study spaces?,Limited Ethernet ports serve as WiFi backup in study areas,admission,,
Is Ethernet secure for lab data?,Ethernet networks ensure secure data transfers in labs,admission,,
How do I use Ethernet in lab settings?,Connect using Ethernet cables provided in labs,admission,,
Is the wired network regularly maintained?,Ethernet systems are updated every 2 years for performance,admission,,
Does Ethernet support intensive research?,Ethernet hubs are designed for high-bandwidth research,admission,,
Are campus networks reliable?,WiFi and Ethernet offer 99.9% uptime with monitoring,admission,,
Can all students use campus WiFi?,Full WiFi access is provided to every student,admission,,
Is wireless internet open to students?,High-speed WiFi is available to all enrolled students,admission,,
How do I access WiFi as a new student?,WiFi credentials are provided during orientation,admission,,
Is WiFi available across all campus locations?,24/7 WiFi covers all buildings and outdoor spaces,admission,,
Is WiFi free for students?,Campus-wide WiFi is free for all students,admission,,
Is WiFi consistent in dorm rooms?,Dorms have high-density WiFi for dependable access,admission,,
What’s the WiFi speed in study areas?,WiFi provides 100Mbps down/50Mbps up campus-wide,admission,,
Can WiFi handle online class streaming?,WiFi supports high-bandwidth lecture streaming,admission,,
Is the WiFi network safe for quizzes?,Academic WiFi has enhanced security for assessments,admission,,
How can I resolve WiFi issues?,"IT support is available via phone, email, or kiosks",admission,,
Is student WiFi usage limited?,No data limits - unlimited WiFi for academic tasks,admission,,
What devices are compatible with WiFi?,Any device with WiFi can connect using student IDs,admission,,
Does WiFi work in programming labs?,Labs feature WiFi optimized for technical applications,admission,,
Is library WiFi fast for research?,Library WiFi provides premium bandwidth for research,admission,,
Can I get WiFi in campus green spaces?,Outdoor areas have dedicated WiFi coverage,admission,,
Does the institute support eduroam WiFi?,We’re integrated with the global eduroam network,admission,,
How do I get WiFi before starting classes?,IT department can arrange early WiFi access,admission,,
Is WiFi reliable during campus festivals?,Event spaces have enhanced WiFi with boosters,admission,,
Can WiFi support group assignments?,WiFi enables smooth communication for team projects,admission,,
Is wired internet available in labs?,Labs use fast Ethernet hubs for connectivity,admission,,
Does the school offer wired networking?,Fast Ethernet is provided in labs and facilities,admission,,
Can I use Ethernet for lab projects?,Ethernet supports efficient research and data sharing,admission,,
Is Ethernet available in academic halls?,All academic buildings have reliable Ethernet access,admission,,
How does wired networking aid teamwork?,Ethernet hubs enable seamless lab collaboration,admission,,
Is Ethernet more dependable than WiFi?,Ethernet ensures consistent high-speed lab access,admission,,
Can Ethernet access online databases?,Lab Ethernet offers reliable academic resource access,admission,,
Are there wired ports in study rooms?,Study areas have limited Ethernet as WiFi backup,admission,,
Is wired networking safe for data?,Ethernet provides secure data transfers in facilities,admission,,
How do I set up Ethernet in labs?,Use lab-provided Ethernet cables with your device,admission,,
Is the Ethernet system kept up-to-date?,Ethernet infrastructure is refreshed every 2 years,admission,,
Can Ethernet handle research data loads?,Ethernet hubs support high-bandwidth research tasks,admission,,
Is campus networking dependable?,WiFi and Ethernet maintain 99.9% uptime,admission,,
Can students connect to WiFi campus-wide?,All students have WiFi access across the entire campus,admission,,
Is wireless networking provided for students?,High-speed WiFi is available for all enrolled students,admission,,
How do students get WiFi access?,You’ll receive WiFi login details at orientation,admission,,
Does WiFi cover all campus facilities?,WiFi is available 24/7 in all buildings and quads,admission,,
Is WiFi included in student services?,Free high-speed WiFi is provided to all students,admission,,
Is WiFi strong in student residences?,Dormitories have robust WiFi access points,admission,,
What’s the WiFi performance in classrooms?,WiFi offers 100Mbps download/50Mbps upload speeds,admission,,
Is BIIT considered part of Arid University?,"Academically, yes.",affiliation,,
Who verifies BIIT final marksheets?,Arid University does.,affiliation,,
Who oversees BIIT quality assurance?,Arid ensures academic quality.,affiliation,,
Was BIIT�s affiliation documented officially?,"Yes, it�s officially recognized.",affiliation,,
Who maintains BIIT students' academic records?,Records are kept by Arid.,affiliation,,
Can BIIT degrees be verified through Arid?,"Yes, verification is done at Arid.",affiliation,,
Is BIIT treated equally in academic awards?,"Yes, students are equally recognized.",affiliation,,
Are BIIT rules and policies set by Arid?,"Yes, academic policies are aligned.",affiliation,,
Is BIIT considered a campus of Arid?,"No, it�s affiliated, not a campus.",affiliation,,
Can BIIT students access Arid's library?,"No, but they follow same syllabi.",affiliation,,
Are Arid faculty involved at BIIT?,"No, BIIT has its own faculty.",affiliation,,
Is the BIIT seal different from Arid�s?,"Yes, but the degree bears Arid's seal.",affiliation,,
Do BIIT and Arid follow same grading scale?,"Yes, they use the same scale.",affiliation,,
Does Arid include BIIT students in rankings?,"Yes, if applicable.",affiliation,,
Can BIIT students apply for Arid-based scholarships?,Only if specified by Arid.,affiliation,,
Does BIIT operate under Arid�s regulations?,"Yes, for academics.",affiliation,,
Are BIIT�s academic reviews done by Arid?,"Yes, periodically.",affiliation,,
Is Arid�s logo on BIIT degree?,"Yes, as it is the awarding body.",affiliation,,
Are BIIT students eligible for Arid gold medals?,"Yes, based on performance.",affiliation,,
Does BIIT have its own exam board?,"No, it uses Arid�s board.",affiliation,,
Is Arid responsible for BIIT�s accreditation?,"Yes, through affiliation.",affiliation,,
Are BIIT�s labs maintained by Arid?,"No, BIIT manages its own facilities.",affiliation,,
Does Arid provide academic calendars to BIIT?,"Yes, or they follow Arid�s version.",affiliation,,
Do BIIT courses mirror Arid�s offerings?,"Yes, they follow the same curriculum.",affiliation,,
Was BIIT affiliation due to curriculum alignment?,"Yes, partially.",affiliation,,
Is BIIT bound by Arid�s GPA policy?,"Yes, a 2.5 GPA minimum applies.",affiliation,,
Who finalizes BIIT exam results?,Arid University confirms the results.,affiliation,,
Are BIIT program changes approved by Arid?,"Yes, all changes are approved.",affiliation,,
Do BIIT students receive Arid IDs?,"Yes, student records are linked.",affiliation,,
Can Arid cancel BIIT affiliation?,Only through official procedures.,affiliation,,
Are BIIT certificates co-signed by Arid?,"Yes, they include Arid�s signature.",affiliation,,
Do BIIT students follow Arid�s convocation rules?,"Yes, the same rules apply.",affiliation,,
Was BIIT ever independent?,"It was joint initially, now affiliated.",affiliation,,
Are BIIT admissions influenced by Arid?,"No, BIIT admits independently.",affiliation,,
Is BIIT located inside Arid University?,"Yes, but operates separately.",affiliation,,
Was BIIT�s shift to affiliation recommended?,"Yes, by HEC and government.",affiliation,,
Are BIIT graduates recorded in Arid alumni lists?,"Yes, they are listed.",affiliation,,
Is Arid liable for BIIT�s academic integrity?,"Yes, as per affiliation terms.",affiliation,,
Why choose BIIT for my studies?,BIIT offers quality education in IT and computer science.,admission,,
What makes BIIT a good choice for admission?,Its strong academic curriculum makes it a great choice.,admission,,
Is BIIT a good institute to join?,"Yes, BIIT is a reputable institute with experienced faculty.",admission,,
Why should I enroll in BIIT?,Because BIIT provides both knowledge and skills for your career.,admission,,
What's the benefit of studying at BIIT?,You gain industry-relevant IT education and hands-on practice.,admission,,
Why is BIIT a recommended option?,It�s recommended for its performance and student success.,admission,,
Should I apply to BIIT?,"Yes, applying to BIIT is a smart academic move.",admission,,
What are the advantages of taking admission in BIIT?,"BIIT offers scholarships, skilled faculty, and practical labs.",admission,,
Why do students prefer BIIT?,Due to its affordable fee and HEC-recognized degree.,admission,,
Is it worth taking admission in BIIT?,"Yes, the learning environment and support are worth it.",admission,,
What makes BIIT better than others?,BIIT blends theory with real-world application better.,admission,,
Why is BIIT a good institute?,It�s a good institute with solid academic structure.,admission,,
Why consider BIIT for BSCS?,It follows the latest NCRC curriculum for BSCS.,admission,,
What�s special about BIIT?,BIIT focuses on practical IT education and job readiness.,admission,,
What are the reasons to study at BIIT?,"Strong faculty, modern labs, and industry exposure.",admission,,
Should I join BIIT for my bachelor's degree?,"Yes, BIIT is a good place to pursue your BS degree.",admission,,
What�s good about BIIT?,"The faculty, fee structure, and outcomes are good.",admission,,
Why is BIIT worth considering?,It�s known for producing job-ready graduates.,admission,,
Why go for BIIT instead of other institutes?,BIIT gives more practical exposure than many.,admission,,
Is BIIT a smart choice for admission?,"Yes, it�s a smart and budget-friendly decision.",admission,,
Why would someone take admission in BIIT?,"For quality education, affordability, and reputation.",admission,,
What makes BIIT stand out?,BIIT stands out for consistent academic quality.,admission,,
What benefits does BIIT offer to students?,"BIIT offers hands-on labs, internships, and guidance.",admission,,
Is BIIT a reputable place to study?,"Yes, BIIT has a respected name in IT education.",admission,,
What are the perks of joining BIIT?,"Scholarships, practical courses, and active mentoring.",admission,,
What makes BIIT a solid academic choice?,The curriculum is up to date with industry needs.,admission,,
Why do students pick BIIT?,BIIT�s outcomes and value attract many students.,admission,,
Should I get enrolled at BIIT?,"Yes, it�s a wise enrollment choice for IT.",admission,,
What�s the attraction of BIIT?,Its focus on job market skills is a key draw.,admission,,
Why is BIIT a popular institute?,It�s popular for being affordable and reliable.,admission,,
Is BIIT a good option for BSCS?,"Yes, it�s a good option for BSCS studies.",admission,,
Why should students apply to BIIT?,It offers relevant education with career growth.,admission,,
Why is BIIT preferred by many students?,Due to its teaching methods and academic support.,admission,,
What�s the value of a degree from BIIT?,A degree from BIIT opens job and PG options.,admission,,
What motivates students to take admission in BIIT?,"Its labs, results, and teaching methods motivate them.",admission,,
How does BIIT benefit its students?,By offering quality lectures and practical learning.,admission,,
Why should I consider BIIT over others?,BIIT offers better value and support systems.,admission,,
Is it beneficial to study at BIIT?,"Yes, it builds both knowledge and technical skills.",admission,,
Why is BIIT a trusted name?,Years of performance make it a trusted name.,admission,,
What�s the reputation of BIIT?,BIIT is recognized for discipline and quality.,admission,,
Why is BIIT a top choice for computer science?,BIIT offers updated curriculum and experienced faculty.,admission,,
Why consider BIIT for higher education?,It provides quality education with affordable fees.,admission,,
What makes BIIT suitable for IT studies?,Practical labs and industry-relevant courses make it suitable.,admission,,
Why should I select BIIT over other institutes?,BIIT combines theory with practical exposure effectively.,admission,,
Why take admission in BIIT for a better future?,It prepares students well for job market demands.,admission,,
What are the key features of BIIT admission?,"Scholarships, modern facilities, and HEC affiliation.",admission,,
Why is BIIT�s curriculum recommended?,The curriculum matches current industry standards.,admission,,
Why do students trust BIIT?,Consistent results and good faculty build trust.,admission,,
Why choose BIIT for your degree?,It offers recognized degrees with strong practical focus.,admission,,
What�s the advantage of BIIT�s teaching approach?,Focus on hands-on projects and labs.,admission,,
Why is BIIT known for quality education?,Regular updates to syllabus and skilled instructors.,admission,,
Why prefer BIIT for BSCS?,BSCS program follows NCRC-approved curriculum.,admission,,
Why should I take admission at BIIT now?,Early admission ensures scholarship eligibility.,admission,,
What makes BIIT stand out academically?,Balanced theory and practical work.,admission,,
Why do students recommend BIIT?,Positive alumni feedback and job placements.,admission,,
Why is BIIT a reliable institute?,Transparent policies and qualified staff.,admission,,
Why is BIIT good for career growth?,Internships and job-oriented training available.,admission,,
Why choose BIIT for a technical degree?,BIIT emphasizes skills alongside theory.,admission,,
Why is BIIT popular among local students?,Affordable fees and good results attract local students.,admission,,
What benefits do BIIT students get?,"Access to labs, scholarships, and career guidance.",admission,,
Why is BIIT a preferred choice for IT students?,Updated courses and practical labs for IT careers.,admission,,
Why take admission at BIIT for IT education?,BIIT�s focus is on modern IT skills development.,admission,,
What makes BIIT a standout IT institute?,Collaboration with industry professionals.,admission,,
Why is BIIT admission competitive?,High demand due to quality and affordable education.,admission,,
What do students achieve at BIIT?,Solid knowledge and industry-ready skills.,admission,,
Why should I trust BIIT�s education?,BIIT is recognized by HEC and follows NCRC guidelines.,admission,,
Why join BIIT for a bachelor�s degree?,Comprehensive BSCS program with practical experience.,admission,,
Why is BIIT good for international standards?,Curriculum aligned with international standards.,admission,,
Why is BIIT admission process simple?,Transparent and straightforward admission criteria.,admission,,
Why choose BIIT for experienced faculty?,Faculty includes industry experts and qualified professors.,admission,,
Why is BIIT a smart investment?,Affordable fees with quality education.,admission,,
Why choose BIIT for scholarships?,Merit and need-based scholarships available.,admission,,
Why is BIIT popular among IT students?,Focus on latest technologies and practical training.,admission,,
Why is BIIT a leader in IT education?,Constant syllabus updates and expert instructors.,admission,,
Why is BIIT suitable for career-oriented studies?,Emphasis on employability skills and internships.,admission,,
Why do many students apply to BIIT?,Good reputation and scholarship opportunities.,admission,,
Why is BIIT a choice for quality learning?,Student-centered teaching and modern labs.,admission,,
Why take admission in BIIT for computer science?,Strong foundation and job-oriented training.,admission,,
Why choose BIIT for affordable education?,Competitive fees with quality programs.,admission,,
Why is BIIT good for practical knowledge?,Practical labs and real-world projects included.,admission,,
Why is BIIT trusted by students?,Positive student feedback and strong alumni network.,admission,,
Why is BIIT a recommended IT institute?,Comprehensive curriculum and experienced faculty.,admission,,
Why is BIIT a top IT education provider?,Industry-relevant courses and practical learning focus.,admission,,
Why should I apply to BIIT now?,Early admission opens scholarship chances.,admission,,
Why do employers value BIIT graduates?,Graduates have practical skills and strong theoretical base.,admission,,
Why choose BIIT for modern IT education?,Regular syllabus revisions and industry input.,admission,,
Why is BIIT a preferred institute for students?,Good campus environment and student support.,admission,,
Why is BIIT admission process easy?,Clear guidelines and online application options.,admission,,
Why is BIIT a good place for IT students?,Access to latest tools and software.,admission,,
Why is BIIT affordable yet quality focused?,Balances cost with educational standards.,admission,,
Why is BIIT known for student success?,High pass rates and placement records.,admission,,
Why is BIIT admission worth it?,Degree recognized by HEC and industry.,admission,,
Why choose BIIT for a strong career start?,Career counseling and internship opportunities provided.,admission,,
Why is BIIT good for technical degrees?,Up-to-date curriculum and lab facilities.,admission,,
Why should I study at BIIT?,Focus on skill-building and employability.,admission,,
Why is BIIT a great place for computer science?,Experienced faculty and comprehensive labs.,admission,,
Why does BIIT attract students?,Scholarships and affordable fees attract many students.,admission,,
Why is BIIT admission competitive?,High demand due to quality and value.,admission,,
Why is BIIT a safe choice for students?,Transparent policies and good academic support.,admission,,
Why do students prefer BIIT over others?,Practical approach and friendly environment.,admission,,
Why choose BIIT for career development?,Training and workshops support career growth.,admission,,
Why is BIIT good for BSCS students?,The BSCS program is updated and relevant.,admission,,
Why take admission at BIIT today?,Early admission ensures seat and scholarships.,admission,,
Why do many IT students recommend BIIT?,Balanced academics and industry readiness.,admission,,
Why is BIIT a recognized institute?,Affiliated with recognized bodies and accredited.,admission,,
Why is BIIT practical and theory balanced?,Courses include labs and theoretical knowledge.,admission,,
Why is BIIT a quality education provider?,Experienced faculty and modern resources.,admission,,
Why is BIIT admission a good decision?,Provides a strong foundation and career pathways.,admission,,
Why should I choose BIIT for computer education?,Emphasis on latest tech and skill development.,admission,,
Why is BIIT a respected name in IT?,Consistent quality and good results.,admission,,
Why choose BIIT for affordable study?,Low fees with scholarships make it affordable.,admission,,
Why is BIIT an excellent learning center?,Supportive staff and hands-on training.,admission,,
Why is BIIT a smart choice for BSCS?,Updated curriculum and practical labs included.,admission,,
Why is BIIT good for international recognition?,Curriculum aligns with global standards.,admission,,
Why is BIIT admission popular?,Affordable fees and quality education attract applicants.,admission,,
Why should I join BIIT for IT?,Strong focus on employable skills and knowledge.,admission,,
Why is BIIT the right place for computer science?,Practical experience and skilled instructors.,admission,,
Why is BIIT admission recommended?,Simple process with clear criteria.,admission,,
Why do students succeed at BIIT?,Good teaching and learning resources.,admission,,
Why is BIIT a choice for affordable quality?,Balances cost and educational quality well.,admission,,
Why is BIIT popular with local students?,Convenient location and affordable fees.,admission,,
Why is BIIT a leading IT institute?,Industry-oriented curriculum and updated technology.,admission,,
Why is BIIT a good option for bachelor�s degrees?,Strong BSCS program and good facilities.,admission,,
Why choose BIIT for your future career?,Career counseling and internships available.,admission,,
Why is BIIT admission fair?,Transparent admission criteria and merit-based.,admission,,
Why do many trust BIIT for education?,Years of experience and good results.,admission,,
Why is BIIT a smart investment for education?,Quality education at an affordable price.,admission,,
Why choose BIIT for practical learning?,Focus on hands-on experience and labs.,admission,,
Why is BIIT a top institute for IT students?,Latest syllabus and good faculty.,admission,,
Why is BIIT good for IT degree programs?,Relevant courses and practical training.,admission,,
Why should I consider BIIT?,Offers good career prospects and education quality.,admission,,
Why is BIIT admission helpful for students?,Scholarships and learning support available.,admission,,
Why is BIIT well-known in IT education?,Consistently good academic and placement records.,admission,,
Why choose BIIT for your computer studies?,Strong practical and theoretical balance.,admission,,
Why is BIIT a popular choice among students?,Affordable and effective education.,admission,,
Why take admission at BIIT now?,Secure your seat early and apply for scholarships.,admission,,
Why is BIIT a trusted educational institute?,Good reputation and accreditation.,admission,,
Why choose BIIT for updated education?,Curriculum regularly revised for industry needs.,admission,,
Why is BIIT admission recommended by seniors?,Positive experiences and outcomes shared.,admission,,
Why is BIIT a great learning place?,Friendly environment and skilled teachers.,admission,,
Why do students recommend BIIT?,Good academic support and practical focus.,admission,,
Why is BIIT a strong candidate for IT studies?,Experienced faculty and modern resources.,admission,,
Why choose BIIT for career-focused education?,Career counseling and placement support provided.,admission,,
Why is BIIT a top pick for BSCS students?,Updated syllabus and practical exposure.,admission,,
Why is BIIT a reliable place for computer education?,Transparent policies and quality teaching.,admission,,
Why should I pick BIIT?,Affordable fees with quality education.,admission,,
Why is BIIT popular among students?,Scholarships and good results attract many.,admission,,
Why is BIIT a smart admission choice?,Quality education with affordable fees.,admission,,
Why choose BIIT for your bachelor�s degree?,Strong academic curriculum and practical training.,admission,,
Why is BIIT admission easy?,Clear and straightforward process.,admission,,
Why is BIIT the right institute for IT education?,Curriculum aligned with market demands.,admission,,
Why is BIIT a trusted choice?,Good faculty and positive alumni network.,admission,,
Why should I study at BIIT?,Focus on skills and employability.,admission,,
Why is BIIT good for BSCS?,Latest curriculum and practical labs.,admission,,
Why choose BIIT for a career in IT?,Emphasis on hands-on training and internships.,admission,,
Why is BIIT a good place to study computer science?,Experienced teachers and practical learning.,admission,,
Why take admission in BIIT?,Quality education and affordable fees.,admission,,
Why is BIIT an ideal institute for IT?,Focus on latest technologies and industry needs.,admission,,
Why choose BIIT for degree programs?,Recognized degrees and updated syllabus.,admission,,
Why is BIIT a smart option for students?,Scholarships and quality education combined.,admission,,
Why is BIIT admission popular?,Affordable and recognized institute.,admission,,
Why do students prefer BIIT?,Practical learning and good career support.,admission,,
Why is BIIT a good institute to join?,Strong academics and good infrastructure.,admission,,
Why is BIIT admission beneficial?,Scholarship opportunities and quality teaching.,admission,,
Why choose BIIT for computer studies?,Strong focus on practical skills.,admission,,
Why is BIIT a respected name?,Consistent quality and student success.,admission,,
Why is BIIT a good educational investment?,Affordable fees and strong outcomes.,admission,,
Why do students recommend BIIT?,Good results and supportive staff.,admission,,
Why is BIIT good for practical training?,Labs and projects included in curriculum.,admission,,
Why should I choose BIIT for IT?,Relevant syllabus and job-oriented training.,admission,,
Why is BIIT a popular institute?,Good reputation and affordable education.,admission,,
Why is BIIT admission simple?,Transparent process and clear instructions.,admission,,
Why choose BIIT for a bachelor�s degree?,Updated curriculum and practical learning.,admission,,
Why is BIIT a trusted institute for IT?,Recognized degrees and experienced faculty.,admission,,
Why take admission at BIIT?,Good career prospects and affordable fees.,admission,,
Why is BIIT a good place for IT students?,Focus on skills and employability.,admission,,
Why is BIIT known for quality education?,Skilled faculty and updated courses.,admission,,
Why choose BIIT for career growth?,Internships and placement support.,admission,,
Why is BIIT admission recommended?,Good academic standards and scholarship availability.,admission,,
Why is BIIT a top choice for BSCS?,Comprehensive program and practical training.,admission,,
Why do students trust BIIT?,Consistent results and support.,admission,,
Why choose BIIT for modern education?,Curriculum aligned with industry trends.,admission,,
Why is BIIT a smart choice for students?,Affordable fees and good learning environment.,admission,,
Why should I join BIIT for computer science?,Focus on hands-on skills and theory.,admission,,
Why is BIIT a good option for IT degrees?,Practical labs and updated syllabus.,admission,,
Why is BIIT popular for admission?,Scholarships and quality teaching attract students.,admission,,
Why is BIIT a strong institute?,Balanced academics and practical learning.,admission,,
Why take admission at BIIT today?,Early application ensures seat and scholarships.,admission,,
Why do many choose BIIT?,"Affordable, reputable, and career-focused.",admission,,
Why is BIIT a reliable place to study?,Experienced faculty and good infrastructure.,admission,,
Why choose BIIT for a bachelor�s degree?,Strong curriculum and practical labs.,admission,,
Why is BIIT admission beneficial for students?,Scholarships and quality teaching provided.,admission,,
Why is BIIT a great institute for IT?,Industry-relevant syllabus and practical approach.,admission,,
Why do students pick BIIT?,Positive reputation and scholarship options.,admission,,
Why is BIIT a smart education choice?,Affordable fees and skill-focused teaching.,admission,,
Why choose BIIT for computer science education?,Updated curriculum and labs.,admission,,
Why choose BIIT for your IT education?,BIIT offers updated courses and practical training.,admission,,
Why is BIIT a great option for computer science?,Experienced faculty and hands-on labs.,admission,,
Why should I consider BIIT for higher studies?,Affordable fees with quality education.,admission,,
Why is BIIT admission a good decision?,Recognized degree and skilled instructors.,admission,,
Why select BIIT over other universities?,Focus on practical skills and career readiness.,admission,,
Why is BIIT good for technical education?,Modern labs and relevant syllabus.,admission,,
Why take admission in BIIT for a bright future?,Strong industry connections and internships.,admission,,
Why do many students prefer BIIT?,Scholarships and student support services.,admission,,
Why is BIIT a reliable institute?,Transparent policies and experienced faculty.,admission,,
Why choose BIIT for your bachelor�s degree?,HEC-recognized degree and practical focus.,admission,,
Why is BIIT popular among IT students?,Emphasis on latest technology and real-world skills.,admission,,
Why should I apply to BIIT now?,Early admission increases scholarship chances.,admission,,
Why is BIIT a top institute for computer science?,Balanced theory and practice approach.,admission,,
Why do employers trust BIIT graduates?,Graduates have strong technical and practical skills.,admission,,
Why choose BIIT for skill development?,Workshops and labs enhance learning experience.,admission,,
Why is BIIT good for career preparation?,Career counseling and placement support.,admission,,
Why is BIIT admission straightforward?,Clear process and merit-based criteria.,admission,,
Why should I join BIIT for IT studies?,Practical projects and expert faculty.,admission,,
Why is BIIT a smart investment?,Quality education at affordable fees.,admission,,
Why is BIIT known for quality education?,Experienced instructors and updated curriculum.,admission,,
Why choose BIIT for your computer science degree?,Strong academic program and lab facilities.,admission,,
Why is BIIT a preferred choice for IT education?,Industry-aligned syllabus and practical training.,admission,,
Why do students recommend BIIT?,Positive learning environment and support.,admission,,
Why is BIIT good for international standards?,Curriculum aligned with global IT standards.,admission,,
Why take admission at BIIT today?,Secure your seat and scholarships early.,admission,,
Why is BIIT popular for scholarships?,Merit and need-based scholarships available.,admission,,
Why choose BIIT for hands-on learning?,Extensive lab work and projects.,admission,,
Why is BIIT admission competitive?,High demand due to quality and affordability.,admission,,
Why is BIIT good for BSCS students?,Updated syllabus and practical approach.,admission,,
Why do many students choose BIIT?,Affordable fees and recognized degree.,admission,,
Why is BIIT a safe choice for education?,Transparent policies and student support.,admission,,
Why should I consider BIIT for my degree?,Comprehensive program and skilled faculty.,admission,,
Why is BIIT a leader in IT education?,Regular curriculum updates and industry focus.,admission,,
Why is BIIT admission valuable?,Recognized degree and career services.,admission,,
Why choose BIIT for bachelor�s studies?,Strong foundation and practical experience.,admission,,
Why do students trust BIIT�s teaching?,Qualified faculty and modern resources.,admission,,
Why is BIIT affordable and quality-focused?,Competitive fees with strong academic standards.,admission,,
Why is BIIT popular locally?,Convenient location and fee structure.,admission,,
Why is BIIT recommended for IT degrees?,Industry-relevant syllabus and training.,admission,,
Why is BIIT admission process easy?,Transparent criteria and guidance.,admission,,
Why is BIIT a top choice for students?,Scholarships and positive learning environment.,admission,,
Why choose BIIT for career-oriented education?,Internship and placement assistance.,admission,,
Why is BIIT good for technical degrees?,Updated curriculum and lab access.,admission,,
Why should I study at BIIT?,Focus on employability skills.,admission,,
Why is BIIT a great institute for computer science?,Experienced professors and practical labs.,admission,,
Why is BIIT a preferred institute for IT students?,Practical knowledge and career support.,admission,,
Why take admission at BIIT?,Affordable fees and recognized degree.,admission,,
Why is BIIT suitable for career growth?,Internship and training programs.,admission,,
Why is BIIT a popular institute for admission?,Scholarships and academic quality.,admission,,
Why choose BIIT for practical knowledge?,Hands-on labs and projects.,admission,,
Why do students succeed at BIIT?,Supportive faculty and good facilities.,admission,,
What is the institute’s ranking/reputation in education?,"BIIT is recognized for quality IT education, affiliated with PMAS Arid Agriculture University, and follows HEC standards, though specific global rankings are not widely published.",admission,,
What is the student-teacher ratio?,"The exact student-teacher ratio is not specified, but BIIT maintains small class sizes to ensure personalized attention, typical for IT-focused institutes.",admission,,
How qualified and experienced are the faculty members?,"BIIT’s faculty includes PhD and MS holders from reputable institutions like PMAS-AAUR, with industry and teaching experience in computer science and software engineering.",admission,,
What is the teaching methodology (practical vs. theoretical focus)?,"BIIT emphasizes a balanced approach with theoretical lectures and practical training through eight advanced computer labs, including one research lab.",admission,,
"Does the institute provide industry exposure, internships, or research opportunities?","BIIT collaborates with IT companies for internships, industry projects, and guest lectures, and encourages research through DLD exhibitions and a dedicated research lab.",admission,,
"What are the academic resources available (labs, library, e-learning)?","BIIT offers eight modern computer labs, a research lab, a library with IT resources, and e-learning support via a student portal for course materials.",admission,,
How does the institute support slow learners or advanced students?,"BIIT provides remedial classes for slow learners and advanced projects for high achievers, with faculty mentoring to address individual needs.",admission,,
What is the exam and grading system?,"BIIT uses a semester-based exam system with a 4.0 GPA scale, requiring a minimum 2.5 CGPA to graduate, with options to repeat failed courses.",admission,,
"How is the campus environment (Wi-Fi, classrooms, medical facilities)?","BIIT’s campus features Wi-Fi, air-conditioned classrooms with modern tech, and basic medical facilities for emergencies.",admission,,
Are there cafeterias or food courts with hygienic food?,"BIIT has a cafeteria offering hygienic food, though specific details on variety or taste are not provided.",admission,,
"Is the campus safe (CCTV, security guards, anti-ragging policies)?","BIIT ensures safety with CCTV, security guards, and strict anti-ragging policies enforced by a disciplinary committee.",admission,,
"What clubs, societies, and cultural events are organized?","BIIT organizes coding clubs, cultural events like Pakistan Day, and tech events like DLD exhibitions, fostering student engagement.",admission,,
"Are there opportunities for participation in competitions (hackathons, debates, sports)?","BIIT encourages participation in hackathons, tech competitions, and cultural events, with limited details on sports or debates.",admission,,
How is the student diversity (regional/international)?,"BIIT attracts students primarily from Pakistan, with limited international diversity due to its regional focus.",admission,,
What is the alumni network like?,"BIIT’s alumni network is growing, with graduates in IT industries, though specific networking events are not detailed.",admission,,
Does the institute have tie-ups with banks for education loans?,"No specific bank tie-ups are mentioned, but BIIT’s scholarship office may guide students on education loan options.",admission,,
"Are there any hidden charges (development fees, exam fees, etc.)?","BIIT may charge exam, library, and lab fees, but all fees are transparently listed in the fee structure on the website.",admission,,
What is the refund policy if a student withdraws?,"BIIT’s refund policy depends on withdrawal timing, with partial refunds possible if done early, per university regulations.",admission,,
How does the institute handle student grievances?,"BIIT has a grievance committee to address academic and personal issues, with a formal process for complaints.",admission,,
Is there a mentorship or counseling system for students?,"BIIT offers faculty mentoring and counseling for academic and career guidance, supporting student development.",admission,,
What are the rules regarding attendance and discipline?,BIIT requires <attendancepercent> attendance per semester and enforces strict discipline via a committee.,admission,,
Does the institute support part-time jobs or freelancing?,"BIIT allows part-time jobs or freelancing if they don’t conflict with academic schedules, with no formal support program.",admission,,
Is the curriculum updated with industry trends and global standards?,"BIIT’s curriculum is regularly updated per HEC and NCRC guidelines, aligning with IT industry trends and global standards.",admission,,
Does the institute follow a semester/trimester/annual exam system?,"BIIT follows a semester-based exam system, with two semesters per academic year.",admission,,
"Are there options for dual degrees, online certifications, or credit transfers?",BIIT allows credit transfers (up to 6 hours from approved diplomas) but does not offer dual degrees or online certifications.,admission,,
"How flexible is the course structure (choice-based credit system, minors, etc.)?","BIIT’s course structure is semi-flexible, with specializations in General Computing and AI, but no choice-based credit system or minors.",admission,,
Are there bridge courses for students from different educational backgrounds?,BIIT offers remedial classes but no specific bridge courses for diverse educational backgrounds.,admission,,
Does the institute offer remedial classes for weak students?,"Yes, BIIT provides remedial classes to support weak students in core IT subjects.",admission,,
What is the medium of instruction (English/regional language)?,"The medium of instruction at BIIT is English, standard for IT education.",admission,,
"Are there guest lectures, workshops, or industry expert sessions?","BIIT hosts guest lectures, workshops, and industry expert sessions to enhance practical learning.",admission,,
What is the policy for medical leave or emergencies?,"BIIT grants medical leave with proper documentation, reviewed by the administration.",admission,,
What is the attrition rate of faculty (do teachers frequently leave)?,"Faculty attrition rate is not specified, but BIIT maintains a stable team of qualified professors.",admission,,
Are professors approachable for doubt-solving beyond class hours?,"BIIT’s faculty is approachable for doubt-solving after classes, with dedicated office hours.",admission,,
Does the institute hire visiting/adjunct faculty from industries?,BIIT employs visiting faculty and industry experts for guest lectures and workshops.,admission,,
How are faculty performance and feedback evaluated?,"Faculty performance is evaluated via student feedback and academic reviews, per HEC standards.",admission,,
Is there a mentorship system where each student is assigned a guide?,"Yes, BIIT assigns faculty mentors to guide students academically and professionally.",admission,,
"Are there additional charges (library deposit, lab fees, ID card fees, etc.)?","BIIT charges library, lab, and exam fees, transparently listed in the fee structure.",admission,,
"Does the fee increase yearly? If yes, by what percentage?","Fee increases may occur, typically 5-10% annually, based on inflation and institute policy.",admission,,
Are there penalties for late fee payments?,"BIIT imposes penalties for late fee payments, detailed in the fee policy on the website.",admission,,
What is the refund policy if a student drops out mid-semester?,"Mid-semester dropouts may receive partial refunds, subject to BIIT’s withdrawal policy.",admission,,
Are there donations or capitation fees (especially in private institutes)?,"BIIT, as a self-financed institute, does not charge capitation fees; all fees are transparent.",admission,,
"Does the institute guarantee internships, or do students have to find their own?","BIIT facilitates internships through industry partnerships, but students may need to apply independently.",admission,,
Are there MOUs with companies for live projects and training?,"BIIT has MOUs with IT companies for projects, training, and internships.",admission,,
What is the stipend range for internships?,"Internship stipends vary, typically PKR 10,000-30,000/month, depending on the company.",admission,,
Does the college help in getting international internships?,"BIIT has limited support for international internships, focusing on local IT industry ties.",admission,,
Are there mandatory summer/winter internships as part of the curriculum?,"Internships are encouraged but not mandatory, integrated into project-based courses.",admission,,
What is the lowest and highest package offered in recent years?,"Placement packages range from PKR 30,000 to 100,000/month, based on industry norms.",admission,,
How many companies visit for off-campus drives?,BIIT hosts 10-15 companies annually for off-campus placement drives.,admission,,
Are there startup incubation centers for entrepreneurship support?,BIIT lacks a dedicated startup incubation center but supports entrepreneurial projects.,admission,,
Does the institute provide soft skills and interview training?,BIIT offers workshops on soft skills and interview preparation for placements.,admission,,
What happens if a student doesn’t get placed? Is there extra support?,BIIT provides additional career counseling and job search support for unplaced students.,admission,,
How often are parent-teacher meetings conducted?,Parent-teacher meetings are held once per semester or as needed.,admission,,
How can parents track their child’s progress?,Parents can track progress via BIIT’s student portal or direct faculty communication.,admission,,
What measures are in place for student safety and mental health?,"BIIT ensures safety with CCTV and guards, and offers counseling for mental health.",admission,,
Is the institute co-educational?,"Yes, BIIT is co-educational, promoting an inclusive learning environment.",admission,,
Is there a strict anti-ragging policy? How is it enforced?,"BIIT has a strict anti-ragging policy, enforced by a disciplinary committee with penalties.",admission,,
"Are there CCTV cameras in classrooms, hostels, and common areas?",CCTV cameras are installed in common areas and classrooms for safety; hostels may vary.,admission,,
"What is the gender ratio, and how inclusive is the campus?","The gender ratio is balanced, and BIIT promotes inclusivity for all students.",admission,,
How does the institute handle cases of harassment or bullying?,BIIT has a grievance committee to investigate and address harassment or bullying.,admission,,
Are drugs and alcohol strictly prohibited? What are the consequences?,Drugs and alcohol are prohibited; violations lead to disciplinary action or expulsion.,admission,,
Is the cafeteria food tasty?,BIIT’s cafeteria offers hygienic food; taste varies but is generally satisfactory.,admission,,
Do students wear uniforms here?,"BIIT does not require uniforms, allowing modest casual attire.",admission,,
Can I bring my pet if I stay in the hostel?,Pets are not allowed in BIIT hostels due to hygiene and safety policies.,admission,,
Is there air conditioning in every classroom?,Most BIIT classrooms are air-conditioned for a comfortable learning environment.,admission,,
Do we get free Wi-Fi for social media?,"BIIT provides free Wi-Fi for academic purposes, with restrictions on social media.",admission,,
Are there any famous students or celebrities from this institute?,"BIIT’s alumni work in IT industries, but no widely known celebrities are documented.",admission,,
Can I leave campus anytime I want?,"Students can leave campus during non-class hours with permission, per hostel rules.",admission,,
What color is the classroom furniture?,"Classroom furniture is typically neutral (e.g., wood or grey), designed for functionality.",admission,,
Are teachers strict or friendly?,"BIIT faculty is friendly yet professional, balancing approachability with discipline.",admission,,
Can I use my phone during lectures?,"Phone use during lectures is restricted to maintain focus, except for academic purposes.",admission,,
How often do we get holidays or class off days?,BIIT follows a standard academic calendar with holidays per HEC and national schedules.,admission,,
Is attendance taken seriously or can I skip?,"Attendance is mandatory at <attendancepercent>, with strict monitoring by faculty.",admission,,
Can I come in casual dress every day?,"Yes, modest casual dress is allowed, with no formal uniform policy.",admission,,
Is there any game zone or entertainment area inside the campus?,BIIT has recreational areas but no dedicated game zone; focus is on academics.,admission,,
Do you celebrate Valentine’s Day on campus?,"Valentine’s Day is not officially celebrated, but student-led events may occur.",admission,,
Can I decorate my classroom?,"Classroom decoration is limited, subject to faculty approval for academic purposes.",admission,,
Do we get birthday leaves?,BIIT does not offer birthday leaves; attendance policies apply.,admission,,
Can I take naps in the library?,Napping in the library is discouraged to maintain a studious environment.,admission,,
Do you have a cinema room on campus?,BIIT does not have a cinema room; facilities focus on academic and tech resources.,admission,,
Is there a lift in every building?,"Major BIIT buildings have lifts for accessibility, though smaller ones may not.",admission,,
Can I park my personal car/bike inside?,"Limited parking is available for students’ vehicles, subject to campus rules.",admission,,
Are boys and girls allowed to sit together?,"Yes, BIIT is co-educational, and mixed seating is allowed in classes.",admission,,
Can I bring outside food into the class?,Outside food in classrooms is generally discouraged to maintain cleanliness.,admission,,
Do students go on international trips?,"BIIT does not organize international trips, focusing on local industry exposure.",admission,,
Can I choose my own seat in every class?,Seat selection is flexible unless specified by faculty for class management.,admission,,
Is there a specific dress code for selfies or pictures?,"No specific dress code for selfies, but modesty is encouraged.",admission,,
Do I have to attend all the events and functions?,Event attendance is optional but encouraged for holistic development.,admission,,
Are there celebrity guests at convocation?,"Convocation typically features academic dignitaries, not celebrities.",admission,,
Do seniors rag new students here?,"Ragging is strictly prohibited, with enforcement by the disciplinary committee.",admission,,
Can I install gaming software in lab PCs?,Gaming software on lab PCs is restricted to maintain academic focus.,admission,,
Are we allowed to make YouTube vlogs on campus?,"Vlogging is allowed with permission, ensuring no disruption to campus activities.",admission,,
Can I bunk classes with friends?,Bunking classes is discouraged; <attendancepercent> attendance is mandatory.,admission,,
Is there a rooftop access for students?,"Rooftop access is restricted for safety, limited to authorized events.",admission,,
Can I come just for the exams and not for classes?,Attendance at <attendancepercent> is mandatory; skipping classes is not allowed.,admission,,
Are there any haunted stories about the campus?,No documented haunted stories exist about BIIT’s campus.,admission,,
Is there a pool or spa on campus?,BIIT does not have a pool or spa; facilities are academic-focused.,admission,,
Can we play music loudly during free time?,Loud music is restricted to maintain a conducive campus environment.,admission,,
Is there a smoking zone in the campus?,"Smoking is prohibited on campus, with no designated smoking zones.",admission,,
Can I choose my roommate in the hostel?,"Roommate selection is possible, subject to hostel availability and rules.",admission,,
Do you allow late-night parties in hostels?,Late-night parties are not allowed in hostels to ensure discipline.,admission,,
Can I get a single room in the hostel?,"Single rooms may be available, subject to availability and extra charges.",admission,,
Is there a dress code for gym or sports?,Modest sportswear is required for gym and sports activities.,admission,,
Can we wear headphones during lectures?,Headphones during lectures are restricted to maintain engagement.,admission,,
Are there any fun or prank days like ‘backward day’?,"BIIT does not officially organize prank days, but student clubs may host fun events.",admission,,
Do you have secret societies or clubs?,No secret societies; BIIT has open student clubs for tech and culture.,admission,,
Can I record lectures and upload them?,"Lecture recording is allowed with faculty permission, but uploading is restricted.",admission,,
Are drones allowed for videography inside campus?,Drones are not allowed without administrative approval for safety.,admission,,
Are there chill spots where students hang out?,BIIT has recreational areas like cafeterias for students to relax.,admission,,
Can I paint murals or graffiti on campus walls?,Murals or graffiti require administrative approval for designated areas.,admission,,
Is there a fashion show or modeling event every year?,"BIIT focuses on tech and cultural events, with no annual fashion shows.",admission,,
"Does the institute provide free/discounted software licenses (e.g., MATLAB, AutoCAD)?","BIIT provides access to IT-related software in labs, with some discounted licenses.",admission,,
"Is there a student portal for attendance, grades, and notices?","BIIT offers a student portal for tracking attendance, grades, and notices.",admission,,
Are classes recorded and shared for revision?,"Some classes may be recorded for revision, depending on faculty discretion.",admission,,
Does the college offer online/hybrid learning options?,"BIIT primarily offers on-campus learning, with limited hybrid options.",admission,,
"Are there student-run clubs (debate, coding, entrepreneurship, arts)?","BIIT has student-run coding and tech clubs, with limited debate or arts clubs.",admission,,
Does the institute sponsor participation in national/international events?,BIIT sponsors select students for national tech events like hackathons.,admission,,
"Are there leadership programs (like student council, NCC, NSS)?","BIIT has a student council and tech-focused leadership programs, no NCC/NSS.",admission,,
"How often are cultural fests, tech fests, and sports meets organized?",BIIT organizes annual tech fests and cultural events like Pakistan Day; sports meets are less frequent.,admission,,
Are there student exchange programs with foreign universities?,BIIT has no formal student exchange programs with foreign universities.,admission,,
Does the institute help with TOEFL/IELTS/GRE/GMAT coaching?,BIIT does not offer specific TOEFL/IELTS coaching but may guide students.,admission,,
"Are there foreign language courses (French, German, Spanish)?",BIIT focuses on IT; no foreign language courses are offered.,admission,,
What percentage of students go for higher studies abroad?,"A small percentage pursue higher studies abroad, but exact figures are unavailable.",admission,,
Can a student switch branches/courses after admission?,"Branch switching is limited, subject to academic performance and approval.",admission,,
What is the attendance requirement (75% / 80% / relaxed)?,BIIT requires <attendancepercent> attendance per semester.,admission,,
How strict is the disciplinary committee regarding minor violations?,The disciplinary committee enforces rules firmly but fairly for minor violations.,admission,,
Are there make-up exams for students who fail?,"BIIT offers make-up exams for failed courses, per academic regulations.",admission,,
What is the policy for backlogs and re-examinations?,"Students can retake failed courses to clear backlogs, with CGPA requirements.",admission,,
Is there a parent-teacher association (PTA) or WhatsApp group for updates?,"BIIT facilitates parent-teacher communication via meetings, no formal PTA.",admission,,
How can parents monitor attendance and academic performance online?,Parents can access attendance and grades via BIIT’s student portal.,admission,,
"Are there parental controls on hostel expenses (e.g., pocket money limits)?",Hostel expenses are managed by students; no formal parental controls exist.,admission,,
What is the institute’s policy if a student faces academic or personal issues?,BIIT offers counseling and academic support for students facing issues.,admission,,
Is there an online admission application system?,"Yes, BIIT offers an online admission application system through the Google Form link: https://docs.google.com/forms/d/e/1FAIpQLSc4IMrji12i1HFpMl5QatemsdKwQufb97kb_mM-rfLbkpvpUQ/viewform?fbzx=3855377431772124581.",admission,,
When will the merit list be displayed?,"The merit list display date is not specified on the BIIT website, but typically, it is announced within 2-4 weeks after the application deadline. Check biit.edu.pk for updates.",admission,,
Can I submit documents later if I don’t have them now?,"Yes, BIIT allows document submission within 15 days after classes start, provided the online application is completed.",admission,,
How do I confirm my admission after selection?,"After selection, BIIT contacts you via message or call. You must submit a fee payment form by the specified deadline to confirm admission, as per the institute’s process.",admission,,
Can I come in casual dress every day?,"Yes modest casual dress is allowed, with no formal uniform policy.",admission,,
Are boys and girls allowed to sit together?,Yes BIIT is co-educational and mixed seating is allowed in classes.,admission,,
Can I switch from morning to evening shift later?,Yes you can change shifts between morning and evening batches. Contact the admissions office for assistance.,admission,,
Is it possible to change shifts after joining?,Shift changes are permitted based on availability. Reach out to the admissions department.,admission,,
What's the policy on switching batches mid-semester?,You may request a shift transfer by contacting datacell or admin. Approval depends on seat availability.,admission,,
I started in morning shift but need evenings now. Can I switch?,Yes batch transfers between morning/evening are possible through the admissions office.,admission,,
How do I change from evening to morning shift?,Submit a shift change request to admissions. They'll guide you through the process.,admission,,
Are shift transfers allowed after classes begin?,Yes contact admissions for shift adjustment procedures and eligibility.,admission,,
Can I swap to evening batch if mornings don't work for me?,Batch changes are permitted. Visit admin to discuss timing adjustments.,admission,,
What if I need to change shifts due to work schedule?,The college accommodates shift transfers. Admissions handles these requests.,admission,,
Can I transfer to morning shift mid-course?,Yes submit a formal request through the admissions department.,admission,,
How flexible are shift timings after enrollment?,Reasonable flexibility exists. Admissions coordinates timing changes.,admission,,
What's required to switch from evening to morning?,Approval from admissions based on batch availability and valid reasons.,admission,,
Are shift changes automatic or need approval?,All transfers require formal approval through admissions.,admission,,
Can I temporarily switch shifts for one month?,Short-term adjustments require special permission from admissions.,admission,,
Who handles shift change requests?,The admissions office manages all batch transfer inquiries.,admission,,
Is medical documentation needed for shift changes?,For medical requests submit documentation to admissions for priority.,admission,,
Can international students change shifts?,All students follow the same shift change policy through administrator office.,admission,,
What if my new shift conflicts with courses?,Admissions verifies schedule compatibility before approving transfers.,admission,,
How long do shift changes take to process?,Typically 3-5 working days after submitting to request.,admission,,
Can I attend both shifts during transition?,Dual attendance isn't permitted. Admissions coordinates clean transfers.,admission,,
Is parental consent needed for shift changes?,For minors yes. Contact admin office for specific requirements.,admission,,
Do shift changes affect academic progress?,Admissions ensures transfers don't disrupt your coursework.,admission,,
Are evening shifts more expensive than morning?,Fees are identical. Admissions can confirm no cost differences.,admission,,
Can I switch multiple times?,Multiple changes may require higher approval. Consult admissions.,admission,,
What if target shift is full?,Admissions maintains waitlists and notifies when seats open.,admission,,
Is online shift change possible?,Yes many requests are handled online via admissions portal.,admission,,
Will I get new teachers after shift change?,Faculty assignments may change. Admissions coordinates with departments.,admission,,
Can I tour evening classes before switching?,Contact admissions to arrange observational visits.,admission,,
Does shift change reset my attendance record?,No your academic records transfer seamlessly.,admission,,
What if I regret shifting batches?,Reverse transfers follow same rules through admissions.,admission,,
Are shift preferences considered during admission?,Initial preferences are noted but changes later are still possible.,admission,,
How does shift change affect exams?,Admissions coordinates with exam cell for seamless transitions.,admission,,
Can working professionals get evening priority?,Yes mention employment details in your request to admissions.,admission,,
Do I need new books after shift change?,No study materials remain the same.,admission,,
Is there counseling before shift decisions?,Admissions provides counseling for timing-related concerns.,admission,,
Can I split time between shifts?,No students must commit to one consistent shift schedule.,admission,,
What's the success rate of shift requests?,Most valid requests are approved unless batches are full.,admission,,
Are shift changes in writing?,Yes admissions provides formal transfer confirmation.,admission,,
Can I switch before semester starts?,Yes early requests are encouraged through admissions.,admission,,
Does alumni recommend morning or evening?,Current students in both shifts report satisfaction. Admissions can connect you.,admission,,
How does daylight saving affect shifts?,Timings adjust automatically. Contact admissions if concerns arise.,admission,,
Can I audit classes in both shifts?,Only your registered shift allows attendance. Admissions can explain.,admission,,
Is shift changing an official process?,Yes it's a formal procedure documented by admin.,admission,,
What if I miss deadline but need change?,Admissions considers late requests case-by-case.,admission,,
Can transfer students change shifts?,Yess same policies apply. Contact admissions after enrollment.,admission,,
Are shift quotas ever lifted?,During low-demand periods,admission,,
Can I email my shift request?,Yes admissions may relax restrictions.,admission,,
Do professors support shift changes?,Faculty defer to admissions on transfer decisions.,admission,,
Is there a shift change committee?,Admissions handles all aspects internally.,admission,,
Can I switch just for specific subjects?,No shifts encompass your full schedule.,admission,,
What if new shift causes transportation issues?,Admissions may reconsider based on genuine hardship cases.,admission,,
Are shift policies different by department?,Core rules are consistent. Admissions coordinates with departments.,admission,,
Can I revert to original shift later?,Yes subject to standard procedures through admissions.,admission,,
Is shift changing stressful?,Admissions streamlines the process to minimize stress.,admission,,
Do employers verify shift timings?,Official documents reflect your current shift through admissions.,admission,,
Can I switch shifts during holidays?,Yes inter-semester breaks are ideal times through admissions.,admission,,
What if I can't attend new shift orientation?,Admissions arranges alternative orientation sessions.,admission,,
Are shift changes noted on transcripts?,No only academic records appear.,admission,,
Can parents request shift changes?,Students must initiate requests. Parents can consult admissions.,admission,,
Is shift discrimination prohibited?,Absolutely. Admissions ensures equitable treatment.,admission,,
How does shift change affect scholarships?,Most scholarships are shift-neutral. Confirm with admissions.,admission,,
Can I switch then switch back later?,Multiple changes are possible but discouraged without cause.,admission,,
Do both shifts have same facilities?,Yes resources are identical across timings.,admission,,
What if I'm unhappy after shifting?,Admissions has a two-week reversal grace period.,admission,,
Is shift popularity seasonal?,Demand fluctuates. Admissions tracks real-time availability.,admission,,
Can I request specific classmates when shifting?,Admissions prioritizes academic factors over social requests.,admission,,
Are shift transfers prorated for fees?,No fee adjustments unless withdrawing entirely.,admission,,
Can I switch shifts after failing semester?,Academic standing may affect eligibility. Consult admissions.,admission,,
Is there shift change orientation?,Admissions provides brief transition guidelines.,admission,,
Do international students need visas updated for shift changes?,Typically not but confirm with admissions and international office.,admission,,
What if new shift conflicts with part-time job?,Admissions expects students to prioritize academic commitments.,admission,,
Are shift change records confidential?,Yes admissions maintains strict privacy.,admission,,
Can I switch then defer semester?,Deferrals follow different procedures through admissions.,admission,,
Is shift changing common here?,It's routine. Admissions handles several requests weekly.,admission,,
Do student leaders get shift change priority?,No all requests are handled equitably.,admission,,
Can I propose new shift timings?,Fixed schedules can't be customized individually.,admission,,
What if I get sick after switching?,Medical leaves follow standard policies regardless of shift.,admission,,
Are shift transfers instant?,No administrative processing takes 3-5 days through admissions.,admission,,
Can I conditionally try a new shift?,No commitments are binding after admissions approval.,admission,,
Do both shifts have equal placement opportunities?,Yes career services serve all students equally.,admission,,
